date,meal_type,dish_name,students_registered,headcount,food_prepared_kg,leftover_kg,plate_waste_kg,ran_out,served_kg,plate_waste_imputed,dish_id,food_type,cost_per_kg,day_of_week,academic_event,weather,total_waste_kg,waste_pct,attendance_pct,waste_cost_inr,is_weekend,month
2025-07-21,breakfast,Poha,1200,776,254.6,28.2,15.2,False,226.4,False,D01,veg,48,Monday,regular,clear,43.4,17.05,64.67,2083.0,False,2025-07
2025-07-21,lunch,Rajma Chawal,1200,963,453.0,24.2,34.2,False,428.8,False,D09,veg,70,Monday,regular,clear,58.400000000000006,12.89,80.25,4088.0,False,2025-07
2025-07-21,dinner,Chole Bhature,1200,1048,500.8,39.6,15.8,False,461.2,False,D10,veg,78,Monday,regular,clear,55.400000000000006,11.06,87.33,4321.0,False,2025-07
2025-07-22,breakfast,Upma,1200,656,271.1,80.0,33.6,False,191.10000000000002,False,D02,veg,45,Tuesday,regular,rain,113.6,41.9,54.67,5112.0,False,2025-07
2025-07-22,lunch,Paneer Butter Masala,1200,1089,492.8,0.3,20.8,True,492.5,False,D11,veg,160,Tuesday,regular,rain,21.1,4.28,90.75,3376.0,False,2025-07
2025-07-22,dinner,Dal Makhani,1200,1115,526.8,3.1,33.4,True,523.6999999999999,False,D12,veg,85,Tuesday,regular,rain,36.5,6.93,92.92,3102.0,False,2025-07
2025-07-23,breakfast,Aloo Paratha,1200,795,281.9,54.5,12.2,False,227.39999999999998,False,D03,veg,62,Wednesday,regular,clear,66.7,23.66,66.25,4135.0,False,2025-07
2025-07-23,lunch,Lauki Chana Dal,1200,775,479.0,127.1,69.4,False,351.9,False,D13,veg,55,Wednesday,regular,clear,196.5,41.02,64.58,10808.0,False,2025-07
2025-07-23,dinner,Mixed Veg,1200,973,492.2,99.7,53.3,False,392.5,False,D14,veg,65,Wednesday,regular,clear,153.0,31.08,81.08,9945.0,False,2025-07
2025-07-24,breakfast,Idli Sambar,1200,739,259.6,24.3,15.8,False,235.3,False,D04,veg,55,Thursday,regular,clear,40.1,15.45,61.58,2206.0,False,2025-07
2025-07-24,lunch,Kadhi Pakoda,1200,948,486.6,41.3,52.8,False,445.3,False,D15,veg,60,Thursday,regular,clear,94.1,19.34,79.0,5646.0,False,2025-07
2025-07-24,dinner,Soya Chunk Curry,1200,953,478.2,33.9,69.3,False,444.3,False,D16,veg,72,Thursday,regular,clear,103.19999999999999,21.58,79.42,7430.0,False,2025-07
2025-07-25,breakfast,Masala Dosa,1200,857,259.3,0.1,10.7,True,259.2,False,D05,veg,70,Friday,regular,rain,10.799999999999999,4.17,71.42,756.0,False,2025-07
2025-07-25,lunch,Veg Biryani,1200,1090,482.7,7.7,26.0,False,475.0,False,D17,veg,90,Friday,regular,rain,33.7,6.98,90.83,3033.0,False,2025-07
2025-07-25,dinner,Chicken Curry,1200,1041,519.8,47.7,13.0,False,472.09999999999997,False,D18,non-veg,180,Friday,regular,rain,60.7,11.68,86.75,10926.0,False,2025-07
2025-07-26,breakfast,Bread Omelette,1200,485,279.1,132.6,9.9,False,146.50000000000003,False,D06,egg,75,Saturday,regular,clear,142.5,51.06,40.42,10688.0,True,2025-07
2025-07-26,lunch,Egg Curry,1200,985,476.0,36.2,30.4,False,439.8,False,D19,egg,95,Saturday,regular,clear,66.6,13.99,82.08,6327.0,True,2025-07
2025-07-26,dinner,Aloo Gobi,1200,840,483.5,117.1,37.2,False,366.4,False,D20,veg,58,Saturday,regular,clear,154.3,31.91,70.0,8949.0,True,2025-07
2025-07-27,breakfast,Puri Bhaji,1200,414,276.7,153.0,6.2,False,123.69999999999999,False,D07,veg,58,Sunday,regular,clear,159.2,57.54,34.5,9234.0,True,2025-07
2025-07-27,lunch,Bhindi Masala,1200,804,497.0,136.9,23.6,False,360.1,False,D21,veg,68,Sunday,regular,clear,160.5,32.29,67.0,10914.0,True,2025-07
2025-07-27,dinner,Tinda Masala,1200,593,499.8,230.2,42.7,False,269.6,False,D22,veg,52,Sunday,regular,clear,272.9,54.6,49.42,14191.0,True,2025-07
2025-07-28,breakfast,Vermicelli Upma,1200,716,273.3,54.0,38.8,False,219.3,False,D08,veg,46,Monday,regular,clear,92.8,33.96,59.67,4269.0,False,2025-07
2025-07-28,lunch,Chole Bhature,1200,1021,490.0,27.7,20.0,False,462.3,False,D10,veg,78,Monday,regular,clear,47.7,9.73,85.08,3721.0,False,2025-07
2025-07-28,dinner,Paneer Butter Masala,1200,1102,476.4,23.0,11.9,False,453.4,False,D11,veg,160,Monday,regular,clear,34.9,7.33,91.83,5584.0,False,2025-07
2025-07-29,breakfast,Poha,1200,718,283.2,74.6,14.6,False,208.6,False,D01,veg,48,Tuesday,regular,rain,89.19999999999999,31.5,59.83,4282.0,False,2025-07
2025-07-29,lunch,Dal Makhani,1200,1020,489.8,40.8,21.5,False,449.0,False,D12,veg,85,Tuesday,regular,rain,62.3,12.72,85.0,5296.0,False,2025-07
2025-07-29,dinner,Lauki Chana Dal,1200,981,468.5,31.2,79.9,False,437.3,False,D13,veg,55,Tuesday,regular,rain,111.10000000000001,23.71,81.75,6111.0,False,2025-07
2025-07-30,breakfast,Upma,1200,634,270.6,77.8,36.7,False,192.8,False,D02,veg,45,Wednesday,regular,rain,114.5,42.31,52.83,5152.0,False,2025-07
2025-07-30,lunch,Mixed Veg,1200,1013,473.5,2.2,65.1,True,471.3,False,D14,veg,65,Wednesday,regular,rain,67.3,14.21,84.42,4374.0,False,2025-07
2025-07-30,dinner,Kadhi Pakoda,1200,1060,496.8,0.3,57.7,True,496.5,False,D15,veg,60,Wednesday,regular,rain,58.0,11.67,88.33,3480.0,False,2025-07
2025-07-31,breakfast,Aloo Paratha,1200,785,265.4,30.1,8.2,False,235.29999999999998,False,D03,veg,62,Thursday,regular,rain,38.3,14.43,65.42,2375.0,False,2025-07
2025-07-31,lunch,Soya Chunk Curry,1200,928,494.1,46.1,75.7,False,448.0,False,D16,veg,72,Thursday,regular,rain,121.80000000000001,24.65,77.33,8770.0,False,2025-07
2025-07-31,dinner,Veg Biryani,1200,1172,504.9,0.7,29.3,True,504.2,False,D17,veg,90,Thursday,regular,rain,30.0,5.94,97.67,2700.0,False,2025-07
2025-08-01,breakfast,Idli Sambar,1200,706,283.9,70.4,16.3,False,213.49999999999997,False,D04,veg,55,Friday,regular,clear,86.7,30.54,58.83,4768.0,False,2025-08
2025-08-01,lunch,Chicken Curry,1200,1046,466.0,1.3,16.3,True,464.7,False,D18,non-veg,180,Friday,regular,clear,17.6,3.78,87.17,3168.0,False,2025-08
2025-08-01,dinner,Egg Curry,1200,954,509.6,89.3,24.2,False,420.3,False,D19,egg,95,Friday,regular,clear,113.5,22.27,79.5,10782.0,False,2025-08
2025-08-02,breakfast,Masala Dosa,1200,433,266.3,134.7,3.7,False,131.60000000000002,False,D05,veg,70,Saturday,regular,clear,138.39999999999998,51.97,36.08,9688.0,True,2025-08
2025-08-02,lunch,Aloo Gobi,1200,926,474.0,83.5,34.7,False,390.5,False,D20,veg,58,Saturday,regular,clear,118.2,24.94,77.17,6856.0,True,2025-08
2025-08-02,dinner,Bhindi Masala,1200,882,509.1,126.4,26.4,False,382.70000000000005,False,D21,veg,68,Saturday,regular,clear,152.8,30.01,73.5,10390.0,True,2025-08
2025-08-03,breakfast,Bread Omelette,1200,353,273.2,161.7,8.3,False,111.5,False,D06,egg,75,Sunday,regular,clear,170.0,62.23,29.42,12750.0,True,2025-08
2025-08-03,lunch,Tinda Masala,1200,786,455.8,96.9,79.4,False,358.9,False,D22,veg,52,Sunday,regular,clear,176.3,38.68,65.5,9168.0,True,2025-08
2025-08-03,dinner,Rajma Chawal,1200,776,483.4,158.3,19.0,False,325.09999999999997,False,D09,veg,70,Sunday,regular,clear,177.3,36.68,64.67,12411.0,True,2025-08
2025-08-04,breakfast,Puri Bhaji,1200,795,277.9,50.4,12.1,False,227.49999999999997,False,D07,veg,58,Monday,regular,rain,62.5,22.49,66.25,3625.0,False,2025-08
2025-08-04,lunch,Paneer Butter Masala,1200,1118,463.4,2.5,16.1,True,460.9,False,D11,veg,160,Monday,regular,rain,18.6,4.01,93.17,2976.0,False,2025-08
2025-08-04,dinner,Dal Makhani,1200,1109,493.3,1.3,32.0,True,492.0,False,D12,veg,85,Monday,regular,rain,33.3,6.75,92.42,2830.0,False,2025-08
2025-08-05,breakfast,Vermicelli Upma,1200,676,264.8,60.3,27.2,False,204.5,False,D08,veg,46,Tuesday,regular,rain,87.5,33.04,56.33,4025.0,False,2025-08
2025-08-05,lunch,Lauki Chana Dal,1200,963,443.6,6.3,84.1,False,437.3,False,D13,veg,55,Tuesday,regular,rain,90.39999999999999,20.38,80.25,4972.0,False,2025-08
2025-08-05,dinner,Mixed Veg,1200,1027,483.3,43.3,71.1,False,440.0,False,D14,veg,65,Tuesday,regular,rain,114.39999999999999,23.67,85.58,7436.0,False,2025-08
2025-08-06,breakfast,Poha,1200,718,261.7,61.4,14.8,False,200.29999999999998,False,D01,veg,48,Wednesday,regular,clear,76.2,29.12,59.83,3658.0,False,2025-08
2025-08-06,lunch,Kadhi Pakoda,1200,958,469.9,32.5,39.9,False,437.4,False,D15,veg,60,Wednesday,regular,clear,72.4,15.41,79.83,4344.0,False,2025-08
2025-08-06,dinner,Soya Chunk Curry,1200,948,480.3,45.0,54.8,False,435.3,False,D16,veg,72,Wednesday,regular,clear,99.8,20.78,79.0,7186.0,False,2025-08
2025-08-07,breakfast,Upma,1200,710,284.0,77.1,37.6,False,206.9,False,D02,veg,45,Thursday,regular,rain,114.69999999999999,40.39,59.17,5161.0,False,2025-08
2025-08-07,lunch,Veg Biryani,1200,1112,472.3,2.7,19.9,True,469.6,False,D17,veg,90,Thursday,regular,rain,22.599999999999998,4.79,92.67,2034.0,False,2025-08
2025-08-07,dinner,Chicken Curry,1200,1138,466.9,0.6,13.4,True,466.29999999999995,False,D18,non-veg,180,Thursday,regular,rain,14.0,3.0,94.83,2520.0,False,2025-08
2025-08-08,breakfast,Aloo Paratha,1200,807,260.0,14.2,16.2,False,245.8,False,D03,veg,62,Friday,regular,clear,30.4,11.69,67.25,1885.0,False,2025-08
2025-08-08,lunch,Egg Curry,1200,947,453.4,17.1,24.7,False,436.29999999999995,False,D19,egg,95,Friday,regular,clear,41.8,9.22,78.92,3971.0,False,2025-08
2025-08-08,dinner,Aloo Gobi,1200,987,504.5,80.6,33.2,False,423.9,False,D20,veg,58,Friday,regular,clear,113.8,22.56,82.25,6600.0,False,2025-08
2025-08-09,breakfast,Idli Sambar,1200,464,272.0,144.0,8.6,False,128.0,False,D04,veg,55,Saturday,regular,clear,152.6,56.1,38.67,8393.0,True,2025-08
2025-08-09,lunch,Bhindi Masala,1200,942,470.7,43.8,38.6,False,426.9,False,D21,veg,68,Saturday,regular,clear,82.4,17.51,78.5,5603.0,True,2025-08
2025-08-09,dinner,Tinda Masala,1200,783,500.9,141.6,92.9,False,359.29999999999995,False,D22,veg,52,Saturday,regular,clear,234.5,46.82,65.25,12194.0,True,2025-08
2025-08-10,breakfast,Masala Dosa,1200,390,282.4,163.5,5.6,False,118.89999999999998,False,D05,veg,70,Sunday,regular,clear,169.1,59.88,32.5,11837.0,True,2025-08
2025-08-10,lunch,Rajma Chawal,1200,868,472.1,89.3,22.2,False,382.8,False,D09,veg,70,Sunday,regular,clear,111.5,23.62,72.33,7805.0,True,2025-08
2025-08-10,dinner,Chole Bhature,1200,819,482.1,128.2,16.5,False,353.90000000000003,False,D10,veg,78,Sunday,regular,clear,144.7,30.01,68.25,11287.0,True,2025-08
2025-08-11,breakfast,Bread Omelette,1200,774,264.2,24.1,15.7,False,240.1,False,D06,egg,75,Monday,regular,rain,39.8,15.06,64.5,2985.0,False,2025-08
2025-08-11,lunch,Dal Makhani,1200,1010,463.4,0.0,26.9,True,463.4,False,D12,veg,85,Monday,regular,rain,26.9,5.8,84.17,2286.0,False,2025-08
2025-08-11,dinner,Lauki Chana Dal,1200,954,480.5,57.4,99.0,False,423.1,False,D13,veg,55,Monday,regular,rain,156.4,32.55,79.5,8602.0,False,2025-08
2025-08-12,breakfast,Puri Bhaji,1200,720,274.5,47.4,9.5,False,227.1,False,D07,veg,58,Tuesday,regular,clear,56.9,20.73,60.0,3300.0,False,2025-08
2025-08-12,lunch,Mixed Veg,1200,896,475.5,64.0,54.8,False,411.5,False,D14,veg,65,Tuesday,regular,clear,118.8,24.98,74.67,7722.0,False,2025-08
2025-08-12,dinner,Kadhi Pakoda,1200,1023,510.6,94.0,35.5,False,416.6,False,D15,veg,60,Tuesday,regular,clear,129.5,25.36,85.25,7770.0,False,2025-08
2025-08-13,breakfast,Vermicelli Upma,1200,674,276.4,60.4,31.9,False,215.99999999999997,False,D08,veg,46,Wednesday,regular,clear,92.3,33.39,56.17,4246.0,False,2025-08
2025-08-13,lunch,Soya Chunk Curry,1200,863,503.8,85.9,57.9,False,417.9,False,D16,veg,72,Wednesday,regular,clear,143.8,28.54,71.92,10354.0,False,2025-08
2025-08-13,dinner,Veg Biryani,1200,1126,505.2,1.5,27.7,True,503.7,False,D17,veg,90,Wednesday,regular,clear,29.2,5.78,93.83,2628.0,False,2025-08
2025-08-14,breakfast,Poha,1200,738,261.7,48.6,21.8,False,213.1,False,D01,veg,48,Thursday,regular,clear,70.4,26.9,61.5,3379.0,False,2025-08
2025-08-14,lunch,Chicken Curry,1200,1110,481.1,2.2,15.3,True,478.90000000000003,False,D18,non-veg,180,Thursday,regular,clear,17.5,3.64,92.5,3150.0,False,2025-08
2025-08-14,dinner,Egg Curry,1200,1052,495.9,6.1,29.6,False,489.79999999999995,False,D19,egg,95,Thursday,regular,clear,35.7,7.2,87.67,3392.0,False,2025-08
2025-08-15,breakfast,Upma,1200,360,262.0,158.2,20.0,False,103.80000000000001,False,D02,veg,45,Friday,long_weekend,rain,178.2,68.02,30.0,8019.0,False,2025-08
2025-08-15,lunch,Aloo Gobi,1200,477,492.9,269.3,17.6,False,223.59999999999997,False,D20,veg,58,Friday,long_weekend,rain,286.90000000000003,58.21,39.75,16640.0,False,2025-08
2025-08-15,dinner,Bhindi Masala,1200,515,512.1,268.7,15.9,False,243.40000000000003,False,D21,veg,68,Friday,long_weekend,rain,284.59999999999997,55.58,42.92,19353.0,False,2025-08
2025-08-16,breakfast,Aloo Paratha,1200,257,274.2,199.9,3.4,False,74.29999999999998,False,D03,veg,62,Saturday,long_weekend,clear,203.3,74.14,21.42,12605.0,True,2025-08
2025-08-16,lunch,Tinda Masala,1200,469,461.9,249.5,62.2,False,212.39999999999998,False,D22,veg,52,Saturday,long_weekend,clear,311.7,67.48,39.08,16208.0,True,2025-08
2025-08-16,dinner,Rajma Chawal,1200,464,496.2,287.4,14.8,False,208.8,False,D09,veg,70,Saturday,long_weekend,clear,302.2,60.9,38.67,21154.0,True,2025-08
2025-08-17,breakfast,Idli Sambar,1200,90,264.9,239.3,2.2,False,25.599999999999966,False,D04,veg,55,Sunday,long_weekend,rain,241.5,91.17,7.5,13282.0,True,2025-08
2025-08-17,lunch,Chole Bhature,1200,636,503.4,217.0,11.7,False,286.4,False,D10,veg,78,Sunday,long_weekend,rain,228.7,45.43,53.0,17839.0,True,2025-08
2025-08-17,dinner,Paneer Butter Masala,1200,491,510.1,296.2,8.0,False,213.90000000000003,False,D11,veg,160,Sunday,long_weekend,rain,304.2,59.64,40.92,48672.0,True,2025-08
2025-08-18,breakfast,Masala Dosa,1200,826,274.9,27.8,8.8,False,247.09999999999997,False,D05,veg,70,Monday,regular,rain,36.6,13.31,68.83,2562.0,False,2025-08
2025-08-18,lunch,Lauki Chana Dal,1200,934,479.4,61.5,94.3,False,417.9,False,D13,veg,55,Monday,regular,rain,155.8,32.5,77.83,8569.0,False,2025-08
2025-08-18,dinner,Mixed Veg,1200,997,499.9,54.1,64.5,False,445.79999999999995,False,D14,veg,65,Monday,regular,rain,118.6,23.72,83.08,7709.0,False,2025-08
2025-08-19,breakfast,Bread Omelette,1200,756,270.4,43.9,13.5,False,226.49999999999997,False,D06,egg,75,Tuesday,regular,clear,57.4,21.23,63.0,4305.0,False,2025-08
2025-08-19,lunch,Kadhi Pakoda,1200,905,462.5,75.0,46.1,False,387.5,False,D15,veg,60,Tuesday,regular,clear,121.1,26.18,75.42,7266.0,False,2025-08
2025-08-19,dinner,Soya Chunk Curry,1200,964,487.4,68.9,67.5,False,418.5,False,D16,veg,72,Tuesday,regular,clear,136.4,27.99,80.33,9821.0,False,2025-08
2025-08-20,breakfast,Puri Bhaji,1200,769,276.1,56.4,11.8,False,219.70000000000002,False,D07,veg,58,Wednesday,regular,clear,68.2,24.7,64.08,3956.0,False,2025-08
2025-08-20,lunch,Veg Biryani,1200,1032,507.8,55.4,18.3,False,452.40000000000003,False,D17,veg,90,Wednesday,regular,clear,73.7,14.51,86.0,6633.0,False,2025-08
2025-08-20,dinner,Chicken Curry,1200,1120,504.0,1.2,17.4,True,502.8,False,D18,non-veg,180,Wednesday,regular,clear,18.599999999999998,3.69,93.33,3348.0,False,2025-08
2025-08-21,breakfast,Vermicelli Upma,1200,718,283.3,67.1,35.6,False,216.20000000000002,False,D08,veg,46,Thursday,regular,clear,102.69999999999999,36.25,59.83,4724.0,False,2025-08
2025-08-21,lunch,Egg Curry,1200,921,484.2,73.0,25.0,False,411.2,False,D19,egg,95,Thursday,regular,clear,98.0,20.24,76.75,9310.0,False,2025-08
2025-08-21,dinner,Aloo Gobi,1200,992,509.7,66.6,41.3,False,443.1,False,D20,veg,58,Thursday,regular,clear,107.89999999999999,21.17,82.67,6258.0,False,2025-08
2025-08-22,breakfast,Poha,1200,757,269.3,40.2,10.3,False,229.10000000000002,False,D01,veg,48,Friday,regular,rain,50.5,18.75,63.08,2424.0,False,2025-08
2025-08-22,lunch,Bhindi Masala,1200,1027,485.1,16.9,33.6,False,468.20000000000005,False,D21,veg,68,Friday,regular,rain,50.5,10.41,85.58,3434.0,False,2025-08
2025-08-22,dinner,Tinda Masala,1200,951,494.1,83.4,78.4,False,410.70000000000005,False,D22,veg,52,Friday,regular,rain,161.8,32.75,79.25,8414.0,False,2025-08
2025-08-23,breakfast,Upma,1200,395,269.9,151.4,22.1,False,118.49999999999997,False,D02,veg,45,Saturday,regular,rain,173.5,64.28,32.92,7808.0,True,2025-08
2025-08-23,lunch,Rajma Chawal,1200,1073,472.3,2.8,30.2,True,469.5,False,D09,veg,70,Saturday,regular,rain,33.0,6.99,89.42,2310.0,True,2025-08
2025-08-23,dinner,Chole Bhature,1200,1007,501.3,36.1,14.7,False,465.2,False,D10,veg,78,Saturday,regular,rain,50.8,10.13,83.92,3962.0,True,2025-08
2025-08-24,breakfast,Aloo Paratha,1200,407,284.2,161.5,7.6,False,122.69999999999999,False,D03,veg,62,Sunday,regular,clear,169.1,59.5,33.92,10484.0,True,2025-08
2025-08-24,lunch,Paneer Butter Masala,1200,940,480.1,56.7,16.9,False,423.40000000000003,False,D11,veg,160,Sunday,regular,clear,73.6,15.33,78.33,11776.0,True,2025-08
2025-08-24,dinner,Dal Makhani,1200,721,500.8,177.6,18.4,False,323.20000000000005,False,D12,veg,85,Sunday,regular,clear,196.0,39.14,60.08,16660.0,True,2025-08
2025-08-25,breakfast,Idli Sambar,1200,792,268.1,20.1,14.8,False,248.00000000000003,False,D04,veg,55,Monday,regular,rain,34.900000000000006,13.02,66.0,1920.0,False,2025-08
2025-08-25,lunch,Mixed Veg,1200,943,487.1,69.2,57.0,False,417.90000000000003,False,D14,veg,65,Monday,regular,rain,126.2,25.91,78.58,8203.0,False,2025-08
2025-08-25,dinner,Kadhi Pakoda,1200,1075,463.3,0.1,46.3,True,463.2,False,D15,veg,60,Monday,regular,rain,46.4,10.02,89.58,2784.0,False,2025-08
2025-08-26,breakfast,Masala Dosa,1200,796,276.1,43.2,11.7,False,232.90000000000003,False,D05,veg,70,Tuesday,regular,rain,54.900000000000006,19.88,66.33,3843.0,False,2025-08
2025-08-26,lunch,Soya Chunk Curry,1200,987,464.5,10.3,80.6,False,454.2,False,D16,veg,72,Tuesday,regular,rain,90.89999999999999,19.57,82.25,6545.0,False,2025-08
2025-08-26,dinner,Veg Biryani,1200,1178,487.7,1.1,20.9,True,486.59999999999997,False,D17,veg,90,Tuesday,regular,rain,22.0,4.51,98.17,1980.0,False,2025-08
2025-08-27,breakfast,Bread Omelette,1200,801,284.2,57.4,14.5,False,226.79999999999998,False,D06,egg,75,Wednesday,regular,clear,71.9,25.3,66.75,5392.0,False,2025-08
2025-08-27,lunch,Chicken Curry,1200,1040,471.7,2.3,12.8,True,469.4,False,D18,non-veg,180,Wednesday,regular,clear,15.100000000000001,3.2,86.67,2718.0,False,2025-08
2025-08-27,dinner,Egg Curry,1200,1033,494.6,3.2,24.6,False,491.40000000000003,False,D19,egg,95,Wednesday,regular,clear,27.8,5.62,86.08,2641.0,False,2025-08
2025-08-28,breakfast,Puri Bhaji,1200,789,267.4,6.9,13.6,False,260.5,False,D07,veg,58,Thursday,regular,rain,20.5,7.67,65.75,1189.0,False,2025-08
2025-08-28,lunch,Aloo Gobi,1200,994,472.4,25.9,31.1,False,446.5,False,D20,veg,58,Thursday,regular,rain,57.0,12.07,82.83,3306.0,False,2025-08
2025-08-28,dinner,Bhindi Masala,1200,1105,507.5,10.5,35.9,False,497.0,False,D21,veg,68,Thursday,regular,rain,46.4,9.14,92.08,3155.0,False,2025-08
2025-08-29,breakfast,Vermicelli Upma,1200,756,282.3,48.9,38.3,False,233.4,True,D08,veg,46,Friday,regular,clear,87.19999999999999,30.89,63.0,4011.0,False,2025-08
2025-08-29,lunch,Tinda Masala,1200,841,458.8,71.3,111.6,False,387.5,False,D22,veg,52,Friday,regular,clear,182.89999999999998,39.86,70.08,9511.0,False,2025-08
2025-08-29,dinner,Rajma Chawal,1200,1002,496.9,46.4,25.7,False,450.5,False,D09,veg,70,Friday,regular,clear,72.1,14.51,83.5,5047.0,False,2025-08
2025-08-30,breakfast,Poha,1200,459,266.0,128.8,10.7,False,137.2,False,D01,veg,48,Saturday,regular,rain,139.5,52.44,38.25,6696.0,True,2025-08
2025-08-30,lunch,Chole Bhature,1200,1064,448.1,1.8,17.2,True,446.3,False,D10,veg,78,Saturday,regular,rain,19.0,4.24,88.67,1482.0,True,2025-08
2025-08-30,dinner,Paneer Butter Masala,1200,1006,496.6,20.7,18.8,False,475.90000000000003,False,D11,veg,160,Saturday,regular,rain,39.5,7.95,83.83,6320.0,True,2025-08
2025-08-31,breakfast,Upma,1200,342,267.7,173.4,18.7,False,94.29999999999998,False,D02,veg,45,Sunday,regular,clear,192.1,71.76,28.5,8644.0,True,2025-08
2025-08-31,lunch,Dal Makhani,1200,898,480.9,62.0,26.3,False,418.9,False,D12,veg,85,Sunday,regular,clear,88.3,18.36,74.83,7506.0,True,2025-08
2025-08-31,dinner,Lauki Chana Dal,1200,642,517.6,233.6,45.5,False,284.0,False,D13,veg,55,Sunday,regular,clear,279.1,53.92,53.5,15351.0,True,2025-08
2025-09-01,breakfast,Aloo Paratha,1200,761,264.1,51.3,14.7,False,212.8,False,D03,veg,62,Monday,regular,clear,66.0,24.99,63.42,4092.0,False,2025-09
2025-09-01,lunch,Kadhi Pakoda,1200,981,450.8,29.9,35.8,False,420.90000000000003,False,D15,veg,60,Monday,regular,clear,65.69999999999999,14.57,81.75,3942.0,False,2025-09
2025-09-01,dinner,Soya Chunk Curry,1200,947,501.2,73.3,55.0,False,427.9,False,D16,veg,72,Monday,regular,clear,128.3,25.6,78.92,9238.0,False,2025-09
2025-09-02,breakfast,Idli Sambar,1200,754,260.9,35.5,16.7,False,225.39999999999998,False,D04,veg,55,Tuesday,regular,rain,52.2,20.01,62.83,2871.0,False,2025-09
2025-09-02,lunch,Veg Biryani,1200,1138,474.5,1.5,30.6,True,473.0,False,D17,veg,90,Tuesday,regular,rain,32.1,6.77,94.83,2889.0,False,2025-09
2025-09-02,dinner,Chicken Curry,1200,1180,517.8,8.6,12.3,False,509.19999999999993,False,D18,non-veg,180,Tuesday,regular,rain,20.9,4.04,98.33,3762.0,False,2025-09
2025-09-03,breakfast,Masala Dosa,1200,785,266.7,38.7,10.0,False,228.0,False,D05,veg,70,Wednesday,regular,clear,48.7,18.26,65.42,3409.0,False,2025-09
2025-09-03,lunch,Egg Curry,1200,1028,475.6,23.4,16.4,False,452.20000000000005,False,D19,egg,95,Wednesday,regular,clear,39.8,8.37,85.67,3781.0,False,2025-09
2025-09-03,dinner,Aloo Gobi,1200,979,515.4,96.0,45.1,False,419.4,False,D20,veg,58,Wednesday,regular,clear,141.1,27.38,81.58,8184.0,False,2025-09
2025-09-04,breakfast,Bread Omelette,1200,777,276.7,50.1,12.5,False,226.6,False,D06,egg,75,Thursday,regular,clear,62.6,22.62,64.75,4695.0,False,2025-09
2025-09-04,lunch,Bhindi Masala,1200,905,479.5,110.1,26.1,False,369.4,False,D21,veg,68,Thursday,regular,clear,136.2,28.4,75.42,9262.0,False,2025-09
2025-09-04,dinner,Tinda Masala,1200,899,514.7,87.1,129.2,False,427.6,False,D22,veg,52,Thursday,regular,clear,216.29999999999998,42.02,74.92,11248.0,False,2025-09
2025-09-05,breakfast,Puri Bhaji,1200,773,257.4,29.7,8.7,False,227.7,False,D07,veg,58,Friday,regular,clear,38.4,14.92,64.42,2227.0,False,2025-09
2025-09-05,lunch,Rajma Chawal,1200,1001,467.8,13.2,30.5,False,454.6,False,D09,veg,70,Friday,regular,clear,43.7,9.34,83.42,3059.0,False,2025-09
2025-09-05,dinner,Chole Bhature,1200,1001,497.2,30.3,17.5,False,466.9,False,D10,veg,78,Friday,regular,clear,47.8,9.61,83.42,3728.0,False,2025-09
2025-09-06,breakfast,Vermicelli Upma,1200,403,277.5,154.6,26.0,False,122.9,False,D08,veg,46,Saturday,regular,rain,180.6,65.08,33.58,8308.0,True,2025-09
2025-09-06,lunch,Paneer Butter Masala,1200,1147,478.6,1.2,23.8,True,477.40000000000003,False,D11,veg,160,Saturday,regular,rain,25.0,5.22,95.58,4000.0,True,2025-09
2025-09-06,dinner,Dal Makhani,1200,986,465.8,62.2,24.5,False,403.6,False,D12,veg,85,Saturday,regular,rain,86.7,18.61,82.17,7370.0,True,2025-09
2025-09-07,breakfast,Poha,1200,352,278.9,165.2,8.5,False,113.69999999999999,False,D01,veg,48,Sunday,regular,clear,173.7,62.28,29.33,8338.0,True,2025-09
2025-09-07,lunch,Lauki Chana Dal,1200,775,455.6,96.4,59.6,False,359.20000000000005,False,D13,veg,55,Sunday,regular,clear,156.0,34.24,64.58,8580.0,True,2025-09
2025-09-07,dinner,Mixed Veg,1200,659,504.9,240.0,33.3,False,264.9,False,D14,veg,65,Sunday,regular,clear,273.3,54.13,54.92,17764.0,True,2025-09
2025-09-08,breakfast,Upma,1200,603,269.3,110.9,32.4,False,158.4,False,D02,veg,45,Monday,regular,rain,143.3,53.21,50.25,6449.0,False,2025-09
2025-09-08,lunch,Soya Chunk Curry,1200,927,475.3,28.3,55.7,False,447.0,False,D16,veg,72,Monday,regular,rain,84.0,17.67,77.25,6048.0,False,2025-09
2025-09-08,dinner,Veg Biryani,1200,1181,495.4,3.1,25.6,True,492.29999999999995,False,D17,veg,90,Monday,regular,rain,28.700000000000003,5.79,98.42,2583.0,False,2025-09
2025-09-09,breakfast,Aloo Paratha,1200,830,278.2,34.2,10.4,False,244.0,False,D03,veg,62,Tuesday,regular,rain,44.6,16.03,69.17,2765.0,False,2025-09
2025-09-09,lunch,Chicken Curry,1200,1147,484.9,1.3,20.5,True,483.59999999999997,False,D18,non-veg,180,Tuesday,regular,rain,21.8,4.5,95.58,3924.0,False,2025-09
2025-09-09,dinner,Egg Curry,1200,1088,487.9,2.1,39.4,True,485.79999999999995,False,D19,egg,95,Tuesday,regular,rain,41.5,8.51,90.67,3942.0,False,2025-09
2025-09-10,breakfast,Idli Sambar,1200,798,270.1,32.9,13.5,False,237.20000000000002,False,D04,veg,55,Wednesday,regular,rain,46.4,17.18,66.5,2552.0,False,2025-09
2025-09-10,lunch,Aloo Gobi,1200,1001,470.9,28.1,38.4,False,442.79999999999995,False,D20,veg,58,Wednesday,regular,rain,66.5,14.12,83.42,3857.0,False,2025-09
2025-09-10,dinner,Bhindi Masala,1200,1094,490.1,0.8,32.6,True,489.3,False,D21,veg,68,Wednesday,regular,rain,33.4,6.81,91.17,2271.0,False,2025-09
2025-09-11,breakfast,Masala Dosa,1200,863,273.6,9.5,16.2,False,264.1,False,D05,veg,70,Thursday,regular,clear,25.7,9.39,71.92,1799.0,False,2025-09
2025-09-11,lunch,Tinda Masala,1200,871,453.1,63.9,111.0,False,389.20000000000005,False,D22,veg,52,Thursday,regular,clear,174.9,38.6,72.58,9095.0,False,2025-09
2025-09-11,dinner,Rajma Chawal,1200,1052,502.6,43.2,35.5,False,459.40000000000003,False,D09,veg,70,Thursday,regular,clear,78.7,15.66,87.67,5509.0,False,2025-09
2025-09-12,breakfast,Bread Omelette,1200,798,281.8,56.6,13.1,False,225.20000000000002,False,D06,egg,75,Friday,regular,clear,69.7,24.73,66.5,5228.0,False,2025-09
2025-09-12,lunch,Chole Bhature,1200,1002,487.6,32.1,19.6,False,455.5,False,D10,veg,78,Friday,regular,clear,51.7,10.6,83.5,4033.0,False,2025-09
2025-09-12,dinner,Paneer Butter Masala,1200,1005,516.1,42.7,18.9,False,473.40000000000003,True,D11,veg,160,Friday,regular,clear,61.6,11.94,83.75,9856.0,False,2025-09
2025-09-13,breakfast,Puri Bhaji,1200,460,270.5,134.4,8.3,False,136.1,False,D07,veg,58,Saturday,regular,clear,142.70000000000002,52.75,38.33,8277.0,True,2025-09
2025-09-13,lunch,Dal Makhani,1200,980,474.3,22.0,23.7,False,452.3,False,D12,veg,85,Saturday,regular,clear,45.7,9.64,81.67,3885.0,True,2025-09
2025-09-13,dinner,Lauki Chana Dal,1200,741,451.8,126.7,76.5,False,325.1,False,D13,veg,55,Saturday,regular,clear,203.2,44.98,61.75,11176.0,True,2025-09
2025-09-14,breakfast,Vermicelli Upma,1200,301,271.0,176.1,21.9,False,94.9,False,D08,veg,46,Sunday,regular,clear,198.0,73.06,25.08,9108.0,True,2025-09
2025-09-14,lunch,Mixed Veg,1200,903,472.6,70.8,51.7,False,401.8,False,D14,veg,65,Sunday,regular,clear,122.5,25.92,75.25,7962.0,True,2025-09
2025-09-14,dinner,Kadhi Pakoda,1200,769,510.0,160.5,30.6,False,349.5,False,D15,veg,60,Sunday,regular,clear,191.1,37.47,64.08,11466.0,True,2025-09
2025-09-15,breakfast,Poha,1200,773,281.3,48.5,12.3,False,232.8,False,D01,veg,48,Monday,regular,clear,60.8,21.61,64.42,2918.0,False,2025-09
2025-09-15,lunch,Veg Biryani,1200,1017,472.6,45.1,23.0,False,427.5,False,D17,veg,90,Monday,regular,clear,68.1,14.41,84.75,6129.0,False,2025-09
2025-09-15,dinner,Chicken Curry,1200,1159,483.7,1.8,11.5,True,481.9,False,D18,non-veg,180,Monday,regular,clear,13.3,2.75,96.58,2394.0,False,2025-09
2025-09-16,breakfast,Upma,1200,699,267.1,59.7,35.7,False,207.40000000000003,False,D02,veg,45,Tuesday,regular,clear,95.4,35.72,58.25,4293.0,False,2025-09
2025-09-16,lunch,Egg Curry,1200,918,469.3,68.2,25.4,False,401.1,False,D19,egg,95,Tuesday,regular,clear,93.6,19.94,76.5,8892.0,False,2025-09
2025-09-16,dinner,Aloo Gobi,1200,993,525.4,79.6,40.6,False,445.79999999999995,False,D20,veg,58,Tuesday,regular,clear,120.19999999999999,22.88,82.75,6972.0,False,2025-09
2025-09-17,breakfast,Aloo Paratha,1200,833,273.9,42.2,13.9,False,231.7,False,D03,veg,62,Wednesday,regular,rain,56.1,20.48,69.42,3478.0,False,2025-09
2025-09-17,lunch,Bhindi Masala,1200,1000,472.1,27.7,42.2,False,444.40000000000003,False,D21,veg,68,Wednesday,regular,rain,69.9,14.81,83.33,4753.0,False,2025-09
2025-09-17,dinner,Tinda Masala,1200,960,500.3,60.7,87.5,False,439.6,False,D22,veg,52,Wednesday,regular,rain,148.2,29.62,80.0,7706.0,False,2025-09
2025-09-18,breakfast,Idli Sambar,1200,834,264.6,34.3,15.7,False,230.3,False,D04,veg,55,Thursday,regular,rain,50.0,18.9,69.5,2750.0,False,2025-09
2025-09-18,lunch,Rajma Chawal,1200,1069,474.8,3.6,25.1,True,471.2,False,D09,veg,70,Thursday,regular,rain,28.700000000000003,6.04,89.08,2009.0,False,2025-09
2025-09-18,dinner,Chole Bhature,1200,1181,484.9,1.2,18.3,True,483.7,False,D10,veg,78,Thursday,regular,rain,19.5,4.02,98.42,1521.0,False,2025-09
2025-09-19,breakfast,Masala Dosa,1200,735,278.8,51.8,10.7,False,227.0,False,D05,veg,70,Friday,regular,clear,62.5,22.42,61.25,4375.0,False,2025-09
2025-09-19,lunch,Paneer Butter Masala,1200,1032,480.5,39.2,13.5,False,441.3,False,D11,veg,160,Friday,regular,clear,52.7,10.97,86.0,8432.0,False,2025-09
2025-09-19,dinner,Dal Makhani,1200,963,496.2,86.7,16.5,False,409.5,False,D12,veg,85,Friday,regular,clear,103.2,20.8,80.25,8772.0,False,2025-09
2025-09-20,breakfast,Bread Omelette,1200,467,266.4,123.5,6.5,False,142.89999999999998,False,D06,egg,75,Saturday,regular,clear,130.0,48.8,38.92,9750.0,True,2025-09
2025-09-20,lunch,Lauki Chana Dal,1200,788,458.3,113.0,67.8,False,345.3,False,D13,veg,55,Saturday,regular,clear,180.8,39.45,65.67,9944.0,True,2025-09
2025-09-20,dinner,Mixed Veg,1200,779,499.3,147.4,38.8,False,351.9,False,D14,veg,65,Saturday,regular,clear,186.2,37.29,64.92,12103.0,True,2025-09
2025-09-21,breakfast,Puri Bhaji,1200,366,269.6,168.8,5.6,False,100.80000000000001,False,D07,veg,58,Sunday,regular,clear,174.4,64.69,30.5,10115.0,True,2025-09
2025-09-21,lunch,Kadhi Pakoda,1200,855,479.4,96.6,41.5,False,382.79999999999995,False,D15,veg,60,Sunday,regular,clear,138.1,28.81,71.25,8286.0,True,2025-09
2025-09-21,dinner,Soya Chunk Curry,1200,768,504.3,169.3,59.7,False,335.0,False,D16,veg,72,Sunday,regular,clear,229.0,45.41,64.0,16488.0,True,2025-09
2025-09-22,breakfast,Vermicelli Upma,1200,850,281.0,24.6,38.5,False,256.4,False,D08,veg,46,Monday,exams,clear,63.1,22.46,70.83,2903.0,False,2025-09
2025-09-22,lunch,Chicken Curry,1200,1124,452.9,1.9,13.6,True,451.0,False,D18,non-veg,180,Monday,exams,clear,15.5,3.42,93.67,2790.0,False,2025-09
2025-09-22,dinner,Egg Curry,1200,1149,473.5,0.1,27.9,True,473.4,False,D19,egg,95,Monday,exams,clear,28.0,5.91,95.75,2660.0,False,2025-09
2025-09-23,breakfast,Poha,1200,918,282.6,13.8,20.3,False,268.8,False,D01,veg,48,Tuesday,exams,clear,34.1,12.07,76.5,1637.0,False,2025-09
2025-09-23,lunch,Aloo Gobi,1200,998,489.0,71.8,51.0,False,417.2,False,D20,veg,58,Tuesday,exams,clear,122.8,25.11,83.17,7122.0,False,2025-09
2025-09-23,dinner,Bhindi Masala,1200,1122,485.4,0.4,38.8,True,485.0,False,D21,veg,68,Tuesday,exams,clear,39.199999999999996,8.08,93.5,2666.0,False,2025-09
2025-09-24,breakfast,Upma,1200,831,273.3,40.8,40.6,False,232.5,False,D02,veg,45,Wednesday,exams,clear,81.4,29.78,69.25,3663.0,False,2025-09
2025-09-24,lunch,Tinda Masala,1200,838,474.2,111.1,74.4,False,363.1,False,D22,veg,52,Wednesday,exams,clear,185.5,39.12,69.83,9646.0,False,2025-09
2025-09-24,dinner,Rajma Chawal,1200,1176,505.2,1.1,31.4,True,504.09999999999997,False,D09,veg,70,Wednesday,exams,clear,32.5,6.43,98.0,2275.0,False,2025-09
2025-09-25,breakfast,Aloo Paratha,1200,969,267.8,2.5,14.2,True,265.3,False,D03,veg,62,Thursday,exams,clear,16.7,6.24,80.75,1035.0,False,2025-09
2025-09-25,lunch,Chole Bhature,1200,1054,462.0,1.0,18.9,True,461.0,False,D10,veg,78,Thursday,exams,clear,19.9,4.31,87.83,1552.0,False,2025-09
2025-09-25,dinner,Paneer Butter Masala,1200,1176,489.0,0.5,22.6,True,488.5,False,D11,veg,160,Thursday,exams,clear,23.1,4.72,98.0,3696.0,False,2025-09
2025-09-26,breakfast,Idli Sambar,1200,888,271.2,2.0,19.3,True,269.2,False,D04,veg,55,Friday,exams,rain,21.3,7.85,74.0,1172.0,False,2025-09
2025-09-26,lunch,Dal Makhani,1200,1068,493.2,41.2,24.6,False,452.0,False,D12,veg,85,Friday,exams,rain,65.80000000000001,13.34,89.0,5593.0,False,2025-09
2025-09-26,dinner,Lauki Chana Dal,1200,1090,487.8,15.9,94.9,False,471.90000000000003,False,D13,veg,55,Friday,exams,rain,110.80000000000001,22.71,90.83,6094.0,False,2025-09
2025-09-27,breakfast,Masala Dosa,1200,580,267.9,105.8,7.8,False,162.09999999999997,True,D05,veg,70,Saturday,exams,rain,113.6,42.4,48.33,7952.0,True,2025-09
2025-09-27,lunch,Mixed Veg,1200,1019,499.4,49.0,47.1,False,450.4,False,D14,veg,65,Saturday,exams,rain,96.1,19.24,84.92,6246.0,True,2025-09
2025-09-27,dinner,Kadhi Pakoda,1200,1044,488.4,14.5,42.0,False,473.9,False,D15,veg,60,Saturday,exams,rain,56.5,11.57,87.0,3390.0,True,2025-09
2025-09-28,breakfast,Bread Omelette,1200,415,277.3,150.7,10.5,False,126.60000000000002,False,D06,egg,75,Sunday,exams,clear,161.2,58.13,34.58,12090.0,True,2025-09
2025-09-28,lunch,Soya Chunk Curry,1200,852,469.2,99.8,50.1,False,369.4,False,D16,veg,72,Sunday,exams,clear,149.9,31.95,71.0,10793.0,True,2025-09
2025-09-28,dinner,Veg Biryani,1200,901,537.5,147.8,19.7,False,389.7,False,D17,veg,90,Sunday,exams,clear,167.5,31.16,75.08,15075.0,True,2025-09
2025-09-29,breakfast,Puri Bhaji,1200,888,261.2,0.4,10.9,True,260.8,False,D07,veg,58,Monday,exams,rain,11.3,4.33,74.0,655.0,False,2025-09
2025-09-29,lunch,Egg Curry,1200,1132,464.1,5.7,32.6,False,458.40000000000003,False,D19,egg,95,Monday,exams,rain,38.300000000000004,8.25,94.33,3639.0,False,2025-09
2025-09-29,dinner,Aloo Gobi,1200,1177,510.8,3.3,45.9,True,507.5,False,D20,veg,58,Monday,exams,rain,49.199999999999996,9.63,98.08,2854.0,False,2025-09
2025-09-30,breakfast,Vermicelli Upma,1200,850,267.6,15.0,42.8,False,252.60000000000002,False,D08,veg,46,Tuesday,exams,clear,57.8,21.6,70.83,2659.0,False,2025-09
2025-09-30,lunch,Bhindi Masala,1200,1036,450.7,1.0,36.1,True,449.7,False,D21,veg,68,Tuesday,exams,clear,37.1,8.23,86.33,2523.0,False,2025-09
2025-09-30,dinner,Tinda Masala,1200,1025,498.3,38.1,121.7,False,460.2,False,D22,veg,52,Tuesday,exams,clear,159.8,32.07,85.42,8310.0,False,2025-09
2025-10-01,breakfast,Poha,1200,901,278.4,33.4,21.7,False,244.99999999999997,False,D01,veg,48,Wednesday,exams,clear,55.099999999999994,19.79,75.08,2645.0,False,2025-10
2025-10-01,lunch,Rajma Chawal,1200,1015,465.7,0.5,31.1,True,465.2,False,D09,veg,70,Wednesday,exams,clear,31.6,6.79,84.58,2212.0,False,2025-10
2025-10-01,dinner,Chole Bhature,1200,1178,504.3,0.2,20.8,True,504.1,False,D10,veg,78,Wednesday,exams,clear,21.0,4.16,98.17,1638.0,False,2025-10
2025-10-02,breakfast,Upma,1200,705,272.2,67.5,28.8,False,204.7,False,D02,veg,45,Thursday,regular,clear,96.3,35.38,58.75,4334.0,False,2025-10
2025-10-02,lunch,Paneer Butter Masala,1200,1001,472.7,43.7,15.6,False,429.0,False,D11,veg,160,Thursday,regular,clear,59.300000000000004,12.54,83.42,9488.0,False,2025-10
2025-10-02,dinner,Dal Makhani,1200,1038,485.4,9.8,33.0,False,475.59999999999997,False,D12,veg,85,Thursday,regular,clear,42.8,8.82,86.5,3638.0,False,2025-10
2025-10-03,breakfast,Aloo Paratha,1200,816,283.7,51.6,12.2,False,232.1,False,D03,veg,62,Friday,regular,rain,63.8,22.49,68.0,3956.0,False,2025-10
2025-10-03,lunch,Lauki Chana Dal,1200,944,481.6,64.8,76.6,False,416.8,False,D13,veg,55,Friday,regular,rain,141.39999999999998,29.36,78.67,7777.0,False,2025-10
2025-10-03,dinner,Mixed Veg,1200,945,506.6,116.0,62.2,False,390.6,False,D14,veg,65,Friday,regular,rain,178.2,35.18,78.75,11583.0,False,2025-10
2025-10-04,breakfast,Idli Sambar,1200,397,273.0,160.1,8.5,False,112.9,False,D04,veg,55,Saturday,regular,clear,168.6,61.76,33.08,9273.0,True,2025-10
2025-10-04,lunch,Kadhi Pakoda,1200,914,461.9,67.8,38.2,False,394.09999999999997,False,D15,veg,60,Saturday,regular,clear,106.0,22.95,76.17,6360.0,True,2025-10
2025-10-04,dinner,Soya Chunk Curry,1200,798,479.7,128.2,65.5,False,351.5,False,D16,veg,72,Saturday,regular,clear,193.7,40.38,66.5,13946.0,True,2025-10
2025-10-05,breakfast,Masala Dosa,1200,375,272.4,165.4,5.0,False,106.99999999999997,False,D05,veg,70,Sunday,regular,clear,170.4,62.56,31.25,11928.0,True,2025-10
2025-10-05,lunch,Veg Biryani,1200,930,436.4,11.0,11.6,False,425.4,False,D17,veg,90,Sunday,regular,clear,22.6,5.18,77.5,2034.0,True,2025-10
2025-10-05,dinner,Chicken Curry,1200,773,479.5,154.1,7.0,False,325.4,False,D18,non-veg,180,Sunday,regular,clear,161.1,33.6,64.42,28998.0,True,2025-10
2025-10-06,breakfast,Bread Omelette,1200,794,263.9,32.9,15.5,False,230.99999999999997,False,D06,egg,75,Monday,regular,clear,48.4,18.34,66.17,3630.0,False,2025-10
2025-10-06,lunch,Aloo Gobi,1200,893,458.9,39.4,37.8,False,419.5,False,D20,veg,58,Monday,regular,clear,77.19999999999999,16.82,74.42,4478.0,False,2025-10
2025-10-06,dinner,Bhindi Masala,1200,990,497.1,76.8,22.8,False,420.3,False,D21,veg,68,Monday,regular,clear,99.6,20.04,82.5,6773.0,False,2025-10
2025-10-07,breakfast,Puri Bhaji,1200,795,265.0,39.2,11.6,False,225.8,False,D07,veg,58,Tuesday,regular,clear,50.800000000000004,19.17,66.25,2946.0,False,2025-10
2025-10-07,lunch,Tinda Masala,1200,861,463.5,74.6,76.9,False,388.9,False,D22,veg,52,Tuesday,regular,clear,151.5,32.69,71.75,7878.0,False,2025-10
2025-10-07,dinner,Rajma Chawal,1200,1065,491.7,25.2,24.9,False,466.5,False,D09,veg,70,Tuesday,regular,clear,50.099999999999994,10.19,88.75,3507.0,False,2025-10
2025-10-08,breakfast,Vermicelli Upma,1200,705,278.7,71.3,33.7,False,207.39999999999998,False,D08,veg,46,Wednesday,regular,clear,105.0,37.67,58.75,4830.0,False,2025-10
2025-10-08,lunch,Chole Bhature,1200,1000,451.1,0.4,22.3,True,450.70000000000005,False,D10,veg,78,Wednesday,regular,clear,22.7,5.03,83.33,1771.0,False,2025-10
2025-10-08,dinner,Paneer Butter Masala,1200,1125,492.0,1.6,18.8,True,490.4,False,D11,veg,160,Wednesday,regular,clear,20.400000000000002,4.15,93.75,3264.0,False,2025-10
2025-10-09,breakfast,Poha,1200,747,275.4,64.5,17.5,False,210.89999999999998,False,D01,veg,48,Thursday,regular,clear,82.0,29.77,62.25,3936.0,False,2025-10
2025-10-09,lunch,Dal Makhani,1200,995,476.9,24.8,36.2,False,452.09999999999997,False,D12,veg,85,Thursday,regular,clear,61.0,12.79,82.92,5185.0,False,2025-10
2025-10-09,dinner,Lauki Chana Dal,1200,910,474.8,63.4,81.6,False,411.40000000000003,False,D13,veg,55,Thursday,regular,clear,145.0,30.54,75.83,7975.0,False,2025-10
2025-10-10,breakfast,Upma,1200,653,286.7,102.0,33.4,False,184.7,False,D02,veg,45,Friday,regular,clear,135.4,47.23,54.42,6093.0,False,2025-10
2025-10-10,lunch,Mixed Veg,1200,958,486.6,67.8,54.7,False,418.8,False,D14,veg,65,Friday,regular,clear,122.5,25.17,79.83,7962.0,False,2025-10
2025-10-10,dinner,Kadhi Pakoda,1200,898,473.8,92.4,23.3,False,381.4,False,D15,veg,60,Friday,regular,clear,115.7,24.42,74.83,6942.0,False,2025-10
2025-10-11,breakfast,Aloo Paratha,1200,490,277.5,134.2,7.3,False,143.3,False,D03,veg,62,Saturday,regular,clear,141.5,50.99,40.83,8773.0,True,2025-10
2025-10-11,lunch,Soya Chunk Curry,1200,938,482.5,79.0,71.3,False,403.5,False,D16,veg,72,Saturday,regular,clear,150.3,31.15,78.17,10822.0,True,2025-10
2025-10-11,dinner,Veg Biryani,1200,1002,505.5,73.6,22.0,False,431.9,False,D17,veg,90,Saturday,regular,clear,95.6,18.91,83.5,8604.0,True,2025-10
2025-10-12,breakfast,Idli Sambar,1200,317,295.5,196.7,7.6,False,98.80000000000001,False,D04,veg,55,Sunday,regular,clear,204.29999999999998,69.14,26.42,11236.0,True,2025-10
2025-10-12,lunch,Chicken Curry,1200,944,457.5,54.7,12.7,False,402.8,False,D18,non-veg,180,Sunday,regular,clear,67.4,14.73,78.67,12132.0,True,2025-10
2025-10-12,dinner,Egg Curry,1200,732,495.2,154.2,19.9,False,341.0,False,D19,egg,95,Sunday,regular,clear,174.1,35.16,61.0,16540.0,True,2025-10
2025-10-13,breakfast,Masala Dosa,1200,796,272.6,38.9,11.8,False,233.70000000000002,False,D05,veg,70,Monday,regular,rain,50.7,18.6,66.33,3549.0,False,2025-10
2025-10-13,lunch,Bhindi Masala,1200,1008,483.8,25.1,37.8,False,458.7,False,D21,veg,68,Monday,regular,rain,62.9,13.0,84.0,4277.0,False,2025-10
2025-10-13,dinner,Tinda Masala,1200,1031,486.4,32.0,116.4,False,454.4,True,D22,veg,52,Monday,regular,rain,148.4,30.51,85.92,7717.0,False,2025-10
2025-10-14,breakfast,Bread Omelette,1200,771,278.6,48.1,12.2,False,230.50000000000003,False,D06,egg,75,Tuesday,regular,rain,60.3,21.64,64.25,4522.0,False,2025-10
2025-10-14,lunch,Rajma Chawal,1200,1010,474.2,6.7,34.0,False,467.5,False,D09,veg,70,Tuesday,regular,rain,40.7,8.58,84.17,2849.0,False,2025-10
2025-10-14,dinner,Chole Bhature,1200,1135,503.1,1.8,20.7,True,501.3,False,D10,veg,78,Tuesday,regular,rain,22.5,4.47,94.58,1755.0,False,2025-10
2025-10-15,breakfast,Puri Bhaji,1200,811,273.9,31.1,13.2,False,242.79999999999998,False,D07,veg,58,Wednesday,regular,clear,44.3,16.17,67.58,2569.0,False,2025-10
2025-10-15,lunch,Paneer Butter Masala,1200,1021,481.0,26.5,16.9,False,454.5,False,D11,veg,160,Wednesday,regular,clear,43.4,9.02,85.08,6944.0,False,2025-10
2025-10-15,dinner,Dal Makhani,1200,1042,490.1,0.6,25.9,True,489.5,False,D12,veg,85,Wednesday,regular,clear,26.5,5.41,86.83,2252.0,False,2025-10
2025-10-16,breakfast,Vermicelli Upma,1200,669,282.4,79.4,32.8,False,202.99999999999997,False,D08,veg,46,Thursday,regular,clear,112.2,39.73,55.75,5161.0,False,2025-10
2025-10-16,lunch,Lauki Chana Dal,1200,939,464.7,55.8,77.7,False,408.9,False,D13,veg,55,Thursday,regular,clear,133.5,28.73,78.25,7342.0,False,2025-10
2025-10-16,dinner,Mixed Veg,1200,989,479.7,50.2,60.9,False,429.5,False,D14,veg,65,Thursday,regular,clear,111.1,23.16,82.42,7222.0,False,2025-10
2025-10-17,breakfast,Poha,1200,750,267.9,51.5,20.9,False,216.39999999999998,False,D01,veg,48,Friday,regular,clear,72.4,27.03,62.5,3475.0,False,2025-10
2025-10-17,lunch,Kadhi Pakoda,1200,919,453.7,1.5,41.2,True,452.2,False,D15,veg,60,Friday,regular,clear,42.7,9.41,76.58,2562.0,False,2025-10
2025-10-17,dinner,Soya Chunk Curry,1200,848,500.7,137.8,62.3,False,362.9,False,D16,veg,72,Friday,regular,clear,200.10000000000002,39.96,70.67,14407.0,False,2025-10
2025-10-18,breakfast,Upma,1200,108,82.2,50.8,5.4,False,31.400000000000006,False,D02,veg,45,Saturday,diwali_break,clear,56.199999999999996,68.37,9.0,2529.0,True,2025-10
2025-10-18,lunch,Veg Biryani,1200,222,152.1,55.2,5.4,False,96.89999999999999,False,D17,veg,90,Saturday,diwali_break,clear,60.6,39.84,18.5,5454.0,True,2025-10
2025-10-18,dinner,Chicken Curry,1200,222,140.4,40.2,3.0,False,100.2,False,D18,non-veg,180,Saturday,diwali_break,clear,43.2,30.77,18.5,7776.0,True,2025-10
2025-10-19,breakfast,Aloo Paratha,1200,93,81.9,55.4,1.6,False,26.500000000000007,False,D03,veg,62,Sunday,diwali_break,clear,57.0,69.6,7.75,3534.0,True,2025-10
2025-10-19,lunch,Egg Curry,1200,201,147.7,57.0,7.1,False,90.69999999999999,False,D19,egg,95,Sunday,diwali_break,clear,64.1,43.4,16.75,6089.0,True,2025-10
2025-10-19,dinner,Aloo Gobi,1200,143,145.8,84.7,5.8,False,61.10000000000001,False,D20,veg,58,Sunday,diwali_break,clear,90.5,62.07,11.92,5249.0,True,2025-10
2025-10-20,breakfast,Idli Sambar,1200,182,83.1,32.5,4.0,False,50.599999999999994,False,D04,veg,55,Monday,diwali_break,clear,36.5,43.92,15.17,2008.0,False,2025-10
2025-10-20,lunch,Tinda Masala,1200,224,139.5,34.4,25.6,False,105.1,False,D22,veg,52,Monday,diwali_break,clear,60.0,43.01,18.67,3120.0,False,2025-10
2025-10-20,dinner,Rajma Chawal,1200,262,145.1,24.2,8.5,False,120.89999999999999,False,D09,veg,70,Monday,diwali_break,clear,32.7,22.54,21.83,2289.0,False,2025-10
2025-10-21,breakfast,Masala Dosa,1200,198,81.5,26.2,2.4,False,55.3,False,D05,veg,70,Tuesday,diwali_break,clear,28.599999999999998,35.09,16.5,2002.0,False,2025-10
2025-10-21,lunch,Chole Bhature,1200,257,138.4,18.6,5.0,False,119.80000000000001,False,D10,veg,78,Tuesday,diwali_break,clear,23.6,17.05,21.42,1841.0,False,2025-10
2025-10-21,dinner,Paneer Butter Masala,1200,301,150.8,18.0,5.9,False,132.8,False,D11,veg,160,Tuesday,diwali_break,clear,23.9,15.85,25.08,3824.0,False,2025-10
2025-10-22,breakfast,Bread Omelette,1200,184,79.0,24.1,3.8,False,54.9,False,D06,egg,75,Wednesday,diwali_break,clear,27.900000000000002,35.32,15.33,2092.0,False,2025-10
2025-10-22,lunch,Dal Makhani,1200,238,148.8,50.2,6.9,False,98.60000000000001,False,D12,veg,85,Wednesday,diwali_break,clear,57.1,38.37,19.83,4854.0,False,2025-10
2025-10-22,dinner,Lauki Chana Dal,1200,239,158.9,50.3,16.9,False,108.60000000000001,False,D13,veg,55,Wednesday,diwali_break,clear,67.19999999999999,42.29,19.92,3696.0,False,2025-10
2025-10-23,breakfast,Puri Bhaji,1200,194,84.5,29.2,4.0,False,55.3,False,D07,veg,58,Thursday,diwali_break,clear,33.2,39.29,16.17,1926.0,False,2025-10
2025-10-23,lunch,Mixed Veg,1200,207,139.6,53.8,11.1,False,85.8,False,D14,veg,65,Thursday,diwali_break,clear,64.89999999999999,46.49,17.25,4218.0,False,2025-10
2025-10-23,dinner,Kadhi Pakoda,1200,254,152.4,37.5,13.9,False,114.9,False,D15,veg,60,Thursday,diwali_break,clear,51.4,33.73,21.17,3084.0,False,2025-10
2025-10-24,breakfast,Vermicelli Upma,1200,176,81.0,24.3,11.6,False,56.7,False,D08,veg,46,Friday,diwali_break,clear,35.9,44.32,14.67,1651.0,False,2025-10
2025-10-24,lunch,Soya Chunk Curry,1200,257,133.9,18.8,19.4,False,115.10000000000001,False,D16,veg,72,Friday,diwali_break,clear,38.2,28.53,21.42,2750.0,False,2025-10
2025-10-24,dinner,Veg Biryani,1200,296,148.6,15.0,6.8,False,133.6,False,D17,veg,90,Friday,diwali_break,clear,21.8,14.67,24.67,1962.0,False,2025-10
2025-10-25,breakfast,Poha,1200,177,85.3,30.8,3.0,False,54.5,False,D01,veg,48,Saturday,diwali_break,clear,33.8,39.62,14.75,1622.0,True,2025-10
2025-10-25,lunch,Chicken Curry,1200,254,140.5,30.0,3.8,False,110.5,False,D18,non-veg,180,Saturday,diwali_break,clear,33.8,24.06,21.17,6084.0,True,2025-10
2025-10-25,dinner,Egg Curry,1200,235,154.1,50.1,7.9,False,104.0,False,D19,egg,95,Saturday,diwali_break,clear,58.0,37.64,19.58,5510.0,True,2025-10
2025-10-26,breakfast,Upma,1200,64,85.3,66.4,3.6,False,18.89999999999999,False,D02,veg,45,Sunday,diwali_break,rain,70.0,82.06,5.33,3150.0,True,2025-10
2025-10-26,lunch,Aloo Gobi,1200,165,143.0,72.6,6.3,False,70.4,False,D20,veg,58,Sunday,diwali_break,rain,78.89999999999999,55.17,13.75,4576.0,True,2025-10
2025-10-26,dinner,Bhindi Masala,1200,112,148.3,98.4,4.5,False,49.900000000000006,False,D21,veg,68,Sunday,diwali_break,rain,102.9,69.39,9.33,6997.0,True,2025-10
2025-10-27,breakfast,Aloo Paratha,1200,781,259.0,31.8,13.4,False,227.2,False,D03,veg,62,Monday,regular,rain,45.2,17.45,65.08,2802.0,False,2025-10
2025-10-27,lunch,Rajma Chawal,1200,1055,461.6,4.6,26.7,False,457.0,False,D09,veg,70,Monday,regular,rain,31.299999999999997,6.78,87.92,2191.0,False,2025-10
2025-10-27,dinner,Chole Bhature,1200,1138,482.8,3.3,20.2,True,479.5,False,D10,veg,78,Monday,regular,rain,23.5,4.87,94.83,1833.0,False,2025-10
2025-10-28,breakfast,Idli Sambar,1200,763,260.4,49.3,18.0,False,211.09999999999997,False,D04,veg,55,Tuesday,regular,clear,67.3,25.84,63.58,3702.0,False,2025-10
2025-10-28,lunch,Paneer Butter Masala,1200,1006,451.5,41.5,20.2,False,410.0,False,D11,veg,160,Tuesday,regular,clear,61.7,13.67,83.83,9872.0,False,2025-10
2025-10-28,dinner,Dal Makhani,1200,1025,487.1,0.0,37.2,True,487.1,False,D12,veg,85,Tuesday,regular,clear,37.2,7.64,85.42,3162.0,False,2025-10
2025-10-29,breakfast,Masala Dosa,1200,769,270.2,40.4,9.9,False,229.79999999999998,False,D05,veg,70,Wednesday,regular,clear,50.3,18.62,64.08,3521.0,False,2025-10
2025-10-29,lunch,Lauki Chana Dal,1200,896,486.4,84.0,89.8,False,402.4,False,D13,veg,55,Wednesday,regular,clear,173.8,35.73,74.67,9559.0,False,2025-10
2025-10-29,dinner,Mixed Veg,1200,984,507.2,74.1,52.0,False,433.1,False,D14,veg,65,Wednesday,regular,clear,126.1,24.86,82.0,8196.0,False,2025-10
2025-10-30,breakfast,Bread Omelette,1200,719,267.2,46.6,9.6,False,220.6,False,D06,egg,75,Thursday,fest,clear,56.2,21.03,59.92,4215.0,False,2025-10
2025-10-30,lunch,Kadhi Pakoda,1200,653,468.1,189.8,26.1,False,278.3,False,D15,veg,60,Thursday,fest,clear,215.9,46.12,54.42,12954.0,False,2025-10
2025-10-30,dinner,Soya Chunk Curry,1200,562,489.3,241.7,43.2,False,247.60000000000002,False,D16,veg,72,Thursday,fest,clear,284.9,58.23,46.83,20513.0,False,2025-10
2025-10-31,breakfast,Puri Bhaji,1200,712,278.4,63.5,13.7,False,214.89999999999998,False,D07,veg,58,Friday,fest,clear,77.2,27.73,59.33,4478.0,False,2025-10
2025-10-31,lunch,Veg Biryani,1200,756,476.6,138.0,19.1,False,338.6,False,D17,veg,90,Friday,fest,clear,157.1,32.96,63.0,14139.0,False,2025-10
2025-10-31,dinner,Chicken Curry,1200,619,507.8,230.7,9.3,False,277.1,False,D18,non-veg,180,Friday,fest,clear,240.0,47.26,51.58,43200.0,False,2025-10
2025-11-01,breakfast,Vermicelli Upma,1200,386,254.3,140.1,23.2,False,114.20000000000002,False,D08,veg,46,Saturday,fest,clear,163.29999999999998,64.22,32.17,7512.0,True,2025-11
2025-11-01,lunch,Egg Curry,1200,736,495.7,159.9,24.9,False,335.79999999999995,False,D19,egg,95,Saturday,fest,clear,184.8,37.28,61.33,17556.0,True,2025-11
2025-11-01,dinner,Aloo Gobi,1200,503,521.1,300.6,22.3,False,220.5,False,D20,veg,58,Saturday,fest,clear,322.90000000000003,61.97,41.92,18728.0,True,2025-11
2025-11-02,breakfast,Poha,1200,363,276.7,165.0,8.9,False,111.69999999999999,False,D01,veg,48,Sunday,regular,clear,173.9,62.85,30.25,8347.0,True,2025-11
2025-11-02,lunch,Bhindi Masala,1200,944,452.4,35.0,37.1,False,417.4,False,D21,veg,68,Sunday,regular,clear,72.1,15.94,78.67,4903.0,True,2025-11
2025-11-02,dinner,Tinda Masala,1200,640,512.8,232.1,70.1,False,280.69999999999993,False,D22,veg,52,Sunday,regular,clear,302.2,58.93,53.33,15714.0,True,2025-11
2025-11-03,breakfast,Upma,1200,668,265.1,74.9,38.0,False,190.20000000000002,False,D02,veg,45,Monday,regular,clear,112.9,42.59,55.67,5080.0,False,2025-11
2025-11-03,lunch,Chole Bhature,1200,1044,471.2,2.9,24.4,False,468.3,False,D10,veg,78,Monday,regular,clear,27.299999999999997,5.79,87.0,2129.0,False,2025-11
2025-11-03,dinner,Paneer Butter Masala,1200,1068,489.3,14.9,20.3,False,474.40000000000003,False,D11,veg,160,Monday,regular,clear,35.2,7.19,89.0,5632.0,False,2025-11
2025-11-04,breakfast,Aloo Paratha,1200,790,284.3,34.4,12.6,False,249.9,False,D03,veg,62,Tuesday,regular,clear,47.0,16.53,65.83,2914.0,False,2025-11
2025-11-04,lunch,Dal Makhani,1200,1018,481.1,41.1,19.3,False,440.0,False,D12,veg,85,Tuesday,regular,clear,60.400000000000006,12.55,84.83,5134.0,False,2025-11
2025-11-04,dinner,Lauki Chana Dal,1200,934,498.4,53.5,94.1,False,444.9,False,D13,veg,55,Tuesday,regular,clear,147.6,29.61,77.83,8118.0,False,2025-11
2025-11-05,breakfast,Idli Sambar,1200,719,264.1,38.5,15.7,False,225.60000000000002,False,D04,veg,55,Wednesday,regular,clear,54.2,20.52,59.92,2981.0,False,2025-11
2025-11-05,lunch,Mixed Veg,1200,903,498.5,91.4,58.0,False,407.1,False,D14,veg,65,Wednesday,regular,clear,149.4,29.97,75.25,9711.0,False,2025-11
2025-11-05,dinner,Kadhi Pakoda,1200,979,467.3,23.7,40.9,False,443.6,False,D15,veg,60,Wednesday,regular,clear,64.6,13.82,81.58,3876.0,False,2025-11
2025-11-06,breakfast,Masala Dosa,1200,840,264.8,2.9,12.8,False,261.90000000000003,False,D05,veg,70,Thursday,regular,clear,15.700000000000001,5.93,70.0,1099.0,False,2025-11
2025-11-06,lunch,Soya Chunk Curry,1200,903,469.6,50.6,48.5,False,419.0,False,D16,veg,72,Thursday,regular,clear,99.1,21.1,75.25,7135.0,False,2025-11
2025-11-06,dinner,Veg Biryani,1200,1082,520.4,49.9,21.2,False,470.5,False,D17,veg,90,Thursday,regular,clear,71.1,13.66,90.17,6399.0,False,2025-11
2025-11-07,breakfast,Bread Omelette,1200,832,283.2,38.1,13.1,False,245.1,False,D06,egg,75,Friday,regular,clear,51.2,18.08,69.33,3840.0,False,2025-11
2025-11-07,lunch,Chicken Curry,1200,1049,478.3,9.6,16.7,False,468.7,False,D18,non-veg,180,Friday,regular,clear,26.299999999999997,5.5,87.42,4734.0,False,2025-11
2025-11-07,dinner,Egg Curry,1200,943,504.5,90.2,21.2,False,414.3,False,D19,egg,95,Friday,regular,clear,111.4,22.08,78.58,10583.0,False,2025-11
2025-11-08,breakfast,Puri Bhaji,1200,437,268.0,128.8,9.5,False,139.2,False,D07,veg,58,Saturday,regular,clear,138.3,51.6,36.42,8021.0,True,2025-11
2025-11-08,lunch,Aloo Gobi,1200,898,466.4,41.5,34.9,False,424.9,False,D20,veg,58,Saturday,regular,clear,76.4,16.38,74.83,4431.0,True,2025-11
2025-11-08,dinner,Bhindi Masala,1200,874,480.7,81.7,30.4,False,399.0,False,D21,veg,68,Saturday,regular,clear,112.1,23.32,72.83,7623.0,True,2025-11
2025-11-09,breakfast,Vermicelli Upma,1200,290,269.9,184.4,13.1,False,85.49999999999997,False,D08,veg,46,Sunday,regular,clear,197.5,73.18,24.17,9085.0,True,2025-11
2025-11-09,lunch,Tinda Masala,1200,789,474.8,113.6,107.3,False,361.20000000000005,False,D22,veg,52,Sunday,regular,clear,220.89999999999998,46.52,65.75,11487.0,True,2025-11
2025-11-09,dinner,Rajma Chawal,1200,801,492.4,116.2,20.3,False,376.2,False,D09,veg,70,Sunday,regular,clear,136.5,27.72,66.75,9555.0,True,2025-11
2025-11-10,breakfast,Poha,1200,708,282.7,76.1,13.6,False,206.6,False,D01,veg,48,Monday,regular,clear,89.69999999999999,31.73,59.0,4306.0,False,2025-11
2025-11-10,lunch,Paneer Butter Masala,1200,1003,495.2,29.2,18.2,False,466.0,False,D11,veg,160,Monday,regular,clear,47.4,9.57,83.58,7584.0,False,2025-11
2025-11-10,dinner,Dal Makhani,1200,1065,493.6,36.4,27.9,False,457.20000000000005,False,D12,veg,85,Monday,regular,clear,64.3,13.03,88.75,5466.0,False,2025-11
2025-11-11,breakfast,Upma,1200,695,282.7,76.2,38.8,False,206.5,False,D02,veg,45,Tuesday,regular,clear,115.0,40.68,57.92,5175.0,False,2025-11
2025-11-11,lunch,Lauki Chana Dal,1200,848,504.6,128.2,62.5,False,376.40000000000003,False,D13,veg,55,Tuesday,regular,clear,190.7,37.79,70.67,10488.0,False,2025-11
2025-11-11,dinner,Mixed Veg,1200,928,489.7,74.4,52.3,False,415.29999999999995,False,D14,veg,65,Tuesday,regular,clear,126.7,25.87,77.33,8236.0,False,2025-11
2025-11-12,breakfast,Aloo Paratha,1200,872,265.4,3.6,15.3,True,261.79999999999995,False,D03,veg,62,Wednesday,regular,clear,18.900000000000002,7.12,72.67,1172.0,False,2025-11
2025-11-12,lunch,Kadhi Pakoda,1200,959,489.0,61.1,40.3,False,427.9,False,D15,veg,60,Wednesday,regular,clear,101.4,20.74,79.92,6084.0,False,2025-11
2025-11-12,dinner,Soya Chunk Curry,1200,914,505.2,114.3,69.7,False,390.9,False,D16,veg,72,Wednesday,regular,clear,184.0,36.42,76.17,13248.0,False,2025-11
2025-11-13,breakfast,Idli Sambar,1200,819,279.4,40.0,15.1,False,239.39999999999998,False,D04,veg,55,Thursday,regular,clear,55.1,19.72,68.25,3030.0,False,2025-11
2025-11-13,lunch,Veg Biryani,1200,978,492.1,39.6,21.9,False,452.5,False,D17,veg,90,Thursday,regular,clear,61.5,12.5,81.5,5535.0,False,2025-11
2025-11-13,dinner,Chicken Curry,1200,1122,488.8,0.9,12.4,True,487.90000000000003,False,D18,non-veg,180,Thursday,regular,clear,13.3,2.72,93.5,2394.0,False,2025-11
2025-11-14,breakfast,Masala Dosa,1200,858,275.3,7.1,13.4,False,268.2,False,D05,veg,70,Friday,regular,clear,20.5,7.45,71.5,1435.0,False,2025-11
2025-11-14,lunch,Egg Curry,1200,957,476.7,22.1,25.2,False,454.59999999999997,False,D19,egg,95,Friday,regular,clear,47.3,9.92,79.75,4494.0,False,2025-11
2025-11-14,dinner,Aloo Gobi,1200,968,491.9,47.7,36.2,False,444.2,False,D20,veg,58,Friday,regular,clear,83.9,17.06,80.67,4866.0,False,2025-11
2025-11-15,breakfast,Bread Omelette,1200,448,265.2,136.3,9.8,False,128.89999999999998,False,D06,egg,75,Saturday,regular,clear,146.10000000000002,55.09,37.33,10958.0,True,2025-11
2025-11-15,lunch,Bhindi Masala,1200,894,469.1,76.7,29.5,False,392.40000000000003,False,D21,veg,68,Saturday,regular,clear,106.2,22.64,74.5,7222.0,True,2025-11
2025-11-15,dinner,Tinda Masala,1200,769,507.3,183.0,88.1,False,324.3,False,D22,veg,52,Saturday,regular,clear,271.1,53.44,64.08,14097.0,True,2025-11
2025-11-16,breakfast,Puri Bhaji,1200,304,272.2,185.0,5.6,False,87.19999999999999,False,D07,veg,58,Sunday,regular,clear,190.6,70.02,25.33,11055.0,True,2025-11
2025-11-16,lunch,Rajma Chawal,1200,963,492.3,76.7,21.3,False,415.6,False,D09,veg,70,Sunday,regular,clear,98.0,19.91,80.25,6860.0,True,2025-11
2025-11-16,dinner,Chole Bhature,1200,811,513.5,145.3,14.4,False,368.2,False,D10,veg,78,Sunday,regular,clear,159.70000000000002,31.1,67.58,12457.0,True,2025-11
2025-11-17,breakfast,Vermicelli Upma,1200,761,263.6,42.5,34.3,False,221.10000000000002,False,D08,veg,46,Monday,regular,clear,76.8,29.14,63.42,3533.0,False,2025-11
2025-11-17,lunch,Dal Makhani,1200,974,497.9,35.0,24.4,False,462.9,False,D12,veg,85,Monday,regular,clear,59.4,11.93,81.17,5049.0,False,2025-11
2025-11-17,dinner,Lauki Chana Dal,1200,979,482.5,50.9,95.2,False,431.6,False,D13,veg,55,Monday,regular,clear,146.1,30.28,81.58,8036.0,False,2025-11
2025-11-18,breakfast,Poha,1200,727,276.3,72.3,16.7,False,204.0,False,D01,veg,48,Tuesday,regular,clear,89.0,32.21,60.58,4272.0,False,2025-11
2025-11-18,lunch,Mixed Veg,1200,914,451.0,57.6,34.0,False,393.4,False,D14,veg,65,Tuesday,regular,clear,91.6,20.31,76.17,5954.0,False,2025-11
2025-11-18,dinner,Kadhi Pakoda,1200,953,500.3,66.4,48.5,False,433.9,False,D15,veg,60,Tuesday,regular,clear,114.9,22.97,79.42,6894.0,False,2025-11
2025-11-19,breakfast,Upma,1200,710,273.3,56.8,37.2,False,216.5,False,D02,veg,45,Wednesday,regular,clear,94.0,34.39,59.17,4230.0,False,2025-11
2025-11-19,lunch,Soya Chunk Curry,1200,858,468.7,95.3,60.2,False,373.4,True,D16,veg,72,Wednesday,regular,clear,155.5,33.18,71.5,11196.0,False,2025-11
2025-11-19,dinner,Veg Biryani,1200,1126,474.8,2.0,21.8,True,472.8,False,D17,veg,90,Wednesday,regular,clear,23.8,5.01,93.83,2142.0,False,2025-11
2025-11-20,breakfast,Aloo Paratha,1200,830,262.4,14.3,11.6,False,248.09999999999997,False,D03,veg,62,Thursday,regular,clear,25.9,9.87,69.17,1606.0,False,2025-11
2025-11-20,lunch,Chicken Curry,1200,1090,506.1,11.8,19.0,False,494.3,False,D18,non-veg,180,Thursday,regular,clear,30.8,6.09,90.83,5544.0,False,2025-11
2025-11-20,dinner,Egg Curry,1200,1009,476.8,20.0,24.7,False,456.8,False,D19,egg,95,Thursday,regular,clear,44.7,9.38,84.08,4246.0,False,2025-11
2025-11-21,breakfast,Idli Sambar,1200,778,269.6,50.3,17.5,False,219.3,False,D04,veg,55,Friday,regular,clear,67.8,25.15,64.83,3729.0,False,2025-11
2025-11-21,lunch,Aloo Gobi,1200,964,452.9,69.5,32.7,False,383.4,False,D20,veg,58,Friday,regular,clear,102.2,22.57,80.33,5928.0,False,2025-11
2025-11-21,dinner,Bhindi Masala,1200,911,491.4,81.3,33.9,False,410.09999999999997,False,D21,veg,68,Friday,regular,clear,115.19999999999999,23.44,75.92,7834.0,False,2025-11
2025-11-22,breakfast,Masala Dosa,1200,519,262.6,101.1,7.8,False,161.50000000000003,False,D05,veg,70,Saturday,regular,rain,108.89999999999999,41.47,43.25,7623.0,True,2025-11
2025-11-22,lunch,Tinda Masala,1200,822,479.9,102.5,117.2,False,377.4,False,D22,veg,52,Saturday,regular,rain,219.7,45.78,68.5,11424.0,True,2025-11
2025-11-22,dinner,Rajma Chawal,1200,942,496.1,87.9,29.9,False,408.20000000000005,False,D09,veg,70,Saturday,regular,rain,117.80000000000001,23.75,78.5,8246.0,True,2025-11
2025-11-23,breakfast,Bread Omelette,1200,380,271.7,153.1,6.5,False,118.6,False,D06,egg,75,Sunday,regular,clear,159.6,58.74,31.67,11970.0,True,2025-11
2025-11-23,lunch,Chole Bhature,1200,936,467.0,68.7,14.5,False,398.3,False,D10,veg,78,Sunday,regular,clear,83.2,17.82,78.0,6490.0,True,2025-11
2025-11-23,dinner,Paneer Butter Masala,1200,848,499.6,123.6,14.1,False,376.0,False,D11,veg,160,Sunday,regular,clear,137.7,27.56,70.67,22032.0,True,2025-11
2025-11-24,breakfast,Puri Bhaji,1200,935,277.4,3.3,13.7,True,274.09999999999997,False,D07,veg,58,Monday,exams,clear,17.0,6.13,77.92,986.0,False,2025-11
2025-11-24,lunch,Lauki Chana Dal,1200,978,511.7,94.5,79.6,False,417.2,False,D13,veg,55,Monday,exams,clear,174.1,34.02,81.5,9576.0,False,2025-11
2025-11-24,dinner,Mixed Veg,1200,1133,491.8,14.4,43.8,False,477.40000000000003,False,D14,veg,65,Monday,exams,clear,58.199999999999996,11.83,94.42,3783.0,False,2025-11
2025-11-25,breakfast,Vermicelli Upma,1200,852,269.3,0.8,46.6,True,268.5,False,D08,veg,46,Tuesday,exams,clear,47.4,17.6,71.0,2180.0,False,2025-11
2025-11-25,lunch,Kadhi Pakoda,1200,1015,483.7,11.7,38.9,False,472.0,False,D15,veg,60,Tuesday,exams,clear,50.599999999999994,10.46,84.58,3036.0,False,2025-11
2025-11-25,dinner,Soya Chunk Curry,1200,1128,495.9,1.5,63.2,True,494.4,False,D16,veg,72,Tuesday,exams,clear,64.7,13.05,94.0,4658.0,False,2025-11
2025-11-26,breakfast,Poha,1200,864,262.1,0.7,24.4,True,261.40000000000003,False,D01,veg,48,Wednesday,exams,clear,25.099999999999998,9.58,72.0,1205.0,False,2025-11
2025-11-26,lunch,Veg Biryani,1200,1101,477.2,2.5,23.4,True,474.7,False,D17,veg,90,Wednesday,exams,clear,25.9,5.43,91.75,2331.0,False,2025-11
2025-11-26,dinner,Chicken Curry,1200,1174,490.2,1.0,15.9,True,489.2,False,D18,non-veg,180,Wednesday,exams,clear,16.9,3.45,97.83,3042.0,False,2025-11
2025-11-27,breakfast,Upma,1200,828,264.8,25.8,44.9,False,239.0,True,D02,veg,45,Thursday,exams,clear,70.7,26.7,69.0,3182.0,False,2025-11
2025-11-27,lunch,Egg Curry,1200,984,473.7,45.2,26.6,False,428.5,False,D19,egg,95,Thursday,exams,clear,71.80000000000001,15.16,82.0,6821.0,False,2025-11
2025-11-27,dinner,Aloo Gobi,1200,1183,495.8,0.5,47.5,True,495.3,False,D20,veg,58,Thursday,exams,clear,48.0,9.68,98.58,2784.0,False,2025-11
2025-11-28,breakfast,Aloo Paratha,1200,1044,259.3,1.5,15.4,True,257.8,False,D03,veg,62,Friday,exams,clear,16.9,6.52,87.0,1048.0,False,2025-11
2025-11-28,lunch,Bhindi Masala,1200,992,493.3,70.3,28.3,False,423.0,False,D21,veg,68,Friday,exams,clear,98.6,19.99,82.67,6705.0,False,2025-11
2025-11-28,dinner,Tinda Masala,1200,973,478.4,29.5,110.7,False,448.9,False,D22,veg,52,Friday,exams,clear,140.2,29.31,81.08,7290.0,False,2025-11
2025-11-29,breakfast,Idli Sambar,1200,572,265.8,91.4,10.3,False,174.4,False,D04,veg,55,Saturday,exams,clear,101.7,38.26,47.67,5594.0,True,2025-11
2025-11-29,lunch,Rajma Chawal,1200,1097,477.2,0.1,31.9,True,477.09999999999997,False,D09,veg,70,Saturday,exams,clear,32.0,6.71,91.42,2240.0,True,2025-11
2025-11-29,dinner,Chole Bhature,1200,1049,513.8,40.5,21.3,False,473.29999999999995,False,D10,veg,78,Saturday,exams,clear,61.8,12.03,87.42,4820.0,True,2025-11
2025-11-30,breakfast,Masala Dosa,1200,472,265.4,127.2,7.4,False,138.2,False,D05,veg,70,Sunday,exams,clear,134.6,50.72,39.33,9422.0,True,2025-11
2025-11-30,lunch,Paneer Butter Masala,1200,991,486.2,36.0,19.1,False,450.2,False,D11,veg,160,Sunday,exams,clear,55.1,11.33,82.58,8816.0,True,2025-11
2025-11-30,dinner,Dal Makhani,1200,822,496.5,137.7,19.9,False,358.8,False,D12,veg,85,Sunday,exams,clear,157.6,31.74,68.5,13396.0,True,2025-11
2025-12-01,breakfast,Bread Omelette,1200,885,288.3,17.4,23.7,False,270.90000000000003,False,D06,egg,75,Monday,exams,clear,41.099999999999994,14.26,73.75,3082.0,False,2025-12
2025-12-01,lunch,Mixed Veg,1200,953,490.2,55.2,71.7,False,435.0,False,D14,veg,65,Monday,exams,clear,126.9,25.89,79.42,8248.0,False,2025-12
2025-12-01,dinner,Kadhi Pakoda,1200,1138,484.2,5.3,46.5,True,478.9,False,D15,veg,60,Monday,exams,clear,51.8,10.7,94.83,3108.0,False,2025-12
2025-12-02,breakfast,Puri Bhaji,1200,884,276.7,7.0,12.2,False,269.7,False,D07,veg,58,Tuesday,exams,clear,19.2,6.94,73.67,1114.0,False,2025-12
2025-12-02,lunch,Soya Chunk Curry,1200,955,461.2,49.3,73.1,False,411.9,False,D16,veg,72,Tuesday,exams,clear,122.39999999999999,26.54,79.58,8813.0,False,2025-12
2025-12-02,dinner,Veg Biryani,1200,1170,469.5,1.7,24.1,True,467.8,False,D17,veg,90,Tuesday,exams,clear,25.8,5.5,97.5,2322.0,False,2025-12
2025-12-03,breakfast,Vermicelli Upma,1200,868,266.3,22.7,45.9,False,243.60000000000002,False,D08,veg,46,Wednesday,exams,rain,68.6,25.76,72.33,3156.0,False,2025-12
2025-12-03,lunch,Chicken Curry,1200,1145,458.7,2.8,12.1,True,455.9,False,D18,non-veg,180,Wednesday,exams,rain,14.899999999999999,3.25,95.42,2682.0,False,2025-12
2025-12-03,dinner,Egg Curry,1200,1168,511.5,2.6,30.0,True,508.9,True,D19,egg,95,Wednesday,exams,rain,32.6,6.37,97.33,3097.0,False,2025-12
2025-12-04,breakfast,Poha,1200,903,275.7,0.7,23.6,True,275.0,False,D01,veg,48,Thursday,exams,clear,24.3,8.81,75.25,1166.0,False,2025-12
2025-12-04,lunch,Aloo Gobi,1200,1003,477.3,26.7,34.4,False,450.6,False,D20,veg,58,Thursday,exams,clear,61.099999999999994,12.8,83.58,3544.0,False,2025-12
2025-12-04,dinner,Bhindi Masala,1200,1178,513.7,16.0,46.2,False,497.70000000000005,False,D21,veg,68,Thursday,exams,clear,62.2,12.11,98.17,4230.0,False,2025-12
2025-12-05,breakfast,Upma,1200,870,274.2,33.7,37.5,False,240.5,False,D02,veg,45,Friday,exams,clear,71.2,25.97,72.5,3204.0,False,2025-12
2025-12-05,lunch,Tinda Masala,1200,891,499.9,108.3,100.3,False,391.59999999999997,True,D22,veg,52,Friday,exams,clear,208.6,41.73,74.25,10847.0,False,2025-12
2025-12-05,dinner,Rajma Chawal,1200,1080,509.2,11.1,35.0,False,498.09999999999997,False,D09,veg,70,Friday,exams,clear,46.1,9.05,90.0,3227.0,False,2025-12
2025-12-06,breakfast,Aloo Paratha,1200,569,274.9,102.6,6.9,False,172.29999999999998,False,D03,veg,62,Saturday,exams,clear,109.5,39.83,47.42,6789.0,True,2025-12
2025-12-06,lunch,Chole Bhature,1200,1100,458.1,1.9,17.3,True,456.20000000000005,False,D10,veg,78,Saturday,exams,clear,19.2,4.19,91.67,1498.0,True,2025-12
2025-12-06,dinner,Paneer Butter Masala,1200,1087,490.7,18.9,15.8,False,471.8,False,D11,veg,160,Saturday,exams,clear,34.7,7.07,90.58,5552.0,True,2025-12
2025-12-07,breakfast,Idli Sambar,1200,429,249.7,119.1,8.7,False,130.6,False,D04,veg,55,Sunday,exams,clear,127.8,51.18,35.75,7029.0,True,2025-12
2025-12-07,lunch,Dal Makhani,1200,913,472.8,68.7,20.3,False,404.1,False,D12,veg,85,Sunday,exams,clear,89.0,18.82,76.08,7565.0,True,2025-12
2025-12-07,dinner,Lauki Chana Dal,1200,771,521.7,181.8,62.6,False,339.90000000000003,False,D13,veg,55,Sunday,exams,clear,244.4,46.85,64.25,13442.0,True,2025-12
2025-12-08,breakfast,Masala Dosa,1200,989,280.9,1.2,11.9,False,279.7,False,D05,veg,70,Monday,exams,clear,13.1,4.66,82.42,917.0,False,2025-12
2025-12-08,lunch,Kadhi Pakoda,1200,982,469.9,19.4,48.2,False,450.5,False,D15,veg,60,Monday,exams,clear,67.6,14.39,81.83,4056.0,False,2025-12
2025-12-08,dinner,Soya Chunk Curry,1200,1067,526.4,37.5,90.0,False,488.9,False,D16,veg,72,Monday,exams,clear,127.5,24.22,88.92,9180.0,False,2025-12
2025-12-09,breakfast,Bread Omelette,1200,1034,263.9,0.9,14.6,True,263.0,False,D06,egg,75,Tuesday,exams,clear,15.5,5.87,86.17,1162.0,False,2025-12
2025-12-09,lunch,Veg Biryani,1200,1105,490.6,0.3,22.1,True,490.3,False,D17,veg,90,Tuesday,exams,clear,22.400000000000002,4.57,92.08,2016.0,False,2025-12
2025-12-09,dinner,Chicken Curry,1200,1183,491.1,0.3,16.5,True,490.8,False,D18,non-veg,180,Tuesday,exams,clear,16.8,3.42,98.58,3024.0,False,2025-12
2025-12-10,breakfast,Puri Bhaji,1200,961,266.7,0.5,13.4,True,266.2,False,D07,veg,58,Wednesday,exams,clear,13.9,5.21,80.08,806.0,False,2025-12
2025-12-10,lunch,Egg Curry,1200,1023,474.2,13.3,29.7,False,460.9,False,D19,egg,95,Wednesday,exams,clear,43.0,9.07,85.25,4085.0,False,2025-12
2025-12-10,dinner,Aloo Gobi,1200,1119,473.9,0.5,44.3,True,473.4,False,D20,veg,58,Wednesday,exams,clear,44.8,9.45,93.25,2598.0,False,2025-12
2025-12-11,breakfast,Vermicelli Upma,1200,682,275.6,72.1,30.7,False,203.50000000000003,False,D08,veg,46,Thursday,regular,clear,102.8,37.3,56.83,4729.0,False,2025-12
2025-12-11,lunch,Bhindi Masala,1200,897,470.7,48.7,32.2,False,422.0,True,D21,veg,68,Thursday,regular,clear,80.9,17.19,74.75,5501.0,False,2025-12
2025-12-11,dinner,Tinda Masala,1200,887,502.9,121.2,92.7,False,381.7,False,D22,veg,52,Thursday,regular,clear,213.9,42.53,73.92,11123.0,False,2025-12
2025-12-12,breakfast,Poha,1200,728,259.6,46.4,15.8,False,213.20000000000002,False,D01,veg,48,Friday,regular,clear,62.2,23.96,60.67,2986.0,False,2025-12
2025-12-12,lunch,Rajma Chawal,1200,1007,464.4,16.8,27.8,False,447.59999999999997,False,D09,veg,70,Friday,regular,clear,44.6,9.6,83.92,3122.0,False,2025-12
2025-12-12,dinner,Chole Bhature,1200,1014,502.1,47.1,16.8,False,455.0,False,D10,veg,78,Friday,regular,clear,63.900000000000006,12.73,84.5,4984.0,False,2025-12
2025-12-13,breakfast,Upma,1200,372,265.7,163.9,20.3,False,101.79999999999998,False,D02,veg,45,Saturday,regular,clear,184.20000000000002,69.33,31.0,8289.0,True,2025-12
2025-12-13,lunch,Paneer Butter Masala,1200,1038,471.1,39.5,19.4,False,431.6,False,D11,veg,160,Saturday,regular,clear,58.9,12.5,86.5,9424.0,True,2025-12
2025-12-13,dinner,Dal Makhani,1200,868,503.1,86.4,16.8,False,416.70000000000005,False,D12,veg,85,Saturday,regular,clear,103.2,20.51,72.33,8772.0,True,2025-12
2025-12-14,breakfast,Aloo Paratha,1200,313,272.7,183.2,5.1,False,89.5,False,D03,veg,62,Sunday,regular,clear,188.29999999999998,69.05,26.08,11675.0,True,2025-12
2025-12-14,lunch,Lauki Chana Dal,1200,769,493.5,151.0,98.0,False,342.5,False,D13,veg,55,Sunday,regular,clear,249.0,50.46,64.08,13695.0,True,2025-12
2025-12-14,dinner,Mixed Veg,1200,691,507.5,176.4,52.6,False,331.1,False,D14,veg,65,Sunday,regular,clear,229.0,45.12,57.58,14885.0,True,2025-12
2025-12-15,breakfast,Idli Sambar,1200,765,266.8,32.7,16.4,False,234.10000000000002,True,D04,veg,55,Monday,regular,clear,49.1,18.4,63.75,2700.0,False,2025-12
2025-12-15,lunch,Soya Chunk Curry,1200,953,472.9,45.1,65.4,False,427.79999999999995,False,D16,veg,72,Monday,regular,clear,110.5,23.37,79.42,7956.0,False,2025-12
2025-12-15,dinner,Veg Biryani,1200,1083,472.2,1.4,23.6,True,470.8,True,D17,veg,90,Monday,regular,clear,25.0,5.29,90.25,2250.0,False,2025-12
2025-12-16,breakfast,Masala Dosa,1200,833,264.5,12.7,14.1,False,251.8,False,D05,veg,70,Tuesday,regular,clear,26.799999999999997,10.13,69.42,1876.0,False,2025-12
2025-12-16,lunch,Chicken Curry,1200,1051,485.3,42.6,16.1,False,442.7,False,D18,non-veg,180,Tuesday,regular,clear,58.7,12.1,87.58,10566.0,False,2025-12
2025-12-16,dinner,Egg Curry,1200,957,491.2,89.4,26.2,False,401.79999999999995,False,D19,egg,95,Tuesday,regular,clear,115.60000000000001,23.53,79.75,10982.0,False,2025-12
2025-12-17,breakfast,Bread Omelette,1200,734,268.1,49.5,15.2,False,218.60000000000002,False,D06,egg,75,Wednesday,regular,rain,64.7,24.13,61.17,4852.0,False,2025-12
2025-12-17,lunch,Aloo Gobi,1200,1026,482.0,7.0,41.2,False,475.0,False,D20,veg,58,Wednesday,regular,rain,48.2,10.0,85.5,2796.0,False,2025-12
2025-12-17,dinner,Bhindi Masala,1200,1044,517.1,42.9,43.7,False,474.20000000000005,False,D21,veg,68,Wednesday,regular,rain,86.6,16.75,87.0,5889.0,False,2025-12
2025-12-18,breakfast,Puri Bhaji,1200,832,283.0,37.1,10.2,False,245.9,False,D07,veg,58,Thursday,regular,clear,47.3,16.71,69.33,2743.0,False,2025-12
2025-12-18,lunch,Tinda Masala,1200,849,486.1,99.2,100.5,False,386.90000000000003,False,D22,veg,52,Thursday,regular,clear,199.7,41.08,70.75,10384.0,False,2025-12
2025-12-18,dinner,Rajma Chawal,1200,1039,491.2,17.9,28.2,False,473.3,False,D09,veg,70,Thursday,regular,clear,46.099999999999994,9.39,86.58,3227.0,False,2025-12
2025-12-19,breakfast,Vermicelli Upma,1200,721,269.6,56.1,31.7,False,213.50000000000003,False,D08,veg,46,Friday,regular,clear,87.8,32.57,60.08,4039.0,False,2025-12
2025-12-19,lunch,Chole Bhature,1200,1070,476.6,27.9,17.6,False,448.70000000000005,False,D10,veg,78,Friday,regular,clear,45.5,9.55,89.17,3549.0,False,2025-12
2025-12-19,dinner,Paneer Butter Masala,1200,1061,509.7,58.4,20.4,False,451.3,False,D11,veg,160,Friday,regular,clear,78.8,15.46,88.42,12608.0,False,2025-12
2026-01-05,breakfast,Poha,1200,706,275.5,65.5,15.2,False,210.0,False,D01,veg,48,Monday,regular,clear,80.7,29.29,58.83,3874.0,False,2026-01
2026-01-05,lunch,Dal Makhani,1200,986,467.6,16.1,31.4,False,451.5,False,D12,veg,85,Monday,regular,clear,47.5,10.16,82.17,4038.0,False,2026-01
2026-01-05,dinner,Lauki Chana Dal,1200,864,483.4,87.0,80.9,False,396.4,False,D13,veg,55,Monday,regular,clear,167.9,34.73,72.0,9234.0,False,2026-01
2026-01-06,breakfast,Upma,1200,643,278.0,74.6,39.8,False,203.4,False,D02,veg,45,Tuesday,regular,clear,114.39999999999999,41.15,53.58,5148.0,False,2026-01
2026-01-06,lunch,Mixed Veg,1200,923,477.2,57.0,39.2,False,420.2,False,D14,veg,65,Tuesday,regular,clear,96.2,20.16,76.92,6253.0,False,2026-01
2026-01-06,dinner,Kadhi Pakoda,1200,1009,496.9,5.6,51.4,False,491.29999999999995,False,D15,veg,60,Tuesday,regular,clear,57.0,11.47,84.08,3420.0,False,2026-01
2026-01-07,breakfast,Aloo Paratha,1200,861,267.7,17.8,15.0,False,249.89999999999998,False,D03,veg,62,Wednesday,regular,clear,32.8,12.25,71.75,2034.0,False,2026-01
2026-01-07,lunch,Veg Biryani,1200,1076,472.1,1.1,17.3,True,471.0,False,D17,veg,90,Wednesday,regular,clear,18.400000000000002,3.9,89.67,1656.0,False,2026-01
2026-01-07,dinner,Chicken Curry,1200,1178,475.1,2.9,14.4,True,472.20000000000005,False,D18,non-veg,180,Wednesday,regular,clear,17.3,3.64,98.17,3114.0,False,2026-01
2026-01-08,breakfast,Idli Sambar,1200,757,271.8,38.9,14.5,False,232.9,False,D04,veg,55,Thursday,regular,clear,53.4,19.65,63.08,2937.0,False,2026-01
2026-01-08,lunch,Egg Curry,1200,949,451.6,24.0,30.4,False,427.6,False,D19,egg,95,Thursday,regular,clear,54.4,12.05,79.08,5168.0,False,2026-01
2026-01-08,dinner,Aloo Gobi,1200,989,486.4,37.3,47.0,False,449.09999999999997,False,D20,veg,58,Thursday,regular,clear,84.3,17.33,82.42,4889.0,False,2026-01
2026-01-09,breakfast,Masala Dosa,1200,767,282.2,61.9,12.3,False,220.29999999999998,False,D05,veg,70,Friday,regular,clear,74.2,26.29,63.92,5194.0,False,2026-01
2026-01-09,lunch,Bhindi Masala,1200,978,459.7,23.2,42.0,False,436.5,False,D21,veg,68,Friday,regular,clear,65.2,14.18,81.5,4434.0,False,2026-01
2026-01-09,dinner,Tinda Masala,1200,874,516.9,147.6,107.0,False,369.29999999999995,False,D22,veg,52,Friday,regular,clear,254.6,49.26,72.83,13239.0,False,2026-01
2026-01-10,breakfast,Bread Omelette,1200,481,275.0,127.6,11.4,False,147.4,False,D06,egg,75,Saturday,regular,clear,139.0,50.55,40.08,10425.0,True,2026-01
2026-01-10,lunch,Rajma Chawal,1200,969,472.1,29.6,25.9,False,442.5,False,D09,veg,70,Saturday,regular,clear,55.5,11.76,80.75,3885.0,True,2026-01
2026-01-10,dinner,Chole Bhature,1200,900,497.8,121.8,16.3,False,376.0,False,D10,veg,78,Saturday,regular,clear,138.1,27.74,75.0,10772.0,True,2026-01
2026-01-11,breakfast,Puri Bhaji,1200,437,263.6,123.4,6.3,False,140.20000000000002,False,D07,veg,58,Sunday,regular,clear,129.70000000000002,49.2,36.42,7523.0,True,2026-01
2026-01-11,lunch,Paneer Butter Masala,1200,954,471.8,42.2,18.0,False,429.6,False,D11,veg,160,Sunday,regular,clear,60.2,12.76,79.5,9632.0,True,2026-01
2026-01-11,dinner,Dal Makhani,1200,718,506.4,166.0,14.5,False,340.4,False,D12,veg,85,Sunday,regular,clear,180.5,35.64,59.83,15342.0,True,2026-01
2026-01-12,breakfast,Vermicelli Upma,1200,667,262.1,70.6,28.2,False,191.50000000000003,False,D08,veg,46,Monday,regular,clear,98.8,37.7,55.58,4545.0,False,2026-01
2026-01-12,lunch,Lauki Chana Dal,1200,839,475.7,102.8,73.2,False,372.9,False,D13,veg,55,Monday,regular,clear,176.0,37.0,69.92,9680.0,False,2026-01
2026-01-12,dinner,Mixed Veg,1200,959,482.9,66.4,58.0,False,416.5,False,D14,veg,65,Monday,regular,clear,124.4,25.76,79.92,8086.0,False,2026-01
2026-01-13,breakfast,Poha,1200,747,279.8,51.3,17.8,False,228.5,True,D01,veg,48,Tuesday,regular,clear,69.1,24.7,62.25,3317.0,False,2026-01
2026-01-13,lunch,Kadhi Pakoda,1200,978,481.8,38.2,49.2,False,443.6,False,D15,veg,60,Tuesday,regular,clear,87.4,18.14,81.5,5244.0,False,2026-01
2026-01-13,dinner,Soya Chunk Curry,1200,1024,485.7,0.9,59.2,True,484.8,False,D16,veg,72,Tuesday,regular,clear,60.1,12.37,85.33,4327.0,False,2026-01
2026-01-14,breakfast,Upma,1200,654,269.2,54.3,44.6,False,214.89999999999998,False,D02,veg,45,Wednesday,regular,clear,98.9,36.74,54.5,4450.0,False,2026-01
2026-01-14,lunch,Chicken Curry,1200,1039,475.7,21.5,13.2,False,454.2,False,D18,non-veg,180,Wednesday,regular,clear,34.7,7.29,86.58,6246.0,False,2026-01
2026-01-14,dinner,Egg Curry,1200,1014,476.8,24.9,19.9,False,451.90000000000003,False,D19,egg,95,Wednesday,regular,clear,44.8,9.4,84.5,4256.0,False,2026-01
2026-01-15,breakfast,Aloo Paratha,1200,794,271.6,30.1,13.9,False,241.50000000000003,False,D03,veg,62,Thursday,regular,clear,44.0,16.2,66.17,2728.0,False,2026-01
2026-01-15,lunch,Aloo Gobi,1200,951,458.9,39.4,40.9,False,419.5,False,D20,veg,58,Thursday,regular,clear,80.3,17.5,79.25,4657.0,False,2026-01
2026-01-15,dinner,Bhindi Masala,1200,1036,501.3,74.0,29.6,False,427.3,False,D21,veg,68,Thursday,regular,clear,103.6,20.67,86.33,7045.0,False,2026-01
2026-01-16,breakfast,Idli Sambar,1200,827,272.5,31.2,15.9,False,241.3,False,D04,veg,55,Friday,regular,clear,47.1,17.28,68.92,2590.0,False,2026-01
2026-01-16,lunch,Tinda Masala,1200,851,454.4,76.2,102.8,False,378.2,False,D22,veg,52,Friday,regular,clear,179.0,39.39,70.92,9308.0,False,2026-01
2026-01-16,dinner,Rajma Chawal,1200,985,500.2,62.8,16.0,False,437.4,False,D09,veg,70,Friday,regular,clear,78.8,15.75,82.08,5516.0,False,2026-01
2026-01-17,breakfast,Masala Dosa,1200,472,274.3,131.1,6.6,False,143.20000000000002,False,D05,veg,70,Saturday,regular,clear,137.7,50.2,39.33,9639.0,True,2026-01
2026-01-17,lunch,Chole Bhature,1200,1006,477.3,38.2,21.7,False,439.1,False,D10,veg,78,Saturday,regular,clear,59.900000000000006,12.55,83.83,4672.0,True,2026-01
2026-01-17,dinner,Paneer Butter Masala,1200,949,492.6,67.3,16.4,False,425.3,False,D11,veg,160,Saturday,regular,clear,83.69999999999999,16.99,79.08,13392.0,True,2026-01
2026-01-18,breakfast,Bread Omelette,1200,414,264.3,149.9,6.9,False,114.4,False,D06,egg,75,Sunday,regular,clear,156.8,59.33,34.5,11760.0,True,2026-01
2026-01-18,lunch,Dal Makhani,1200,855,476.2,83.2,23.0,False,393.0,False,D12,veg,85,Sunday,regular,clear,106.2,22.3,71.25,9027.0,True,2026-01
2026-01-18,dinner,Lauki Chana Dal,1200,602,497.0,210.7,57.4,False,286.3,False,D13,veg,55,Sunday,regular,clear,268.09999999999997,53.94,50.17,14745.0,True,2026-01
2026-01-19,breakfast,Puri Bhaji,1200,869,266.1,2.7,12.6,True,263.40000000000003,False,D07,veg,58,Monday,regular,clear,15.3,5.75,72.42,887.0,False,2026-01
2026-01-19,lunch,Mixed Veg,1200,904,472.4,66.2,43.3,False,406.2,False,D14,veg,65,Monday,regular,clear,109.5,23.18,75.33,7118.0,False,2026-01
2026-01-19,dinner,Kadhi Pakoda,1200,1029,479.5,49.0,53.9,False,430.5,False,D15,veg,60,Monday,regular,clear,102.9,21.46,85.75,6174.0,False,2026-01
2026-01-20,breakfast,Vermicelli Upma,1200,698,268.2,69.8,27.6,False,198.39999999999998,False,D08,veg,46,Tuesday,regular,clear,97.4,36.32,58.17,4480.0,False,2026-01
2026-01-20,lunch,Soya Chunk Curry,1200,887,482.5,105.1,73.3,False,377.4,False,D16,veg,72,Tuesday,regular,clear,178.39999999999998,36.97,73.92,12845.0,False,2026-01
2026-01-20,dinner,Veg Biryani,1200,1114,481.1,0.8,23.1,True,480.3,False,D17,veg,90,Tuesday,regular,clear,23.900000000000002,4.97,92.83,2151.0,False,2026-01
2026-01-21,breakfast,Poha,1200,701,263.5,74.2,11.6,False,189.3,False,D01,veg,48,Wednesday,regular,clear,85.8,32.56,58.42,4118.0,False,2026-01
2026-01-21,lunch,Egg Curry,1200,898,456.4,42.0,18.8,False,414.4,False,D19,egg,95,Wednesday,regular,clear,60.8,13.32,74.83,5776.0,False,2026-01
2026-01-21,dinner,Aloo Gobi,1200,1074,473.5,13.0,56.8,False,460.5,False,D20,veg,58,Wednesday,regular,clear,69.8,14.74,89.5,4048.0,False,2026-01
2026-01-22,breakfast,Upma,1200,686,269.6,67.1,37.9,False,202.50000000000003,False,D02,veg,45,Thursday,regular,clear,105.0,38.95,57.17,4725.0,False,2026-01
2026-01-22,lunch,Bhindi Masala,1200,1006,487.8,55.0,39.2,False,432.8,False,D21,veg,68,Thursday,regular,clear,94.2,19.31,83.83,6406.0,False,2026-01
2026-01-22,dinner,Tinda Masala,1200,946,480.0,68.7,104.3,False,411.3,False,D22,veg,52,Thursday,regular,clear,173.0,36.04,78.83,8996.0,False,2026-01
2026-01-23,breakfast,Aloo Paratha,1200,843,276.0,11.1,16.2,False,264.9,False,D03,veg,62,Friday,regular,clear,27.299999999999997,9.89,70.25,1693.0,False,2026-01
2026-01-23,lunch,Rajma Chawal,1200,968,488.3,51.7,26.1,False,436.6,False,D09,veg,70,Friday,regular,clear,77.80000000000001,15.93,80.67,5446.0,False,2026-01
2026-01-23,dinner,Chole Bhature,1200,1041,484.9,22.0,18.5,False,462.9,False,D10,veg,78,Friday,regular,clear,40.5,8.35,86.75,3159.0,False,2026-01
2026-01-24,breakfast,Idli Sambar,1200,216,266.0,208.3,3.8,False,57.69999999999999,False,D04,veg,55,Saturday,long_weekend,clear,212.10000000000002,79.74,18.0,11666.0,True,2026-01
2026-01-24,lunch,Paneer Butter Masala,1200,522,466.7,236.0,7.8,False,230.7,False,D11,veg,160,Saturday,long_weekend,clear,243.8,52.24,43.5,39008.0,True,2026-01
2026-01-24,dinner,Dal Makhani,1200,497,499.2,277.0,12.2,False,222.2,False,D12,veg,85,Saturday,long_weekend,clear,289.2,57.93,41.42,24582.0,True,2026-01
2026-01-25,breakfast,Masala Dosa,1200,200,278.5,217.4,3.0,False,61.099999999999994,False,D05,veg,70,Sunday,long_weekend,clear,220.4,79.14,16.67,15428.0,True,2026-01
2026-01-25,lunch,Lauki Chana Dal,1200,448,462.1,266.4,46.4,False,195.70000000000005,False,D13,veg,55,Sunday,long_weekend,clear,312.79999999999995,67.69,37.33,17204.0,True,2026-01
2026-01-25,dinner,Mixed Veg,1200,356,485.5,328.4,18.5,False,157.10000000000002,False,D14,veg,65,Sunday,long_weekend,clear,346.9,71.45,29.67,22548.0,True,2026-01
2026-01-26,breakfast,Bread Omelette,1200,419,274.4,148.7,9.5,False,125.69999999999999,False,D06,egg,75,Monday,long_weekend,clear,158.2,57.65,34.92,11865.0,False,2026-01
2026-01-26,lunch,Kadhi Pakoda,1200,492,495.0,281.7,22.2,False,213.3,False,D15,veg,60,Monday,long_weekend,clear,303.9,61.39,41.0,18234.0,False,2026-01
2026-01-26,dinner,Soya Chunk Curry,1200,562,490.9,228.3,43.3,False,262.59999999999997,False,D16,veg,72,Monday,long_weekend,clear,271.6,55.33,46.83,19555.0,False,2026-01
2026-01-27,breakfast,Puri Bhaji,1200,800,264.3,34.1,12.7,False,230.20000000000002,False,D07,veg,58,Tuesday,regular,clear,46.8,17.71,66.67,2714.0,False,2026-01
2026-01-27,lunch,Veg Biryani,1200,1033,486.6,31.6,20.3,False,455.0,False,D17,veg,90,Tuesday,regular,clear,51.900000000000006,10.67,86.08,4671.0,False,2026-01
2026-01-27,dinner,Chicken Curry,1200,1129,493.5,0.1,11.6,True,493.4,False,D18,non-veg,180,Tuesday,regular,clear,11.7,2.37,94.08,2106.0,False,2026-01
2026-01-28,breakfast,Vermicelli Upma,1200,679,270.7,71.8,38.4,False,198.89999999999998,False,D08,veg,46,Wednesday,regular,clear,110.19999999999999,40.71,56.58,5069.0,False,2026-01
2026-01-28,lunch,Aloo Gobi,1200,951,483.6,47.6,43.6,False,436.0,False,D20,veg,58,Wednesday,regular,clear,91.2,18.86,79.25,5290.0,False,2026-01
2026-01-28,dinner,Bhindi Masala,1200,1056,486.0,1.3,39.9,True,484.7,False,D21,veg,68,Wednesday,regular,clear,41.199999999999996,8.48,88.0,2802.0,False,2026-01
2026-01-29,breakfast,Poha,1200,745,254.1,31.9,17.4,False,222.2,False,D01,veg,48,Thursday,regular,clear,49.3,19.4,62.08,2366.0,False,2026-01
2026-01-29,lunch,Tinda Masala,1200,847,440.7,73.1,83.2,False,367.6,False,D22,veg,52,Thursday,regular,clear,156.3,35.47,70.58,8128.0,False,2026-01
2026-01-29,dinner,Rajma Chawal,1200,1047,470.2,15.4,30.4,False,454.8,False,D09,veg,70,Thursday,regular,clear,45.8,9.74,87.25,3206.0,False,2026-01
2026-01-30,breakfast,Upma,1200,756,276.7,64.1,42.1,False,212.6,False,D02,veg,45,Friday,regular,clear,106.19999999999999,38.38,63.0,4779.0,False,2026-01
2026-01-30,lunch,Chole Bhature,1200,1037,480.7,5.0,24.4,False,475.7,False,D10,veg,78,Friday,regular,clear,29.4,6.12,86.42,2293.0,False,2026-01
2026-01-30,dinner,Paneer Butter Masala,1200,1004,517.6,42.8,20.6,False,474.8,False,D11,veg,160,Friday,regular,clear,63.4,12.25,83.67,10144.0,False,2026-01
2026-01-31,breakfast,Aloo Paratha,1200,523,267.2,117.6,8.7,False,149.6,False,D03,veg,62,Saturday,regular,clear,126.3,47.27,43.58,7831.0,True,2026-01
2026-01-31,lunch,Dal Makhani,1200,954,463.9,22.7,29.5,False,441.2,False,D12,veg,85,Saturday,regular,clear,52.2,11.25,79.5,4437.0,True,2026-01
2026-01-31,dinner,Lauki Chana Dal,1200,784,481.2,133.4,61.9,False,347.79999999999995,False,D13,veg,55,Saturday,regular,clear,195.3,40.59,65.33,10742.0,True,2026-01
2026-02-01,breakfast,Idli Sambar,1200,355,120.9,17.4,6.2,False,103.5,False,D04,veg,55,Sunday,regular,clear,23.599999999999998,19.52,29.58,1298.0,True,2026-02
2026-02-01,lunch,Mixed Veg,1200,854,482.3,102.0,60.1,False,380.3,False,D14,veg,65,Sunday,regular,clear,162.1,33.61,71.17,10536.0,True,2026-02
2026-02-01,dinner,Kadhi Pakoda,1200,663,469.9,173.8,36.2,False,296.09999999999997,False,D15,veg,60,Sunday,regular,clear,210.0,44.69,55.25,12600.0,True,2026-02
2026-02-02,breakfast,Masala Dosa,1200,804,275.1,42.0,13.7,False,233.10000000000002,False,D05,veg,70,Monday,regular,clear,55.7,20.25,67.0,3899.0,False,2026-02
2026-02-02,lunch,Soya Chunk Curry,1200,911,458.9,40.7,70.0,False,418.2,False,D16,veg,72,Monday,regular,clear,110.7,24.12,75.92,7970.0,False,2026-02
2026-02-02,dinner,Veg Biryani,1200,1082,511.5,16.0,25.1,False,495.5,False,D17,veg,90,Monday,regular,clear,41.1,8.04,90.17,3699.0,False,2026-02
2026-02-03,breakfast,Bread Omelette,1200,739,274.9,53.8,11.9,False,221.09999999999997,False,D06,egg,75,Tuesday,regular,clear,65.7,23.9,61.58,4928.0,False,2026-02
2026-02-03,lunch,Chicken Curry,1200,1091,477.8,0.8,15.2,True,477.0,False,D18,non-veg,180,Tuesday,regular,clear,16.0,3.35,90.92,2880.0,False,2026-02
2026-02-03,dinner,Egg Curry,1200,1032,507.9,26.1,24.6,False,481.79999999999995,False,D19,egg,95,Tuesday,regular,clear,50.7,9.98,86.0,4816.0,False,2026-02
2026-02-04,breakfast,Puri Bhaji,1200,825,265.6,18.9,13.5,False,246.70000000000002,False,D07,veg,58,Wednesday,regular,clear,32.4,12.2,68.75,1879.0,False,2026-02
2026-02-04,lunch,Bhindi Masala,1200,996,491.0,44.8,34.0,False,446.2,False,D21,veg,68,Wednesday,regular,clear,78.8,16.05,83.0,5358.0,False,2026-02
2026-02-04,dinner,Tinda Masala,1200,908,493.9,90.3,115.2,False,403.59999999999997,False,D22,veg,52,Wednesday,regular,clear,205.5,41.61,75.67,10686.0,False,2026-02
2026-02-05,breakfast,Vermicelli Upma,1200,704,276.6,58.2,31.4,False,218.40000000000003,False,D08,veg,46,Thursday,regular,clear,89.6,32.39,58.67,4122.0,False,2026-02
2026-02-05,lunch,Rajma Chawal,1200,941,468.6,14.0,32.2,False,454.6,False,D09,veg,70,Thursday,regular,clear,46.2,9.86,78.42,3234.0,False,2026-02
2026-02-05,dinner,Chole Bhature,1200,1115,504.6,0.4,20.9,True,504.20000000000005,False,D10,veg,78,Thursday,regular,clear,21.299999999999997,4.22,92.92,1661.0,False,2026-02
2026-02-06,breakfast,Poha,1200,707,263.6,60.2,16.9,False,203.40000000000003,False,D01,veg,48,Friday,fest,clear,77.1,29.25,58.92,3701.0,False,2026-02
2026-02-06,lunch,Paneer Butter Masala,1200,775,499.3,159.8,12.7,False,339.5,False,D11,veg,160,Friday,fest,clear,172.5,34.55,64.58,27600.0,False,2026-02
2026-02-06,dinner,Dal Makhani,1200,541,469.9,219.1,18.6,False,250.79999999999998,False,D12,veg,85,Friday,fest,clear,237.7,50.59,45.08,20204.0,False,2026-02
2026-02-07,breakfast,Upma,1200,383,128.6,17.2,18.8,False,111.39999999999999,False,D02,veg,45,Saturday,fest,clear,36.0,27.99,31.92,1620.0,True,2026-02
2026-02-07,lunch,Lauki Chana Dal,1200,612,460.0,188.8,57.9,False,271.2,False,D13,veg,55,Saturday,fest,clear,246.70000000000002,53.63,51.0,13569.0,True,2026-02
2026-02-07,dinner,Mixed Veg,1200,496,492.2,262.9,25.6,False,229.3,False,D14,veg,65,Saturday,fest,clear,288.5,58.61,41.33,18752.0,True,2026-02
2026-02-08,breakfast,Aloo Paratha,1200,425,136.4,1.6,6.7,False,134.8,False,D03,veg,62,Sunday,fest,clear,8.3,6.09,35.42,515.0,True,2026-02
2026-02-08,lunch,Kadhi Pakoda,1200,632,496.6,222.2,29.3,False,274.40000000000003,False,D15,veg,60,Sunday,fest,clear,251.5,50.64,52.67,15090.0,True,2026-02
2026-02-08,dinner,Soya Chunk Curry,1200,363,485.0,315.7,27.3,False,169.3,False,D16,veg,72,Sunday,fest,clear,343.0,70.72,30.25,24696.0,True,2026-02
2026-02-09,breakfast,Idli Sambar,1200,764,252.7,21.1,16.4,False,231.6,False,D04,veg,55,Monday,regular,clear,37.5,14.84,63.67,2062.0,False,2026-02
2026-02-09,lunch,Veg Biryani,1200,1031,487.0,25.1,19.9,False,461.9,False,D17,veg,90,Monday,regular,clear,45.0,9.24,85.92,4050.0,False,2026-02
2026-02-09,dinner,Chicken Curry,1200,1175,473.5,0.2,12.2,True,473.3,False,D18,non-veg,180,Monday,regular,clear,12.399999999999999,2.62,97.92,2232.0,False,2026-02
2026-02-10,breakfast,Masala Dosa,1200,805,257.7,14.4,10.1,False,243.29999999999998,False,D05,veg,70,Tuesday,regular,clear,24.5,9.51,67.08,1715.0,False,2026-02
2026-02-10,lunch,Egg Curry,1200,999,480.4,47.2,26.2,False,433.2,False,D19,egg,95,Tuesday,regular,clear,73.4,15.28,83.25,6973.0,False,2026-02
2026-02-10,dinner,Aloo Gobi,1200,1008,488.5,37.5,42.9,False,451.0,False,D20,veg,58,Tuesday,regular,clear,80.4,16.46,84.0,4663.0,False,2026-02
2026-02-11,breakfast,Bread Omelette,1200,710,270.5,55.4,13.2,False,215.1,False,D06,egg,75,Wednesday,regular,clear,68.6,25.36,59.17,5145.0,False,2026-02
2026-02-11,lunch,Tinda Masala,1200,824,473.0,90.6,119.0,False,382.4,False,D22,veg,52,Wednesday,regular,clear,209.6,44.31,68.67,10899.0,False,2026-02
2026-02-11,dinner,Rajma Chawal,1200,1067,463.2,1.9,29.7,True,461.3,False,D09,veg,70,Wednesday,regular,clear,31.599999999999998,6.82,88.92,2212.0,False,2026-02
2026-02-12,breakfast,Puri Bhaji,1200,753,267.3,57.8,13.4,False,209.5,False,D07,veg,58,Thursday,regular,clear,71.2,26.64,62.75,4130.0,False,2026-02
2026-02-12,lunch,Chole Bhature,1200,1010,471.4,22.0,23.4,False,449.4,False,D10,veg,78,Thursday,regular,clear,45.4,9.63,84.17,3541.0,False,2026-02
2026-02-12,dinner,Paneer Butter Masala,1200,1112,490.1,0.6,21.4,True,489.5,False,D11,veg,160,Thursday,regular,clear,22.0,4.49,92.67,3520.0,False,2026-02
2026-02-13,breakfast,Vermicelli Upma,1200,655,263.4,58.7,29.0,False,204.7,False,D08,veg,46,Friday,regular,clear,87.7,33.3,54.58,4034.0,False,2026-02
2026-02-13,lunch,Dal Makhani,1200,983,460.1,35.7,23.7,False,424.40000000000003,False,D12,veg,85,Friday,regular,clear,59.400000000000006,12.91,81.92,5049.0,False,2026-02
2026-02-13,dinner,Lauki Chana Dal,1200,848,487.8,87.3,79.5,False,400.5,False,D13,veg,55,Friday,regular,clear,166.8,34.19,70.67,9174.0,False,2026-02
2026-02-14,breakfast,Poha,1200,391,125.3,4.8,8.4,False,120.5,False,D01,veg,48,Saturday,regular,clear,13.2,10.53,32.58,634.0,True,2026-02
2026-02-14,lunch,Mixed Veg,1200,949,494.8,46.1,46.0,False,448.7,False,D14,veg,65,Saturday,regular,clear,92.1,18.61,79.08,5986.0,True,2026-02
2026-02-14,dinner,Kadhi Pakoda,1200,844,475.0,93.0,29.7,False,382.0,False,D15,veg,60,Saturday,regular,clear,122.7,25.83,70.33,7362.0,True,2026-02
2026-02-15,breakfast,Upma,1200,314,108.5,14.6,16.1,False,93.9,False,D02,veg,45,Sunday,regular,clear,30.700000000000003,28.29,26.17,1382.0,True,2026-02
2026-02-15,lunch,Soya Chunk Curry,1200,831,447.3,68.4,51.4,False,378.9,False,D16,veg,72,Sunday,regular,clear,119.80000000000001,26.78,69.25,8626.0,True,2026-02
2026-02-15,dinner,Veg Biryani,1200,821,516.5,146.8,16.4,False,369.7,False,D17,veg,90,Sunday,regular,clear,163.20000000000002,31.6,68.42,14688.0,True,2026-02
2026-02-16,breakfast,Aloo Paratha,1200,971,292.3,1.2,14.0,True,291.1,False,D03,veg,62,Monday,exams,clear,15.2,5.2,80.92,942.0,False,2026-02
2026-02-16,lunch,Chicken Curry,1200,1101,493.8,1.2,17.0,True,492.6,False,D18,non-veg,180,Monday,exams,clear,18.2,3.69,91.75,3276.0,False,2026-02
2026-02-16,dinner,Egg Curry,1200,1170,531.8,13.6,32.6,False,518.1999999999999,False,D19,egg,95,Monday,exams,clear,46.2,8.69,97.5,4389.0,False,2026-02
2026-02-17,breakfast,Idli Sambar,1200,884,276.3,18.9,16.7,False,257.40000000000003,False,D04,veg,55,Tuesday,exams,clear,35.599999999999994,12.88,73.67,1958.0,False,2026-02
2026-02-17,lunch,Aloo Gobi,1200,1017,479.1,18.5,52.1,False,460.6,False,D20,veg,58,Tuesday,exams,clear,70.6,14.74,84.75,4095.0,False,2026-02
2026-02-17,dinner,Bhindi Masala,1200,1116,482.3,1.5,33.0,True,480.8,False,D21,veg,68,Tuesday,exams,clear,34.5,7.15,93.0,2346.0,False,2026-02
2026-02-18,breakfast,Masala Dosa,1200,957,274.1,12.7,10.2,False,261.40000000000003,False,D05,veg,70,Wednesday,exams,clear,22.9,8.35,79.75,1603.0,False,2026-02
2026-02-18,lunch,Rajma Chawal,1200,1070,501.2,34.7,23.8,False,466.5,False,D09,veg,70,Wednesday,exams,clear,58.5,11.67,89.17,4095.0,False,2026-02
2026-02-18,dinner,Chole Bhature,1200,1178,493.2,2.5,17.5,True,490.7,False,D10,veg,78,Wednesday,exams,clear,20.0,4.06,98.17,1560.0,False,2026-02
2026-02-19,breakfast,Bread Omelette,1200,933,269.8,3.5,13.6,True,266.3,False,D06,egg,75,Thursday,exams,clear,17.1,6.34,77.75,1282.0,False,2026-02
2026-02-19,lunch,Paneer Butter Masala,1200,1097,461.2,0.5,19.0,True,460.7,False,D11,veg,160,Thursday,exams,clear,19.5,4.23,91.42,3120.0,False,2026-02
2026-02-19,dinner,Dal Makhani,1200,1152,522.4,3.0,31.3,True,519.4,False,D12,veg,85,Thursday,exams,clear,34.3,6.57,96.0,2915.0,False,2026-02
2026-02-20,breakfast,Puri Bhaji,1200,948,277.8,8.1,14.1,False,269.7,False,D07,veg,58,Friday,exams,clear,22.2,7.99,79.0,1288.0,False,2026-02
2026-02-20,lunch,Lauki Chana Dal,1200,855,496.1,116.3,66.7,False,379.8,False,D13,veg,55,Friday,exams,clear,183.0,36.89,71.25,10065.0,False,2026-02
2026-02-20,dinner,Mixed Veg,1200,1056,522.2,43.4,66.0,False,478.80000000000007,False,D14,veg,65,Friday,exams,clear,109.4,20.95,88.0,7111.0,False,2026-02
2026-02-21,breakfast,Vermicelli Upma,1200,507,162.6,7.2,25.6,False,155.4,False,D08,veg,46,Saturday,exams,clear,32.800000000000004,20.17,42.25,1509.0,True,2026-02
2026-02-21,lunch,Kadhi Pakoda,1200,995,487.4,37.4,44.4,False,450.0,False,D15,veg,60,Saturday,exams,clear,81.8,16.78,82.92,4908.0,True,2026-02
2026-02-21,dinner,Soya Chunk Curry,1200,980,501.1,43.5,46.6,False,457.6,False,D16,veg,72,Saturday,exams,clear,90.1,17.98,81.67,6487.0,True,2026-02
2026-02-22,breakfast,Poha,1200,418,137.5,10.7,9.9,False,126.8,False,D01,veg,48,Sunday,exams,clear,20.6,14.98,34.83,989.0,True,2026-02
2026-02-22,lunch,Veg Biryani,1200,989,471.6,58.7,25.5,False,412.90000000000003,False,D17,veg,90,Sunday,exams,clear,84.2,17.85,82.42,7578.0,True,2026-02
2026-02-22,dinner,Chicken Curry,1200,929,507.0,84.6,12.0,False,422.4,False,D18,non-veg,180,Sunday,exams,clear,96.6,19.05,77.42,17388.0,True,2026-02
2026-02-23,breakfast,Upma,1200,829,272.5,16.5,49.9,False,256.0,False,D02,veg,45,Monday,exams,clear,66.4,24.37,69.08,2988.0,False,2026-02
2026-02-23,lunch,Egg Curry,1200,1013,461.9,0.9,28.1,True,461.0,False,D19,egg,95,Monday,exams,clear,29.0,6.28,84.42,2755.0,False,2026-02
2026-02-23,dinner,Aloo Gobi,1200,1177,487.5,3.3,25.4,True,484.2,False,D20,veg,58,Monday,exams,clear,28.7,5.89,98.08,1665.0,False,2026-02
2026-02-24,breakfast,Aloo Paratha,1200,945,271.8,1.0,15.3,False,270.8,False,D03,veg,62,Tuesday,exams,clear,16.3,6.0,78.75,1011.0,False,2026-02
2026-02-24,lunch,Bhindi Masala,1200,1054,468.2,2.1,27.6,True,466.09999999999997,False,D21,veg,68,Tuesday,exams,clear,29.700000000000003,6.34,87.83,2020.0,False,2026-02
2026-02-24,dinner,Tinda Masala,1200,979,477.9,38.1,90.3,False,439.79999999999995,False,D22,veg,52,Tuesday,exams,clear,128.4,26.87,81.58,6677.0,False,2026-02
2026-02-25,breakfast,Idli Sambar,1200,893,279.4,18.1,18.3,False,261.29999999999995,True,D04,veg,55,Wednesday,exams,clear,36.400000000000006,13.03,74.42,2002.0,False,2026-02
2026-02-25,lunch,Chole Bhature,1200,1038,474.8,6.4,21.6,False,468.40000000000003,False,D10,veg,78,Wednesday,exams,clear,28.0,5.9,86.5,2184.0,False,2026-02
2026-02-25,dinner,Paneer Butter Masala,1200,1174,494.5,1.7,20.0,True,492.8,False,D11,veg,160,Wednesday,exams,clear,21.7,4.39,97.83,3472.0,False,2026-02
2026-02-26,breakfast,Masala Dosa,1200,767,276.8,51.4,15.6,False,225.4,False,D05,veg,70,Thursday,regular,rain,67.0,24.21,63.92,4690.0,False,2026-02
2026-02-26,lunch,Dal Makhani,1200,1059,466.9,5.1,26.1,True,461.79999999999995,False,D12,veg,85,Thursday,regular,rain,31.200000000000003,6.68,88.25,2652.0,False,2026-02
2026-02-26,dinner,Lauki Chana Dal,1200,1015,501.4,22.1,82.6,False,479.29999999999995,False,D13,veg,55,Thursday,regular,rain,104.69999999999999,20.88,84.58,5758.0,False,2026-02
2026-02-27,breakfast,Bread Omelette,1200,727,266.4,56.5,9.9,False,209.89999999999998,False,D06,egg,75,Friday,regular,clear,66.4,24.92,60.58,4980.0,False,2026-02
2026-02-27,lunch,Mixed Veg,1200,889,482.0,78.8,51.7,False,403.2,False,D14,veg,65,Friday,regular,clear,130.5,27.07,74.08,8482.0,False,2026-02
2026-02-27,dinner,Kadhi Pakoda,1200,911,495.8,69.8,39.6,False,426.0,False,D15,veg,60,Friday,regular,clear,109.4,22.07,75.92,6564.0,False,2026-02
2026-02-28,breakfast,Puri Bhaji,1200,410,136.0,10.8,5.5,False,125.2,False,D07,veg,58,Saturday,regular,clear,16.3,11.99,34.17,945.0,True,2026-02
2026-02-28,lunch,Soya Chunk Curry,1200,889,501.7,112.7,59.2,False,389.0,False,D16,veg,72,Saturday,regular,clear,171.9,34.26,74.08,12377.0,True,2026-02
2026-02-28,dinner,Veg Biryani,1200,965,495.0,77.2,21.7,False,417.8,False,D17,veg,90,Saturday,regular,clear,98.9,19.98,80.42,8901.0,True,2026-02
2026-03-01,breakfast,Vermicelli Upma,1200,378,122.7,8.1,18.7,False,114.60000000000001,False,D08,veg,46,Sunday,regular,clear,26.799999999999997,21.84,31.5,1233.0,True,2026-03
2026-03-01,lunch,Chicken Curry,1200,1029,489.9,10.3,13.8,False,479.59999999999997,False,D18,non-veg,180,Sunday,regular,clear,24.1,4.92,85.75,4338.0,True,2026-03
2026-03-01,dinner,Egg Curry,1200,742,499.5,169.6,16.2,False,329.9,False,D19,egg,95,Sunday,regular,clear,185.79999999999998,37.2,61.83,17651.0,True,2026-03
2026-03-02,breakfast,Poha,1200,716,276.3,62.2,22.0,False,214.10000000000002,False,D01,veg,48,Monday,regular,clear,84.2,30.47,59.67,4042.0,False,2026-03
2026-03-02,lunch,Aloo Gobi,1200,911,470.4,77.0,50.6,False,393.4,False,D20,veg,58,Monday,regular,clear,127.6,27.13,75.92,7401.0,False,2026-03
2026-03-02,dinner,Bhindi Masala,1200,1019,481.0,17.8,28.9,False,463.2,False,D21,veg,68,Monday,regular,clear,46.7,9.71,84.92,3176.0,False,2026-03
2026-03-03,breakfast,Upma,1200,380,269.4,148.3,21.2,False,121.09999999999997,False,D02,veg,45,Tuesday,long_weekend,clear,169.5,62.92,31.67,7628.0,False,2026-03
2026-03-03,lunch,Tinda Masala,1200,501,478.7,254.6,63.9,False,224.1,False,D22,veg,52,Tuesday,long_weekend,clear,318.5,66.53,41.75,16562.0,False,2026-03
2026-03-03,dinner,Rajma Chawal,1200,535,476.1,250.4,17.6,False,225.70000000000002,False,D09,veg,70,Tuesday,long_weekend,clear,268.0,56.29,44.58,18760.0,False,2026-03
2026-03-04,breakfast,Aloo Paratha,1200,432,271.4,140.3,5.8,False,131.09999999999997,False,D03,veg,62,Wednesday,long_weekend,clear,146.10000000000002,53.83,36.0,9058.0,False,2026-03
2026-03-04,lunch,Paneer Butter Masala,1200,591,478.0,208.2,10.1,False,269.8,False,D11,veg,160,Wednesday,long_weekend,clear,218.29999999999998,45.67,49.25,34928.0,False,2026-03
2026-03-04,dinner,Dal Makhani,1200,530,494.7,261.8,13.2,False,232.89999999999998,False,D12,veg,85,Wednesday,long_weekend,clear,275.0,55.59,44.17,23375.0,False,2026-03
2026-03-05,breakfast,Idli Sambar,1200,733,287.5,88.6,15.2,False,198.9,False,D04,veg,55,Thursday,regular,clear,103.8,36.1,61.08,5709.0,False,2026-03
2026-03-05,lunch,Lauki Chana Dal,1200,837,469.8,72.5,72.0,False,397.3,False,D13,veg,55,Thursday,regular,clear,144.5,30.76,69.75,7948.0,False,2026-03
2026-03-05,dinner,Mixed Veg,1200,974,479.5,77.0,39.8,False,402.5,False,D14,veg,65,Thursday,regular,clear,116.8,24.36,81.17,7592.0,False,2026-03
2026-03-06,breakfast,Masala Dosa,1200,782,275.5,30.0,10.4,False,245.5,False,D05,veg,70,Friday,regular,clear,40.4,14.66,65.17,2828.0,False,2026-03
2026-03-06,lunch,Kadhi Pakoda,1200,871,491.2,86.9,36.1,False,404.29999999999995,False,D15,veg,60,Friday,regular,clear,123.0,25.04,72.58,7380.0,False,2026-03
2026-03-06,dinner,Soya Chunk Curry,1200,888,469.5,37.8,81.7,False,431.7,False,D16,veg,72,Friday,regular,clear,119.5,25.45,74.0,8604.0,False,2026-03
2026-03-07,breakfast,Bread Omelette,1200,446,148.9,12.9,7.1,False,136.0,False,D06,egg,75,Saturday,regular,clear,20.0,13.43,37.17,1500.0,True,2026-03
2026-03-07,lunch,Veg Biryani,1200,1047,479.6,2.4,23.9,True,477.20000000000005,True,D17,veg,90,Saturday,regular,clear,26.299999999999997,5.48,87.25,2367.0,True,2026-03
2026-03-07,dinner,Chicken Curry,1200,912,509.7,107.7,13.0,False,402.0,False,D18,non-veg,180,Saturday,regular,clear,120.7,23.68,76.0,21726.0,True,2026-03
2026-03-08,breakfast,Puri Bhaji,1200,352,114.4,12.3,4.9,False,102.10000000000001,False,D07,veg,58,Sunday,regular,clear,17.200000000000003,15.03,29.33,998.0,True,2026-03
2026-03-08,lunch,Egg Curry,1200,908,486.2,61.3,21.4,False,424.9,False,D19,egg,95,Sunday,regular,clear,82.69999999999999,17.01,75.67,7856.0,True,2026-03
2026-03-08,dinner,Aloo Gobi,1200,704,514.4,190.4,27.3,False,324.0,False,D20,veg,58,Sunday,regular,clear,217.70000000000002,42.32,58.67,12627.0,True,2026-03
2026-03-09,breakfast,Vermicelli Upma,1200,621,289.4,104.2,35.7,False,185.2,False,D08,veg,46,Monday,regular,clear,139.9,48.34,51.75,6435.0,False,2026-03
2026-03-09,lunch,Bhindi Masala,1200,916,485.4,86.7,26.7,False,398.7,False,D21,veg,68,Monday,regular,clear,113.4,23.36,76.33,7711.0,False,2026-03
2026-03-09,dinner,Tinda Masala,1200,922,499.9,87.8,94.3,False,412.09999999999997,False,D22,veg,52,Monday,regular,clear,182.1,36.43,76.83,9469.0,False,2026-03
2026-03-10,breakfast,Poha,1200,758,281.3,69.2,18.0,False,212.10000000000002,False,D01,veg,48,Tuesday,regular,clear,87.2,31.0,63.17,4186.0,False,2026-03
2026-03-10,lunch,Rajma Chawal,1200,1029,503.1,58.0,25.2,False,445.1,False,D09,veg,70,Tuesday,regular,clear,83.2,16.54,85.75,5824.0,False,2026-03
2026-03-10,dinner,Chole Bhature,1200,1062,481.5,0.7,17.8,True,480.8,False,D10,veg,78,Tuesday,regular,clear,18.5,3.84,88.5,1443.0,False,2026-03
2026-03-11,breakfast,Upma,1200,665,272.0,71.3,42.6,False,200.7,False,D02,veg,45,Wednesday,regular,clear,113.9,41.88,55.42,5126.0,False,2026-03
2026-03-11,lunch,Dal Makhani,1200,945,507.9,63.7,18.2,False,444.2,False,D12,veg,85,Wednesday,regular,clear,81.9,16.13,78.75,6962.0,False,2026-03
2026-03-11,dinner,Lauki Chana Dal,1200,955,499.5,60.0,79.5,False,439.5,False,D13,veg,55,Wednesday,regular,clear,139.5,27.93,79.58,7672.0,False,2026-03
2026-03-12,breakfast,Aloo Paratha,1200,833,274.9,28.7,9.7,False,246.2,False,D03,veg,62,Thursday,regular,clear,38.4,13.97,69.42,2381.0,False,2026-03
2026-03-12,lunch,Mixed Veg,1200,922,453.7,39.3,42.6,False,414.4,False,D14,veg,65,Thursday,regular,clear,81.9,18.05,76.83,5324.0,False,2026-03
2026-03-12,dinner,Kadhi Pakoda,1200,1012,508.0,64.8,44.2,False,443.2,False,D15,veg,60,Thursday,regular,clear,109.0,21.46,84.33,6540.0,False,2026-03
2026-03-13,breakfast,Idli Sambar,1200,768,269.4,30.6,16.9,False,238.79999999999998,False,D04,veg,55,Friday,regular,clear,47.5,17.63,64.0,2612.0,False,2026-03
2026-03-13,lunch,Soya Chunk Curry,1200,862,484.4,107.7,45.9,False,376.7,False,D16,veg,72,Friday,regular,clear,153.6,31.71,71.83,11059.0,False,2026-03
2026-03-13,dinner,Veg Biryani,1200,963,474.7,66.8,21.7,False,407.9,False,D17,veg,90,Friday,regular,clear,88.5,18.64,80.25,7965.0,False,2026-03
2026-03-14,breakfast,Masala Dosa,1200,451,151.5,24.2,7.5,False,127.3,False,D05,veg,70,Saturday,regular,clear,31.7,20.92,37.58,2219.0,True,2026-03
2026-03-14,lunch,Chicken Curry,1200,1039,490.1,29.5,16.4,False,460.6,False,D18,non-veg,180,Saturday,regular,clear,45.9,9.37,86.58,8262.0,True,2026-03
2026-03-14,dinner,Egg Curry,1200,906,473.8,51.0,22.5,False,422.8,False,D19,egg,95,Saturday,regular,clear,73.5,15.51,75.5,6982.0,True,2026-03
2026-03-15,breakfast,Bread Omelette,1200,276,91.4,14.9,3.3,False,76.5,False,D06,egg,75,Sunday,regular,clear,18.2,19.91,23.0,1365.0,True,2026-03
2026-03-15,lunch,Aloo Gobi,1200,907,478.2,89.2,37.4,False,389.0,False,D20,veg,58,Sunday,regular,clear,126.6,26.47,75.58,7343.0,True,2026-03
2026-03-15,dinner,Bhindi Masala,1200,742,495.5,161.7,25.2,False,333.8,False,D21,veg,68,Sunday,regular,clear,186.89999999999998,37.72,61.83,12709.0,True,2026-03
2026-03-16,breakfast,Puri Bhaji,1200,813,264.2,12.9,12.0,False,251.29999999999998,False,D07,veg,58,Monday,regular,clear,24.9,9.42,67.75,1444.0,False,2026-03
2026-03-16,lunch,Tinda Masala,1200,846,495.7,126.3,88.2,False,369.4,False,D22,veg,52,Monday,regular,clear,214.5,43.27,70.5,11154.0,False,2026-03
2026-03-16,dinner,Rajma Chawal,1200,1108,501.9,2.7,33.8,False,499.2,False,D09,veg,70,Monday,regular,clear,36.5,7.27,92.33,2555.0,False,2026-03
2026-03-17,breakfast,Vermicelli Upma,1200,662,270.4,72.4,40.5,False,197.99999999999997,False,D08,veg,46,Tuesday,regular,clear,112.9,41.75,55.17,5193.0,False,2026-03
2026-03-17,lunch,Chole Bhature,1200,970,482.6,11.6,15.1,False,471.0,False,D10,veg,78,Tuesday,regular,clear,26.7,5.53,80.83,2083.0,False,2026-03
2026-03-17,dinner,Paneer Butter Masala,1200,1112,530.1,10.1,17.7,False,520.0,False,D11,veg,160,Tuesday,regular,clear,27.799999999999997,5.24,92.67,4448.0,False,2026-03
2026-03-18,breakfast,Poha,1200,709,272.5,62.5,19.2,False,210.0,False,D01,veg,48,Wednesday,regular,clear,81.7,29.98,59.08,3922.0,False,2026-03
2026-03-18,lunch,Lauki Chana Dal,1200,823,474.9,107.3,82.3,False,367.59999999999997,False,D13,veg,55,Wednesday,regular,clear,189.6,39.92,68.58,10428.0,False,2026-03
2026-03-18,dinner,Mixed Veg,1200,1025,485.2,28.9,61.0,False,456.3,False,D14,veg,65,Wednesday,regular,clear,89.9,18.53,85.42,5844.0,False,2026-03
2026-03-19,breakfast,Upma,1200,634,284.3,98.9,40.4,False,185.4,False,D02,veg,45,Thursday,regular,clear,139.3,49.0,52.83,6269.0,False,2026-03
2026-03-19,lunch,Kadhi Pakoda,1200,946,478.4,55.2,41.8,False,423.2,True,D15,veg,60,Thursday,regular,clear,97.0,20.28,78.83,5820.0,False,2026-03
2026-03-19,dinner,Soya Chunk Curry,1200,958,502.7,82.0,38.4,False,420.7,False,D16,veg,72,Thursday,regular,clear,120.4,23.95,79.83,8669.0,False,2026-03
2026-03-20,breakfast,Aloo Paratha,1200,817,285.1,40.4,12.3,False,244.70000000000002,False,D03,veg,62,Friday,regular,rain,52.7,18.48,68.08,3267.0,False,2026-03
2026-03-20,lunch,Veg Biryani,1200,1049,497.7,26.0,20.5,False,471.7,False,D17,veg,90,Friday,regular,rain,46.5,9.34,87.42,4185.0,False,2026-03
2026-03-20,dinner,Chicken Curry,1200,1067,494.9,58.4,16.4,False,436.5,False,D18,non-veg,180,Friday,regular,rain,74.8,15.11,88.92,13464.0,False,2026-03
2026-03-21,breakfast,Idli Sambar,1200,478,151.6,21.1,12.4,False,130.5,False,D04,veg,55,Saturday,regular,clear,33.5,22.1,39.83,1842.0,True,2026-03
2026-03-21,lunch,Egg Curry,1200,969,453.2,1.3,24.5,True,451.9,False,D19,egg,95,Saturday,regular,clear,25.8,5.69,80.75,2451.0,True,2026-03
2026-03-21,dinner,Aloo Gobi,1200,867,479.7,84.0,39.0,False,395.7,False,D20,veg,58,Saturday,regular,clear,123.0,25.64,72.25,7134.0,True,2026-03
2026-03-22,breakfast,Masala Dosa,1200,404,134.3,13.2,6.6,False,121.10000000000001,False,D05,veg,70,Sunday,regular,clear,19.799999999999997,14.74,33.67,1386.0,True,2026-03
2026-03-22,lunch,Bhindi Masala,1200,926,469.6,72.9,33.0,False,396.70000000000005,False,D21,veg,68,Sunday,regular,clear,105.9,22.55,77.17,7201.0,True,2026-03
2026-03-22,dinner,Tinda Masala,1200,649,480.8,206.7,52.8,False,274.1,False,D22,veg,52,Sunday,regular,clear,259.5,53.97,54.08,13494.0,True,2026-03
2026-03-23,breakfast,Bread Omelette,1200,781,265.8,40.6,15.5,False,225.20000000000002,False,D06,egg,75,Monday,regular,clear,56.1,21.11,65.08,4208.0,False,2026-03
2026-03-23,lunch,Rajma Chawal,1200,1016,483.8,3.9,30.6,False,479.90000000000003,False,D09,veg,70,Monday,regular,clear,34.5,7.13,84.67,2415.0,False,2026-03
2026-03-23,dinner,Chole Bhature,1200,1109,487.7,24.4,16.9,False,463.3,False,D10,veg,78,Monday,regular,clear,41.3,8.47,92.42,3221.0,False,2026-03
2026-03-24,breakfast,Puri Bhaji,1200,783,270.6,44.4,10.2,False,226.20000000000002,False,D07,veg,58,Tuesday,regular,clear,54.599999999999994,20.18,65.25,3167.0,False,2026-03
2026-03-24,lunch,Paneer Butter Masala,1200,1044,524.7,54.4,19.8,False,470.30000000000007,False,D11,veg,160,Tuesday,regular,clear,74.2,14.14,87.0,11872.0,False,2026-03
2026-03-24,dinner,Dal Makhani,1200,1019,517.7,29.4,23.9,False,488.30000000000007,False,D12,veg,85,Tuesday,regular,clear,53.3,10.3,84.92,4530.0,False,2026-03
2026-03-25,breakfast,Vermicelli Upma,1200,713,276.4,62.3,39.4,False,214.09999999999997,False,D08,veg,46,Wednesday,regular,clear,101.69999999999999,36.79,59.42,4678.0,False,2026-03
2026-03-25,lunch,Mixed Veg,1200,911,449.5,65.7,44.4,False,383.8,False,D14,veg,65,Wednesday,regular,clear,110.1,24.49,75.92,7156.0,False,2026-03
2026-03-25,dinner,Kadhi Pakoda,1200,1028,485.9,16.1,48.2,False,469.79999999999995,False,D15,veg,60,Wednesday,regular,clear,64.30000000000001,13.23,85.67,3858.0,False,2026-03
2026-03-26,breakfast,Poha,1200,728,275.3,72.2,18.6,False,203.10000000000002,False,D01,veg,48,Thursday,regular,clear,90.80000000000001,32.98,60.67,4358.0,False,2026-03
2026-03-26,lunch,Soya Chunk Curry,1200,903,491.5,101.2,67.6,False,390.3,False,D16,veg,72,Thursday,regular,clear,168.8,34.34,75.25,12154.0,False,2026-03
2026-03-26,dinner,Veg Biryani,1200,1084,517.5,29.1,24.3,False,488.4,False,D17,veg,90,Thursday,regular,clear,53.400000000000006,10.32,90.33,4806.0,False,2026-03
2026-03-27,breakfast,Upma,1200,712,280.2,75.9,45.6,False,204.29999999999998,False,D02,veg,45,Friday,regular,clear,121.5,43.36,59.33,5468.0,False,2026-03
2026-03-27,lunch,Chicken Curry,1200,1108,488.5,2.0,12.4,True,486.5,False,D18,non-veg,180,Friday,regular,clear,14.4,2.95,92.33,2592.0,False,2026-03
2026-03-27,dinner,Egg Curry,1200,958,507.0,60.1,19.2,False,446.9,False,D19,egg,95,Friday,regular,clear,79.3,15.64,79.83,7534.0,False,2026-03
2026-03-28,breakfast,Aloo Paratha,1200,510,174.9,25.8,6.7,False,149.1,False,D03,veg,62,Saturday,regular,clear,32.5,18.58,42.5,2015.0,True,2026-03
2026-03-28,lunch,Aloo Gobi,1200,935,482.6,58.5,39.5,False,424.1,True,D20,veg,58,Saturday,regular,clear,98.0,20.31,77.92,5684.0,True,2026-03
2026-03-28,dinner,Bhindi Masala,1200,862,512.5,120.1,32.4,False,392.4,False,D21,veg,68,Saturday,regular,clear,152.5,29.76,71.83,10370.0,True,2026-03
2026-03-29,breakfast,Idli Sambar,1200,353,111.7,11.5,7.8,False,100.2,False,D04,veg,55,Sunday,regular,clear,19.3,17.28,29.42,1062.0,True,2026-03
2026-03-29,lunch,Tinda Masala,1200,779,466.4,101.9,98.9,False,364.5,False,D22,veg,52,Sunday,regular,clear,200.8,43.05,64.92,10442.0,True,2026-03
2026-03-29,dinner,Rajma Chawal,1200,687,524.3,214.1,19.5,False,310.19999999999993,False,D09,veg,70,Sunday,regular,clear,233.6,44.55,57.25,16352.0,True,2026-03
2026-03-30,breakfast,Masala Dosa,1200,876,286.7,25.4,13.7,False,261.3,False,D05,veg,70,Monday,regular,clear,39.099999999999994,13.64,73.0,2737.0,False,2026-03
2026-03-30,lunch,Chole Bhature,1200,1014,478.0,6.0,18.2,False,472.0,False,D10,veg,78,Monday,regular,clear,24.2,5.06,84.5,1888.0,False,2026-03
2026-03-30,dinner,Paneer Butter Masala,1200,1144,501.4,3.4,23.5,False,498.0,False,D11,veg,160,Monday,regular,clear,26.9,5.36,95.33,4304.0,False,2026-03
2026-03-31,breakfast,Bread Omelette,1200,734,285.3,70.3,9.9,False,215.0,False,D06,egg,75,Tuesday,regular,clear,80.2,28.11,61.17,6015.0,False,2026-03
2026-03-31,lunch,Dal Makhani,1200,953,495.1,62.3,24.5,False,432.8,True,D12,veg,85,Tuesday,regular,clear,86.8,17.53,79.42,7378.0,False,2026-03
2026-03-31,dinner,Lauki Chana Dal,1200,927,499.2,84.3,63.6,False,414.9,False,D13,veg,55,Tuesday,regular,clear,147.9,29.63,77.25,8134.0,False,2026-03
