feedback_id,date,meal_type,rating,comment_tag
1,2025-07-21,breakfast,4,fresh
2,2025-07-21,breakfast,4,fresh
3,2025-07-21,breakfast,4,
4,2025-07-21,breakfast,4,fresh
5,2025-07-21,breakfast,3,
6,2025-07-21,breakfast,3,
7,2025-07-21,lunch,5,tasty
8,2025-07-21,lunch,4,good quantity
9,2025-07-21,lunch,5,
10,2025-07-21,lunch,4,fresh
11,2025-07-21,lunch,5,
12,2025-07-21,lunch,4,fresh
13,2025-07-21,lunch,4,tasty
14,2025-07-21,lunch,5,tasty
15,2025-07-21,lunch,3,
16,2025-07-21,lunch,5,tasty
17,2025-07-21,lunch,5,fresh
18,2025-07-21,lunch,5,fresh
19,2025-07-21,lunch,5,good quantity
20,2025-07-21,dinner,5,good quantity
21,2025-07-21,dinner,4,tasty
22,2025-07-21,dinner,4,good quantity
23,2025-07-21,dinner,2,repetitive menu
24,2025-07-21,dinner,3,
25,2025-07-21,dinner,4,fresh
26,2025-07-21,dinner,4,fresh
27,2025-07-21,dinner,3,
28,2025-07-21,dinner,2,repetitive menu
29,2025-07-21,dinner,4,fresh
30,2025-07-22,breakfast,3,
31,2025-07-22,breakfast,2,cold food
32,2025-07-22,breakfast,3,
33,2025-07-22,breakfast,3,
34,2025-07-22,breakfast,4,fresh
35,2025-07-22,breakfast,2,bland
36,2025-07-22,breakfast,4,
37,2025-07-22,breakfast,3,
38,2025-07-22,breakfast,4,good quantity
39,2025-07-22,breakfast,4,
40,2025-07-22,lunch,4,tasty
41,2025-07-22,lunch,4,tasty
42,2025-07-22,lunch,5,
43,2025-07-22,lunch,4,good quantity
44,2025-07-22,lunch,5,tasty
45,2025-07-22,lunch,5,
46,2025-07-22,lunch,5,fresh
47,2025-07-22,lunch,4,
48,2025-07-22,lunch,4,good quantity
49,2025-07-22,lunch,4,fresh
50,2025-07-22,lunch,4,
51,2025-07-22,dinner,4,
52,2025-07-22,dinner,3,
53,2025-07-22,dinner,4,tasty
54,2025-07-22,dinner,4,
55,2025-07-22,dinner,4,tasty
56,2025-07-22,dinner,5,
57,2025-07-22,dinner,5,
58,2025-07-22,dinner,5,tasty
59,2025-07-22,dinner,3,
60,2025-07-22,dinner,4,
61,2025-07-22,dinner,4,
62,2025-07-22,dinner,5,fresh
63,2025-07-22,dinner,3,
64,2025-07-22,dinner,4,
65,2025-07-22,dinner,5,
66,2025-07-23,breakfast,5,
67,2025-07-23,breakfast,5,
68,2025-07-23,breakfast,5,tasty
69,2025-07-23,breakfast,4,
70,2025-07-23,breakfast,4,
71,2025-07-23,breakfast,5,fresh
72,2025-07-23,breakfast,4,tasty
73,2025-07-23,breakfast,5,
74,2025-07-23,breakfast,5,
75,2025-07-23,lunch,3,
76,2025-07-23,lunch,3,
77,2025-07-23,lunch,2,undercooked
78,2025-07-23,lunch,4,good quantity
79,2025-07-23,lunch,4,fresh
80,2025-07-23,lunch,3,
81,2025-07-23,lunch,3,
82,2025-07-23,lunch,2,
83,2025-07-23,lunch,3,
84,2025-07-23,lunch,3,
85,2025-07-23,dinner,3,
86,2025-07-23,dinner,3,
87,2025-07-23,dinner,3,
88,2025-07-23,dinner,2,
89,2025-07-23,dinner,3,
90,2025-07-23,dinner,3,
91,2025-07-23,dinner,3,
92,2025-07-23,dinner,4,
93,2025-07-23,dinner,4,
94,2025-07-24,breakfast,4,
95,2025-07-24,breakfast,4,tasty
96,2025-07-24,breakfast,5,good quantity
97,2025-07-24,breakfast,5,good quantity
98,2025-07-24,breakfast,5,fresh
99,2025-07-24,breakfast,4,
100,2025-07-24,breakfast,4,tasty
101,2025-07-24,breakfast,5,good quantity
102,2025-07-24,breakfast,5,fresh
103,2025-07-24,breakfast,5,
104,2025-07-24,breakfast,5,fresh
105,2025-07-24,breakfast,5,good quantity
106,2025-07-24,breakfast,5,good quantity
107,2025-07-24,breakfast,5,
108,2025-07-24,lunch,4,
109,2025-07-24,lunch,3,
110,2025-07-24,lunch,3,
111,2025-07-24,lunch,3,
112,2025-07-24,lunch,3,
113,2025-07-24,lunch,3,
114,2025-07-24,lunch,4,
115,2025-07-24,lunch,4,
116,2025-07-24,dinner,3,
117,2025-07-24,dinner,4,tasty
118,2025-07-24,dinner,5,tasty
119,2025-07-24,dinner,2,
120,2025-07-24,dinner,3,
121,2025-07-24,dinner,4,
122,2025-07-24,dinner,4,tasty
123,2025-07-24,dinner,3,
124,2025-07-24,dinner,2,repetitive menu
125,2025-07-24,dinner,4,tasty
126,2025-07-24,dinner,2,
127,2025-07-24,dinner,4,
128,2025-07-25,breakfast,4,
129,2025-07-25,breakfast,5,tasty
130,2025-07-25,breakfast,3,
131,2025-07-25,breakfast,4,
132,2025-07-25,breakfast,4,fresh
133,2025-07-25,breakfast,5,tasty
134,2025-07-25,breakfast,3,
135,2025-07-25,breakfast,4,tasty
136,2025-07-25,breakfast,4,
137,2025-07-25,lunch,4,fresh
138,2025-07-25,lunch,4,
139,2025-07-25,lunch,4,
140,2025-07-25,lunch,4,
141,2025-07-25,lunch,4,
142,2025-07-25,lunch,5,good quantity
143,2025-07-25,lunch,4,
144,2025-07-25,lunch,3,
145,2025-07-25,lunch,5,
146,2025-07-25,lunch,4,
147,2025-07-25,lunch,5,tasty
148,2025-07-25,lunch,3,
149,2025-07-25,dinner,5,fresh
150,2025-07-25,dinner,4,
151,2025-07-25,dinner,4,
152,2025-07-25,dinner,5,
153,2025-07-25,dinner,4,tasty
154,2025-07-25,dinner,5,
155,2025-07-25,dinner,5,tasty
156,2025-07-25,dinner,3,
157,2025-07-25,dinner,3,
158,2025-07-25,dinner,3,
159,2025-07-25,dinner,4,fresh
160,2025-07-25,dinner,5,tasty
161,2025-07-25,dinner,5,
162,2025-07-25,dinner,5,tasty
163,2025-07-25,dinner,4,tasty
164,2025-07-25,dinner,4,tasty
165,2025-07-26,breakfast,3,
166,2025-07-26,breakfast,4,fresh
167,2025-07-26,breakfast,3,
168,2025-07-26,breakfast,5,tasty
169,2025-07-26,breakfast,4,
170,2025-07-26,lunch,4,
171,2025-07-26,lunch,5,
172,2025-07-26,lunch,4,good quantity
173,2025-07-26,lunch,3,
174,2025-07-26,lunch,3,
175,2025-07-26,lunch,5,
176,2025-07-26,lunch,4,good quantity
177,2025-07-26,lunch,3,
178,2025-07-26,lunch,3,
179,2025-07-26,lunch,2,too oily
180,2025-07-26,lunch,3,
181,2025-07-26,dinner,4,tasty
182,2025-07-26,dinner,4,
183,2025-07-26,dinner,3,
184,2025-07-26,dinner,4,good quantity
185,2025-07-27,breakfast,4,tasty
186,2025-07-27,breakfast,4,fresh
187,2025-07-27,breakfast,3,
188,2025-07-27,breakfast,4,
189,2025-07-27,breakfast,3,
190,2025-07-27,breakfast,5,tasty
191,2025-07-27,lunch,3,
192,2025-07-27,lunch,2,
193,2025-07-27,lunch,4,
194,2025-07-27,lunch,3,
195,2025-07-27,dinner,4,fresh
196,2025-07-27,dinner,2,cold food
197,2025-07-27,dinner,4,tasty
198,2025-07-27,dinner,3,
199,2025-07-27,dinner,2,repetitive menu
200,2025-07-27,dinner,4,
201,2025-07-27,dinner,1,repetitive menu
202,2025-07-27,dinner,4,
203,2025-07-27,dinner,2,too oily
204,2025-07-27,dinner,4,good quantity
205,2025-07-27,dinner,3,
206,2025-07-27,dinner,3,
207,2025-07-28,breakfast,1,
208,2025-07-28,breakfast,4,
209,2025-07-28,breakfast,3,
210,2025-07-28,breakfast,2,repetitive menu
211,2025-07-28,breakfast,5,
212,2025-07-28,breakfast,3,
213,2025-07-28,breakfast,2,undercooked
214,2025-07-28,breakfast,3,
215,2025-07-28,breakfast,3,
216,2025-07-28,lunch,3,
217,2025-07-28,lunch,4,good quantity
218,2025-07-28,lunch,3,
219,2025-07-28,lunch,4,good quantity
220,2025-07-28,lunch,5,tasty
221,2025-07-28,lunch,5,good quantity
222,2025-07-28,lunch,4,
223,2025-07-28,lunch,5,
224,2025-07-28,lunch,4,
225,2025-07-28,lunch,4,tasty
226,2025-07-28,dinner,5,tasty
227,2025-07-28,dinner,4,tasty
228,2025-07-28,dinner,4,
229,2025-07-28,dinner,4,
230,2025-07-28,dinner,5,tasty
231,2025-07-28,dinner,4,good quantity
232,2025-07-28,dinner,3,
233,2025-07-28,dinner,5,
234,2025-07-28,dinner,4,tasty
235,2025-07-28,dinner,5,
236,2025-07-28,dinner,4,
237,2025-07-28,dinner,4,tasty
238,2025-07-28,dinner,5,
239,2025-07-28,dinner,5,
240,2025-07-28,dinner,4,
241,2025-07-29,breakfast,4,fresh
242,2025-07-29,breakfast,4,fresh
243,2025-07-29,breakfast,2,undercooked
244,2025-07-29,breakfast,5,good quantity
245,2025-07-29,breakfast,4,good quantity
246,2025-07-29,lunch,5,good quantity
247,2025-07-29,lunch,3,
248,2025-07-29,lunch,3,
249,2025-07-29,lunch,3,
250,2025-07-29,lunch,3,
251,2025-07-29,lunch,5,
252,2025-07-29,lunch,4,fresh
253,2025-07-29,lunch,3,
254,2025-07-29,lunch,5,
255,2025-07-29,lunch,5,
256,2025-07-29,lunch,3,
257,2025-07-29,lunch,5,fresh
258,2025-07-29,lunch,4,tasty
259,2025-07-29,dinner,3,
260,2025-07-29,dinner,4,
261,2025-07-29,dinner,3,
262,2025-07-29,dinner,2,cold food
263,2025-07-29,dinner,3,
264,2025-07-29,dinner,3,
265,2025-07-29,dinner,5,
266,2025-07-29,dinner,3,
267,2025-07-29,dinner,3,
268,2025-07-29,dinner,3,
269,2025-07-29,dinner,2,too oily
270,2025-07-29,dinner,3,
271,2025-07-30,breakfast,4,good quantity
272,2025-07-30,breakfast,2,cold food
273,2025-07-30,breakfast,3,
274,2025-07-30,breakfast,4,tasty
275,2025-07-30,breakfast,4,good quantity
276,2025-07-30,breakfast,3,
277,2025-07-30,lunch,5,
278,2025-07-30,lunch,3,
279,2025-07-30,lunch,3,
280,2025-07-30,lunch,3,
281,2025-07-30,lunch,5,
282,2025-07-30,lunch,3,
283,2025-07-30,lunch,3,
284,2025-07-30,lunch,2,too oily
285,2025-07-30,lunch,4,fresh
286,2025-07-30,dinner,5,
287,2025-07-30,dinner,2,
288,2025-07-30,dinner,3,
289,2025-07-30,dinner,4,tasty
290,2025-07-30,dinner,5,
291,2025-07-30,dinner,2,undercooked
292,2025-07-30,dinner,4,fresh
293,2025-07-30,dinner,3,
294,2025-07-30,dinner,3,
295,2025-07-30,dinner,3,
296,2025-07-30,dinner,2,cold food
297,2025-07-30,dinner,5,fresh
298,2025-07-30,dinner,3,
299,2025-07-30,dinner,2,cold food
300,2025-07-30,dinner,3,
301,2025-07-31,breakfast,5,tasty
302,2025-07-31,breakfast,3,
303,2025-07-31,breakfast,4,
304,2025-07-31,breakfast,5,
305,2025-07-31,breakfast,5,
306,2025-07-31,breakfast,5,tasty
307,2025-07-31,lunch,3,
308,2025-07-31,lunch,3,
309,2025-07-31,lunch,5,tasty
310,2025-07-31,lunch,3,
311,2025-07-31,lunch,5,
312,2025-07-31,lunch,3,
313,2025-07-31,lunch,3,
314,2025-07-31,lunch,3,
315,2025-07-31,dinner,5,tasty
316,2025-07-31,dinner,4,good quantity
317,2025-07-31,dinner,3,
318,2025-07-31,dinner,5,
319,2025-07-31,dinner,5,
320,2025-07-31,dinner,5,fresh
321,2025-07-31,dinner,3,
322,2025-07-31,dinner,4,
323,2025-07-31,dinner,4,tasty
324,2025-07-31,dinner,4,fresh
325,2025-07-31,dinner,5,good quantity
326,2025-07-31,dinner,4,fresh
327,2025-07-31,dinner,4,good quantity
328,2025-07-31,dinner,4,good quantity
329,2025-07-31,dinner,5,tasty
330,2025-07-31,dinner,4,fresh
331,2025-08-01,breakfast,4,fresh
332,2025-08-01,breakfast,4,tasty
333,2025-08-01,breakfast,5,good quantity
334,2025-08-01,breakfast,4,
335,2025-08-01,breakfast,5,tasty
336,2025-08-01,breakfast,5,good quantity
337,2025-08-01,breakfast,5,good quantity
338,2025-08-01,breakfast,5,
339,2025-08-01,lunch,4,good quantity
340,2025-08-01,lunch,5,tasty
341,2025-08-01,lunch,5,good quantity
342,2025-08-01,lunch,3,
343,2025-08-01,lunch,4,
344,2025-08-01,lunch,5,good quantity
345,2025-08-01,lunch,4,tasty
346,2025-08-01,lunch,5,good quantity
347,2025-08-01,lunch,4,good quantity
348,2025-08-01,lunch,4,
349,2025-08-01,lunch,4,tasty
350,2025-08-01,dinner,4,tasty
351,2025-08-01,dinner,3,
352,2025-08-01,dinner,4,fresh
353,2025-08-01,dinner,5,fresh
354,2025-08-01,dinner,4,fresh
355,2025-08-01,dinner,5,good quantity
356,2025-08-01,dinner,3,
357,2025-08-01,dinner,4,
358,2025-08-01,dinner,3,
359,2025-08-01,dinner,3,
360,2025-08-02,breakfast,4,tasty
361,2025-08-02,lunch,3,
362,2025-08-02,lunch,4,
363,2025-08-02,lunch,5,tasty
364,2025-08-02,lunch,3,
365,2025-08-02,lunch,4,tasty
366,2025-08-02,lunch,4,
367,2025-08-02,lunch,4,tasty
368,2025-08-02,lunch,3,
369,2025-08-02,lunch,4,
370,2025-08-02,lunch,3,
371,2025-08-02,dinner,4,
372,2025-08-02,dinner,4,good quantity
373,2025-08-02,dinner,5,good quantity
374,2025-08-02,dinner,3,
375,2025-08-02,dinner,5,fresh
376,2025-08-02,dinner,3,
377,2025-08-02,dinner,4,
378,2025-08-02,dinner,3,
379,2025-08-02,dinner,3,
380,2025-08-02,dinner,3,
381,2025-08-02,dinner,3,
382,2025-08-02,dinner,4,fresh
383,2025-08-02,dinner,4,
384,2025-08-03,breakfast,4,
385,2025-08-03,breakfast,4,
386,2025-08-03,lunch,4,tasty
387,2025-08-03,lunch,4,fresh
388,2025-08-03,lunch,3,
389,2025-08-03,lunch,3,
390,2025-08-03,lunch,3,
391,2025-08-03,lunch,2,undercooked
392,2025-08-03,lunch,3,
393,2025-08-03,dinner,3,
394,2025-08-03,dinner,4,
395,2025-08-03,dinner,4,
396,2025-08-03,dinner,5,tasty
397,2025-08-03,dinner,3,
398,2025-08-03,dinner,4,
399,2025-08-03,dinner,4,fresh
400,2025-08-03,dinner,5,tasty
401,2025-08-03,dinner,5,
402,2025-08-04,breakfast,5,good quantity
403,2025-08-04,breakfast,4,tasty
404,2025-08-04,breakfast,3,
405,2025-08-04,breakfast,4,fresh
406,2025-08-04,breakfast,4,
407,2025-08-04,lunch,5,
408,2025-08-04,lunch,5,good quantity
409,2025-08-04,lunch,3,
410,2025-08-04,lunch,4,tasty
411,2025-08-04,lunch,3,
412,2025-08-04,lunch,5,tasty
413,2025-08-04,dinner,3,
414,2025-08-04,dinner,5,fresh
415,2025-08-04,dinner,4,fresh
416,2025-08-04,dinner,4,good quantity
417,2025-08-04,dinner,4,
418,2025-08-04,dinner,4,good quantity
419,2025-08-04,dinner,4,
420,2025-08-04,dinner,5,fresh
421,2025-08-04,dinner,4,fresh
422,2025-08-04,dinner,4,good quantity
423,2025-08-04,dinner,5,fresh
424,2025-08-04,dinner,3,
425,2025-08-04,dinner,5,
426,2025-08-04,dinner,4,fresh
427,2025-08-04,dinner,4,fresh
428,2025-08-04,dinner,3,
429,2025-08-05,breakfast,4,
430,2025-08-05,breakfast,3,
431,2025-08-05,breakfast,3,
432,2025-08-05,breakfast,3,
433,2025-08-05,breakfast,2,
434,2025-08-05,breakfast,3,
435,2025-08-05,breakfast,3,
436,2025-08-05,breakfast,4,fresh
437,2025-08-05,breakfast,3,
438,2025-08-05,lunch,3,
439,2025-08-05,lunch,2,
440,2025-08-05,lunch,3,
441,2025-08-05,lunch,3,
442,2025-08-05,lunch,3,
443,2025-08-05,lunch,2,too oily
444,2025-08-05,lunch,3,
445,2025-08-05,lunch,1,repetitive menu
446,2025-08-05,lunch,3,
447,2025-08-05,dinner,4,tasty
448,2025-08-05,dinner,3,
449,2025-08-05,dinner,3,
450,2025-08-05,dinner,3,
451,2025-08-05,dinner,3,
452,2025-08-05,dinner,4,tasty
453,2025-08-05,dinner,1,
454,2025-08-05,dinner,4,
455,2025-08-05,dinner,3,
456,2025-08-05,dinner,3,
457,2025-08-05,dinner,3,
458,2025-08-05,dinner,3,
459,2025-08-06,breakfast,4,tasty
460,2025-08-06,breakfast,4,
461,2025-08-06,breakfast,4,good quantity
462,2025-08-06,breakfast,4,
463,2025-08-06,breakfast,3,
464,2025-08-06,breakfast,4,
465,2025-08-06,breakfast,4,fresh
466,2025-08-06,breakfast,4,
467,2025-08-06,lunch,4,tasty
468,2025-08-06,lunch,3,
469,2025-08-06,lunch,4,
470,2025-08-06,lunch,3,
471,2025-08-06,lunch,2,
472,2025-08-06,dinner,3,
473,2025-08-06,dinner,3,
474,2025-08-06,dinner,3,
475,2025-08-06,dinner,4,
476,2025-08-06,dinner,5,tasty
477,2025-08-06,dinner,3,
478,2025-08-06,dinner,3,
479,2025-08-06,dinner,2,
480,2025-08-06,dinner,3,
481,2025-08-06,dinner,3,
482,2025-08-06,dinner,2,
483,2025-08-06,dinner,3,
484,2025-08-06,dinner,2,
485,2025-08-06,dinner,3,
486,2025-08-06,dinner,3,
487,2025-08-06,dinner,3,
488,2025-08-06,dinner,3,
489,2025-08-06,dinner,2,bland
490,2025-08-06,dinner,4,good quantity
491,2025-08-07,breakfast,3,
492,2025-08-07,breakfast,2,
493,2025-08-07,breakfast,4,fresh
494,2025-08-07,breakfast,4,tasty
495,2025-08-07,breakfast,4,fresh
496,2025-08-07,breakfast,3,
497,2025-08-07,breakfast,4,fresh
498,2025-08-07,breakfast,2,too oily
499,2025-08-07,breakfast,3,
500,2025-08-07,breakfast,4,fresh
501,2025-08-07,lunch,4,fresh
502,2025-08-07,lunch,5,good quantity
503,2025-08-07,lunch,5,tasty
504,2025-08-07,lunch,4,good quantity
505,2025-08-07,lunch,4,tasty
506,2025-08-07,lunch,5,good quantity
507,2025-08-07,lunch,4,
508,2025-08-07,lunch,3,
509,2025-08-07,lunch,4,
510,2025-08-07,lunch,4,
511,2025-08-07,lunch,3,
512,2025-08-07,lunch,4,
513,2025-08-07,lunch,4,good quantity
514,2025-08-07,lunch,5,good quantity
515,2025-08-07,lunch,5,good quantity
516,2025-08-07,lunch,5,fresh
517,2025-08-07,lunch,5,
518,2025-08-07,lunch,3,
519,2025-08-07,lunch,5,fresh
520,2025-08-07,lunch,5,
521,2025-08-07,lunch,4,good quantity
522,2025-08-07,lunch,5,fresh
523,2025-08-07,dinner,4,fresh
524,2025-08-07,dinner,3,
525,2025-08-07,dinner,5,
526,2025-08-07,dinner,4,
527,2025-08-07,dinner,5,
528,2025-08-07,dinner,5,
529,2025-08-07,dinner,5,
530,2025-08-07,dinner,5,
531,2025-08-07,dinner,5,
532,2025-08-07,dinner,4,fresh
533,2025-08-07,dinner,4,
534,2025-08-07,dinner,5,good quantity
535,2025-08-07,dinner,5,fresh
536,2025-08-07,dinner,5,fresh
537,2025-08-07,dinner,5,good quantity
538,2025-08-08,breakfast,4,
539,2025-08-08,breakfast,5,tasty
540,2025-08-08,breakfast,3,
541,2025-08-08,breakfast,4,
542,2025-08-08,breakfast,5,fresh
543,2025-08-08,breakfast,5,fresh
544,2025-08-08,breakfast,5,good quantity
545,2025-08-08,breakfast,5,
546,2025-08-08,breakfast,5,tasty
547,2025-08-08,breakfast,5,
548,2025-08-08,breakfast,4,
549,2025-08-08,lunch,4,tasty
550,2025-08-08,lunch,3,
551,2025-08-08,lunch,3,
552,2025-08-08,lunch,4,tasty
553,2025-08-08,lunch,4,good quantity
554,2025-08-08,lunch,4,
555,2025-08-08,lunch,4,
556,2025-08-08,lunch,4,
557,2025-08-08,lunch,4,good quantity
558,2025-08-08,dinner,5,tasty
559,2025-08-08,dinner,4,
560,2025-08-08,dinner,4,good quantity
561,2025-08-08,dinner,5,
562,2025-08-08,dinner,4,
563,2025-08-08,dinner,4,
564,2025-08-08,dinner,4,good quantity
565,2025-08-08,dinner,4,good quantity
566,2025-08-08,dinner,4,
567,2025-08-08,dinner,4,good quantity
568,2025-08-09,breakfast,4,
569,2025-08-09,breakfast,5,
570,2025-08-09,breakfast,4,good quantity
571,2025-08-09,breakfast,5,
572,2025-08-09,lunch,3,
573,2025-08-09,lunch,3,
574,2025-08-09,lunch,4,
575,2025-08-09,lunch,4,
576,2025-08-09,lunch,3,
577,2025-08-09,lunch,3,
578,2025-08-09,lunch,3,
579,2025-08-09,lunch,5,
580,2025-08-09,lunch,3,
581,2025-08-09,lunch,4,
582,2025-08-09,lunch,4,good quantity
583,2025-08-09,lunch,3,
584,2025-08-09,lunch,4,good quantity
585,2025-08-09,dinner,2,bland
586,2025-08-09,dinner,2,
587,2025-08-09,dinner,2,cold food
588,2025-08-09,dinner,3,
589,2025-08-10,breakfast,3,
590,2025-08-10,breakfast,4,
591,2025-08-10,breakfast,4,
592,2025-08-10,lunch,5,
593,2025-08-10,lunch,4,
594,2025-08-10,lunch,5,
595,2025-08-10,lunch,5,fresh
596,2025-08-10,lunch,5,good quantity
597,2025-08-10,lunch,5,tasty
598,2025-08-10,lunch,4,good quantity
599,2025-08-10,lunch,4,
600,2025-08-10,lunch,4,
601,2025-08-10,lunch,4,tasty
602,2025-08-10,lunch,5,tasty
603,2025-08-10,dinner,4,tasty
604,2025-08-10,dinner,3,
605,2025-08-10,dinner,3,
606,2025-08-10,dinner,5,good quantity
607,2025-08-10,dinner,3,
608,2025-08-10,dinner,3,
609,2025-08-10,dinner,5,
610,2025-08-10,dinner,4,tasty
611,2025-08-11,breakfast,4,
612,2025-08-11,breakfast,3,
613,2025-08-11,breakfast,4,
614,2025-08-11,breakfast,4,tasty
615,2025-08-11,breakfast,4,
616,2025-08-11,breakfast,3,
617,2025-08-11,breakfast,5,fresh
618,2025-08-11,breakfast,3,
619,2025-08-11,breakfast,3,
620,2025-08-11,breakfast,3,
621,2025-08-11,breakfast,2,undercooked
622,2025-08-11,lunch,5,tasty
623,2025-08-11,lunch,4,good quantity
624,2025-08-11,lunch,5,fresh
625,2025-08-11,lunch,4,
626,2025-08-11,lunch,4,
627,2025-08-11,lunch,3,
628,2025-08-11,lunch,3,
629,2025-08-11,lunch,5,tasty
630,2025-08-11,lunch,4,
631,2025-08-11,lunch,5,
632,2025-08-11,lunch,5,tasty
633,2025-08-11,lunch,4,good quantity
634,2025-08-11,lunch,4,tasty
635,2025-08-11,lunch,4,tasty
636,2025-08-11,lunch,3,
637,2025-08-11,lunch,4,
638,2025-08-11,dinner,3,
639,2025-08-11,dinner,3,
640,2025-08-11,dinner,4,good quantity
641,2025-08-11,dinner,4,good quantity
642,2025-08-11,dinner,3,
643,2025-08-11,dinner,2,
644,2025-08-12,breakfast,3,
645,2025-08-12,breakfast,3,
646,2025-08-12,breakfast,3,
647,2025-08-12,breakfast,3,
648,2025-08-12,breakfast,2,undercooked
649,2025-08-12,breakfast,3,
650,2025-08-12,breakfast,4,tasty
651,2025-08-12,breakfast,3,
652,2025-08-12,breakfast,5,good quantity
653,2025-08-12,lunch,4,
654,2025-08-12,lunch,3,
655,2025-08-12,lunch,4,tasty
656,2025-08-12,lunch,3,
657,2025-08-12,lunch,3,
658,2025-08-12,lunch,3,
659,2025-08-12,lunch,4,fresh
660,2025-08-12,lunch,3,
661,2025-08-12,lunch,4,good quantity
662,2025-08-12,lunch,4,
663,2025-08-12,lunch,4,tasty
664,2025-08-12,lunch,3,
665,2025-08-12,lunch,4,
666,2025-08-12,lunch,3,
667,2025-08-12,dinner,3,
668,2025-08-12,dinner,4,fresh
669,2025-08-12,dinner,2,too oily
670,2025-08-12,dinner,2,too oily
671,2025-08-12,dinner,4,tasty
672,2025-08-12,dinner,3,
673,2025-08-12,dinner,4,
674,2025-08-12,dinner,3,
675,2025-08-12,dinner,2,bland
676,2025-08-12,dinner,3,
677,2025-08-12,dinner,3,
678,2025-08-12,dinner,3,
679,2025-08-13,breakfast,3,
680,2025-08-13,breakfast,4,
681,2025-08-13,breakfast,2,undercooked
682,2025-08-13,breakfast,2,bland
683,2025-08-13,breakfast,4,fresh
684,2025-08-13,breakfast,3,
685,2025-08-13,breakfast,2,
686,2025-08-13,breakfast,3,
687,2025-08-13,breakfast,3,
688,2025-08-13,breakfast,3,
689,2025-08-13,breakfast,3,
690,2025-08-13,breakfast,3,
691,2025-08-13,lunch,3,
692,2025-08-13,lunch,3,
693,2025-08-13,lunch,3,
694,2025-08-13,lunch,2,
695,2025-08-13,lunch,4,tasty
696,2025-08-13,lunch,3,
697,2025-08-13,lunch,3,
698,2025-08-13,lunch,4,good quantity
699,2025-08-13,lunch,3,
700,2025-08-13,lunch,2,
701,2025-08-13,lunch,4,fresh
702,2025-08-13,dinner,4,
703,2025-08-13,dinner,4,good quantity
704,2025-08-13,dinner,3,
705,2025-08-13,dinner,5,good quantity
706,2025-08-13,dinner,5,
707,2025-08-13,dinner,5,good quantity
708,2025-08-13,dinner,5,good quantity
709,2025-08-13,dinner,4,fresh
710,2025-08-13,dinner,5,
711,2025-08-13,dinner,4,
712,2025-08-13,dinner,4,fresh
713,2025-08-13,dinner,4,
714,2025-08-14,breakfast,4,
715,2025-08-14,breakfast,5,tasty
716,2025-08-14,breakfast,4,
717,2025-08-14,breakfast,2,cold food
718,2025-08-14,breakfast,4,tasty
719,2025-08-14,breakfast,3,
720,2025-08-14,lunch,4,tasty
721,2025-08-14,lunch,3,
722,2025-08-14,lunch,3,
723,2025-08-14,lunch,5,tasty
724,2025-08-14,lunch,3,
725,2025-08-14,lunch,4,fresh
726,2025-08-14,lunch,4,tasty
727,2025-08-14,lunch,5,
728,2025-08-14,lunch,4,
729,2025-08-14,lunch,4,fresh
730,2025-08-14,dinner,4,
731,2025-08-14,dinner,5,
732,2025-08-14,dinner,4,tasty
733,2025-08-14,dinner,4,
734,2025-08-14,dinner,4,good quantity
735,2025-08-14,dinner,5,fresh
736,2025-08-14,dinner,4,
737,2025-08-14,dinner,4,
738,2025-08-14,dinner,4,
739,2025-08-15,breakfast,4,
740,2025-08-15,breakfast,2,cold food
741,2025-08-15,breakfast,1,bland
742,2025-08-15,breakfast,3,
743,2025-08-15,lunch,3,
744,2025-08-15,lunch,3,
745,2025-08-15,lunch,3,
746,2025-08-15,lunch,4,tasty
747,2025-08-15,dinner,4,fresh
748,2025-08-15,dinner,3,
749,2025-08-15,dinner,3,
750,2025-08-15,dinner,3,
751,2025-08-15,dinner,4,
752,2025-08-16,breakfast,3,
753,2025-08-16,lunch,3,
754,2025-08-16,lunch,4,
755,2025-08-16,lunch,2,bland
756,2025-08-16,lunch,2,
757,2025-08-16,lunch,3,
758,2025-08-16,dinner,5,fresh
759,2025-08-16,dinner,4,
760,2025-08-16,dinner,5,fresh
761,2025-08-16,dinner,4,tasty
762,2025-08-16,dinner,5,good quantity
763,2025-08-17,breakfast,5,tasty
764,2025-08-17,breakfast,5,good quantity
765,2025-08-17,breakfast,4,
766,2025-08-17,breakfast,5,fresh
767,2025-08-17,lunch,4,
768,2025-08-17,lunch,5,
769,2025-08-17,lunch,3,
770,2025-08-17,lunch,3,
771,2025-08-17,dinner,4,tasty
772,2025-08-17,dinner,5,
773,2025-08-17,dinner,4,good quantity
774,2025-08-17,dinner,4,
775,2025-08-17,dinner,5,
776,2025-08-17,dinner,5,fresh
777,2025-08-17,dinner,3,
778,2025-08-17,dinner,3,
779,2025-08-17,dinner,4,
780,2025-08-18,breakfast,5,
781,2025-08-18,breakfast,3,
782,2025-08-18,breakfast,5,fresh
783,2025-08-18,breakfast,4,
784,2025-08-18,breakfast,5,tasty
785,2025-08-18,breakfast,5,fresh
786,2025-08-18,breakfast,2,bland
787,2025-08-18,breakfast,5,
788,2025-08-18,breakfast,4,good quantity
789,2025-08-18,breakfast,5,
790,2025-08-18,breakfast,4,
791,2025-08-18,breakfast,5,tasty
792,2025-08-18,breakfast,5,
793,2025-08-18,breakfast,5,good quantity
794,2025-08-18,breakfast,3,
795,2025-08-18,breakfast,5,
796,2025-08-18,breakfast,4,good quantity
797,2025-08-18,breakfast,4,
798,2025-08-18,breakfast,5,
799,2025-08-18,breakfast,5,good quantity
800,2025-08-18,lunch,5,fresh
801,2025-08-18,lunch,3,
802,2025-08-18,lunch,3,
803,2025-08-18,lunch,3,
804,2025-08-18,lunch,2,too oily
805,2025-08-18,lunch,3,
806,2025-08-18,lunch,3,
807,2025-08-18,lunch,2,undercooked
808,2025-08-18,lunch,3,
809,2025-08-18,lunch,3,
810,2025-08-18,lunch,3,
811,2025-08-18,lunch,4,tasty
812,2025-08-18,lunch,2,undercooked
813,2025-08-18,lunch,3,
814,2025-08-18,lunch,3,
815,2025-08-18,lunch,2,
816,2025-08-18,lunch,2,
817,2025-08-18,dinner,3,
818,2025-08-18,dinner,3,
819,2025-08-18,dinner,3,
820,2025-08-18,dinner,4,tasty
821,2025-08-18,dinner,3,
822,2025-08-18,dinner,4,tasty
823,2025-08-18,dinner,3,
824,2025-08-18,dinner,4,fresh
825,2025-08-18,dinner,1,too oily
826,2025-08-18,dinner,3,
827,2025-08-18,dinner,2,too oily
828,2025-08-18,dinner,3,
829,2025-08-18,dinner,4,good quantity
830,2025-08-19,breakfast,4,fresh
831,2025-08-19,breakfast,3,
832,2025-08-19,breakfast,4,fresh
833,2025-08-19,breakfast,4,fresh
834,2025-08-19,breakfast,4,
835,2025-08-19,breakfast,4,
836,2025-08-19,breakfast,4,
837,2025-08-19,breakfast,5,fresh
838,2025-08-19,breakfast,4,
839,2025-08-19,breakfast,3,
840,2025-08-19,breakfast,4,tasty
841,2025-08-19,lunch,2,
842,2025-08-19,lunch,4,
843,2025-08-19,lunch,3,
844,2025-08-19,lunch,3,
845,2025-08-19,lunch,4,
846,2025-08-19,lunch,5,fresh
847,2025-08-19,lunch,4,
848,2025-08-19,lunch,3,
849,2025-08-19,dinner,3,
850,2025-08-19,dinner,3,
851,2025-08-19,dinner,3,
852,2025-08-19,dinner,3,
853,2025-08-19,dinner,4,good quantity
854,2025-08-19,dinner,3,
855,2025-08-19,dinner,2,cold food
856,2025-08-19,dinner,4,tasty
857,2025-08-19,dinner,3,
858,2025-08-19,dinner,3,
859,2025-08-19,dinner,2,
860,2025-08-19,dinner,3,
861,2025-08-20,breakfast,5,tasty
862,2025-08-20,breakfast,4,
863,2025-08-20,breakfast,4,good quantity
864,2025-08-20,breakfast,4,
865,2025-08-20,breakfast,4,tasty
866,2025-08-20,breakfast,4,
867,2025-08-20,breakfast,3,
868,2025-08-20,breakfast,3,
869,2025-08-20,breakfast,5,fresh
870,2025-08-20,breakfast,5,
871,2025-08-20,lunch,5,
872,2025-08-20,lunch,5,
873,2025-08-20,lunch,5,fresh
874,2025-08-20,lunch,5,
875,2025-08-20,lunch,4,good quantity
876,2025-08-20,lunch,4,
877,2025-08-20,lunch,5,fresh
878,2025-08-20,lunch,5,fresh
879,2025-08-20,lunch,5,fresh
880,2025-08-20,lunch,5,tasty
881,2025-08-20,lunch,5,tasty
882,2025-08-20,lunch,4,
883,2025-08-20,lunch,5,fresh
884,2025-08-20,lunch,4,fresh
885,2025-08-20,lunch,4,good quantity
886,2025-08-20,lunch,5,
887,2025-08-20,lunch,5,
888,2025-08-20,lunch,5,fresh
889,2025-08-20,lunch,5,good quantity
890,2025-08-20,lunch,4,
891,2025-08-20,dinner,3,
892,2025-08-20,dinner,4,fresh
893,2025-08-20,dinner,5,
894,2025-08-20,dinner,4,
895,2025-08-20,dinner,4,
896,2025-08-20,dinner,5,good quantity
897,2025-08-20,dinner,3,
898,2025-08-20,dinner,5,
899,2025-08-20,dinner,5,fresh
900,2025-08-20,dinner,5,
901,2025-08-20,dinner,5,tasty
902,2025-08-20,dinner,4,
903,2025-08-20,dinner,4,fresh
904,2025-08-20,dinner,5,tasty
905,2025-08-20,dinner,3,
906,2025-08-20,dinner,5,
907,2025-08-21,breakfast,4,fresh
908,2025-08-21,breakfast,3,
909,2025-08-21,breakfast,4,good quantity
910,2025-08-21,breakfast,3,
911,2025-08-21,breakfast,3,
912,2025-08-21,breakfast,3,
913,2025-08-21,breakfast,2,undercooked
914,2025-08-21,lunch,3,
915,2025-08-21,lunch,4,tasty
916,2025-08-21,lunch,4,tasty
917,2025-08-21,lunch,3,
918,2025-08-21,lunch,4,good quantity
919,2025-08-21,lunch,4,
920,2025-08-21,lunch,5,
921,2025-08-21,lunch,3,
922,2025-08-21,lunch,3,
923,2025-08-21,lunch,4,tasty
924,2025-08-21,lunch,5,
925,2025-08-21,lunch,5,fresh
926,2025-08-21,lunch,4,fresh
927,2025-08-21,lunch,4,
928,2025-08-21,dinner,3,
929,2025-08-21,dinner,3,
930,2025-08-21,dinner,4,fresh
931,2025-08-21,dinner,4,fresh
932,2025-08-21,dinner,4,tasty
933,2025-08-21,dinner,4,tasty
934,2025-08-21,dinner,3,
935,2025-08-21,dinner,4,tasty
936,2025-08-21,dinner,3,
937,2025-08-21,dinner,4,fresh
938,2025-08-21,dinner,4,good quantity
939,2025-08-21,dinner,4,
940,2025-08-21,dinner,4,good quantity
941,2025-08-22,breakfast,3,
942,2025-08-22,breakfast,3,
943,2025-08-22,breakfast,4,good quantity
944,2025-08-22,breakfast,4,good quantity
945,2025-08-22,breakfast,4,tasty
946,2025-08-22,breakfast,4,tasty
947,2025-08-22,breakfast,4,fresh
948,2025-08-22,breakfast,4,
949,2025-08-22,breakfast,4,good quantity
950,2025-08-22,breakfast,5,tasty
951,2025-08-22,lunch,4,
952,2025-08-22,lunch,4,
953,2025-08-22,lunch,3,
954,2025-08-22,lunch,4,good quantity
955,2025-08-22,lunch,4,good quantity
956,2025-08-22,lunch,3,
957,2025-08-22,lunch,4,fresh
958,2025-08-22,lunch,4,good quantity
959,2025-08-22,lunch,3,
960,2025-08-22,lunch,3,
961,2025-08-22,lunch,4,fresh
962,2025-08-22,dinner,4,
963,2025-08-22,dinner,3,
964,2025-08-22,dinner,3,
965,2025-08-22,dinner,3,
966,2025-08-22,dinner,3,
967,2025-08-22,dinner,3,
968,2025-08-22,dinner,2,
969,2025-08-22,dinner,3,
970,2025-08-22,dinner,1,bland
971,2025-08-22,dinner,3,
972,2025-08-22,dinner,1,bland
973,2025-08-22,dinner,2,
974,2025-08-22,dinner,3,
975,2025-08-22,dinner,2,cold food
976,2025-08-23,breakfast,3,
977,2025-08-23,breakfast,3,
978,2025-08-23,breakfast,4,fresh
979,2025-08-23,breakfast,2,bland
980,2025-08-23,lunch,3,
981,2025-08-23,lunch,4,good quantity
982,2025-08-23,lunch,4,fresh
983,2025-08-23,lunch,3,
984,2025-08-23,lunch,3,
985,2025-08-23,lunch,5,tasty
986,2025-08-23,lunch,4,tasty
987,2025-08-23,lunch,5,fresh
988,2025-08-23,lunch,4,fresh
989,2025-08-23,lunch,4,good quantity
990,2025-08-23,lunch,5,
991,2025-08-23,lunch,5,
992,2025-08-23,lunch,5,
993,2025-08-23,lunch,4,tasty
994,2025-08-23,lunch,3,
995,2025-08-23,lunch,5,tasty
996,2025-08-23,dinner,4,good quantity
997,2025-08-23,dinner,5,fresh
998,2025-08-23,dinner,3,
999,2025-08-23,dinner,3,
1000,2025-08-23,dinner,4,
1001,2025-08-23,dinner,3,
1002,2025-08-23,dinner,3,
1003,2025-08-23,dinner,4,
1004,2025-08-23,dinner,4,tasty
1005,2025-08-23,dinner,3,
1006,2025-08-23,dinner,4,fresh
1007,2025-08-23,dinner,4,fresh
1008,2025-08-23,dinner,4,tasty
1009,2025-08-24,breakfast,5,good quantity
1010,2025-08-24,breakfast,5,fresh
1011,2025-08-24,breakfast,5,good quantity
1012,2025-08-24,lunch,4,
1013,2025-08-24,lunch,4,
1014,2025-08-24,lunch,5,
1015,2025-08-24,lunch,3,
1016,2025-08-24,lunch,4,
1017,2025-08-24,lunch,5,fresh
1018,2025-08-24,dinner,5,
1019,2025-08-24,dinner,5,tasty
1020,2025-08-24,dinner,3,
1021,2025-08-24,dinner,4,good quantity
1022,2025-08-24,dinner,4,
1023,2025-08-24,dinner,5,
1024,2025-08-24,dinner,4,fresh
1025,2025-08-24,dinner,4,tasty
1026,2025-08-25,breakfast,5,fresh
1027,2025-08-25,breakfast,5,
1028,2025-08-25,breakfast,4,tasty
1029,2025-08-25,breakfast,5,
1030,2025-08-25,breakfast,5,
1031,2025-08-25,breakfast,5,
1032,2025-08-25,breakfast,5,tasty
1033,2025-08-25,breakfast,5,
1034,2025-08-25,breakfast,4,tasty
1035,2025-08-25,lunch,2,
1036,2025-08-25,lunch,2,
1037,2025-08-25,lunch,3,
1038,2025-08-25,lunch,4,tasty
1039,2025-08-25,lunch,3,
1040,2025-08-25,lunch,4,good quantity
1041,2025-08-25,lunch,3,
1042,2025-08-25,dinner,3,
1043,2025-08-25,dinner,5,
1044,2025-08-25,dinner,4,
1045,2025-08-25,dinner,3,
1046,2025-08-25,dinner,3,
1047,2025-08-25,dinner,3,
1048,2025-08-25,dinner,4,fresh
1049,2025-08-25,dinner,3,
1050,2025-08-25,dinner,4,good quantity
1051,2025-08-25,dinner,3,
1052,2025-08-25,dinner,5,
1053,2025-08-26,breakfast,5,
1054,2025-08-26,breakfast,4,tasty
1055,2025-08-26,breakfast,4,
1056,2025-08-26,breakfast,3,
1057,2025-08-26,breakfast,4,good quantity
1058,2025-08-26,breakfast,4,fresh
1059,2025-08-26,lunch,4,
1060,2025-08-26,lunch,5,
1061,2025-08-26,lunch,2,
1062,2025-08-26,lunch,2,cold food
1063,2025-08-26,lunch,4,tasty
1064,2025-08-26,lunch,4,tasty
1065,2025-08-26,lunch,3,
1066,2025-08-26,lunch,3,
1067,2025-08-26,lunch,3,
1068,2025-08-26,dinner,5,
1069,2025-08-26,dinner,5,good quantity
1070,2025-08-26,dinner,4,fresh
1071,2025-08-26,dinner,5,fresh
1072,2025-08-26,dinner,4,good quantity
1073,2025-08-26,dinner,4,tasty
1074,2025-08-26,dinner,4,tasty
1075,2025-08-26,dinner,4,good quantity
1076,2025-08-26,dinner,5,good quantity
1077,2025-08-27,breakfast,4,fresh
1078,2025-08-27,breakfast,3,
1079,2025-08-27,breakfast,3,
1080,2025-08-27,breakfast,4,fresh
1081,2025-08-27,breakfast,3,
1082,2025-08-27,breakfast,5,good quantity
1083,2025-08-27,breakfast,2,
1084,2025-08-27,breakfast,4,good quantity
1085,2025-08-27,lunch,4,
1086,2025-08-27,lunch,3,
1087,2025-08-27,lunch,4,fresh
1088,2025-08-27,lunch,3,
1089,2025-08-27,lunch,5,good quantity
1090,2025-08-27,lunch,4,tasty
1091,2025-08-27,lunch,5,
1092,2025-08-27,lunch,4,
1093,2025-08-27,lunch,4,fresh
1094,2025-08-27,lunch,4,fresh
1095,2025-08-27,lunch,5,
1096,2025-08-27,lunch,2,
1097,2025-08-27,lunch,3,
1098,2025-08-27,dinner,3,
1099,2025-08-27,dinner,4,
1100,2025-08-27,dinner,4,tasty
1101,2025-08-27,dinner,4,fresh
1102,2025-08-27,dinner,5,good quantity
1103,2025-08-27,dinner,5,
1104,2025-08-27,dinner,3,
1105,2025-08-27,dinner,5,good quantity
1106,2025-08-27,dinner,4,fresh
1107,2025-08-28,breakfast,3,
1108,2025-08-28,breakfast,5,
1109,2025-08-28,breakfast,3,
1110,2025-08-28,breakfast,4,tasty
1111,2025-08-28,breakfast,4,tasty
1112,2025-08-28,breakfast,3,
1113,2025-08-28,breakfast,3,
1114,2025-08-28,lunch,4,tasty
1115,2025-08-28,lunch,3,
1116,2025-08-28,lunch,5,fresh
1117,2025-08-28,lunch,4,tasty
1118,2025-08-28,lunch,2,bland
1119,2025-08-28,lunch,3,
1120,2025-08-28,lunch,5,
1121,2025-08-28,dinner,4,good quantity
1122,2025-08-28,dinner,3,
1123,2025-08-28,dinner,3,
1124,2025-08-28,dinner,5,fresh
1125,2025-08-28,dinner,5,
1126,2025-08-28,dinner,4,
1127,2025-08-28,dinner,4,
1128,2025-08-28,dinner,4,fresh
1129,2025-08-28,dinner,3,
1130,2025-08-28,dinner,3,
1131,2025-08-28,dinner,2,cold food
1132,2025-08-28,dinner,4,
1133,2025-08-28,dinner,4,fresh
1134,2025-08-28,dinner,4,
1135,2025-08-28,dinner,3,
1136,2025-08-29,breakfast,4,
1137,2025-08-29,breakfast,4,
1138,2025-08-29,breakfast,4,fresh
1139,2025-08-29,breakfast,3,
1140,2025-08-29,breakfast,4,tasty
1141,2025-08-29,breakfast,3,
1142,2025-08-29,breakfast,4,
1143,2025-08-29,breakfast,5,good quantity
1144,2025-08-29,lunch,3,
1145,2025-08-29,lunch,3,
1146,2025-08-29,lunch,3,
1147,2025-08-29,lunch,3,
1148,2025-08-29,lunch,3,
1149,2025-08-29,lunch,3,
1150,2025-08-29,lunch,1,
1151,2025-08-29,lunch,1,
1152,2025-08-29,lunch,4,
1153,2025-08-29,lunch,1,undercooked
1154,2025-08-29,lunch,2,
1155,2025-08-29,lunch,1,bland
1156,2025-08-29,dinner,3,
1157,2025-08-29,dinner,5,good quantity
1158,2025-08-29,dinner,5,good quantity
1159,2025-08-29,dinner,5,good quantity
1160,2025-08-29,dinner,4,tasty
1161,2025-08-29,dinner,4,
1162,2025-08-29,dinner,5,fresh
1163,2025-08-29,dinner,5,
1164,2025-08-29,dinner,5,
1165,2025-08-29,dinner,4,fresh
1166,2025-08-29,dinner,5,
1167,2025-08-29,dinner,4,
1168,2025-08-29,dinner,5,good quantity
1169,2025-08-29,dinner,4,fresh
1170,2025-08-29,dinner,4,
1171,2025-08-29,dinner,5,tasty
1172,2025-08-29,dinner,4,tasty
1173,2025-08-29,dinner,4,good quantity
1174,2025-08-30,breakfast,2,cold food
1175,2025-08-30,breakfast,5,
1176,2025-08-30,breakfast,5,fresh
1177,2025-08-30,breakfast,2,cold food
1178,2025-08-30,breakfast,2,repetitive menu
1179,2025-08-30,breakfast,5,
1180,2025-08-30,breakfast,4,good quantity
1181,2025-08-30,breakfast,3,
1182,2025-08-30,breakfast,4,tasty
1183,2025-08-30,lunch,3,
1184,2025-08-30,lunch,3,
1185,2025-08-30,lunch,3,
1186,2025-08-30,lunch,4,
1187,2025-08-30,lunch,3,
1188,2025-08-30,lunch,5,
1189,2025-08-30,lunch,2,cold food
1190,2025-08-30,lunch,5,good quantity
1191,2025-08-30,lunch,5,
1192,2025-08-30,lunch,4,
1193,2025-08-30,lunch,5,tasty
1194,2025-08-30,lunch,5,
1195,2025-08-30,lunch,3,
1196,2025-08-30,dinner,4,
1197,2025-08-30,dinner,4,fresh
1198,2025-08-30,dinner,3,
1199,2025-08-30,dinner,5,
1200,2025-08-30,dinner,4,
1201,2025-08-30,dinner,4,fresh
1202,2025-08-30,dinner,3,
1203,2025-08-30,dinner,5,fresh
1204,2025-08-31,breakfast,1,bland
1205,2025-08-31,breakfast,4,
1206,2025-08-31,breakfast,1,undercooked
1207,2025-08-31,breakfast,3,
1208,2025-08-31,lunch,3,
1209,2025-08-31,lunch,5,
1210,2025-08-31,lunch,4,
1211,2025-08-31,lunch,3,
1212,2025-08-31,lunch,5,tasty
1213,2025-08-31,lunch,4,
1214,2025-08-31,lunch,5,fresh
1215,2025-08-31,lunch,4,fresh
1216,2025-08-31,lunch,4,fresh
1217,2025-08-31,lunch,4,fresh
1218,2025-08-31,lunch,4,tasty
1219,2025-08-31,lunch,5,
1220,2025-08-31,dinner,4,tasty
1221,2025-08-31,dinner,4,good quantity
1222,2025-08-31,dinner,4,
1223,2025-08-31,dinner,3,
1224,2025-08-31,dinner,4,tasty
1225,2025-08-31,dinner,3,
1226,2025-08-31,dinner,4,tasty
1227,2025-09-01,breakfast,5,
1228,2025-09-01,breakfast,5,
1229,2025-09-01,breakfast,5,fresh
1230,2025-09-01,breakfast,3,
1231,2025-09-01,breakfast,5,fresh
1232,2025-09-01,breakfast,5,good quantity
1233,2025-09-01,breakfast,4,
1234,2025-09-01,breakfast,4,tasty
1235,2025-09-01,breakfast,4,
1236,2025-09-01,breakfast,4,fresh
1237,2025-09-01,breakfast,5,
1238,2025-09-01,lunch,2,
1239,2025-09-01,lunch,4,good quantity
1240,2025-09-01,lunch,3,
1241,2025-09-01,lunch,3,
1242,2025-09-01,lunch,3,
1243,2025-09-01,lunch,4,fresh
1244,2025-09-01,lunch,3,
1245,2025-09-01,lunch,4,
1246,2025-09-01,lunch,2,
1247,2025-09-01,lunch,4,tasty
1248,2025-09-01,lunch,4,
1249,2025-09-01,lunch,3,
1250,2025-09-01,lunch,1,
1251,2025-09-01,lunch,3,
1252,2025-09-01,lunch,2,undercooked
1253,2025-09-01,dinner,3,
1254,2025-09-01,dinner,4,
1255,2025-09-01,dinner,3,
1256,2025-09-01,dinner,3,
1257,2025-09-01,dinner,3,
1258,2025-09-01,dinner,3,
1259,2025-09-01,dinner,3,
1260,2025-09-01,dinner,4,tasty
1261,2025-09-01,dinner,4,tasty
1262,2025-09-01,dinner,4,fresh
1263,2025-09-01,dinner,3,
1264,2025-09-01,dinner,3,
1265,2025-09-02,breakfast,4,tasty
1266,2025-09-02,breakfast,5,good quantity
1267,2025-09-02,breakfast,5,fresh
1268,2025-09-02,breakfast,4,
1269,2025-09-02,breakfast,5,tasty
1270,2025-09-02,breakfast,4,tasty
1271,2025-09-02,breakfast,4,tasty
1272,2025-09-02,breakfast,5,tasty
1273,2025-09-02,breakfast,5,fresh
1274,2025-09-02,breakfast,5,good quantity
1275,2025-09-02,breakfast,3,
1276,2025-09-02,breakfast,5,good quantity
1277,2025-09-02,breakfast,4,
1278,2025-09-02,lunch,5,good quantity
1279,2025-09-02,lunch,4,
1280,2025-09-02,lunch,4,fresh
1281,2025-09-02,lunch,5,tasty
1282,2025-09-02,lunch,4,good quantity
1283,2025-09-02,lunch,5,good quantity
1284,2025-09-02,lunch,5,fresh
1285,2025-09-02,lunch,5,fresh
1286,2025-09-02,lunch,4,fresh
1287,2025-09-02,lunch,5,good quantity
1288,2025-09-02,lunch,4,tasty
1289,2025-09-02,lunch,4,
1290,2025-09-02,lunch,5,fresh
1291,2025-09-02,lunch,5,good quantity
1292,2025-09-02,lunch,4,good quantity
1293,2025-09-02,lunch,5,
1294,2025-09-02,lunch,4,
1295,2025-09-02,lunch,3,
1296,2025-09-02,dinner,4,tasty
1297,2025-09-02,dinner,5,
1298,2025-09-02,dinner,4,
1299,2025-09-02,dinner,4,
1300,2025-09-02,dinner,4,
1301,2025-09-02,dinner,4,tasty
1302,2025-09-02,dinner,4,good quantity
1303,2025-09-02,dinner,5,
1304,2025-09-02,dinner,3,
1305,2025-09-02,dinner,3,
1306,2025-09-02,dinner,4,tasty
1307,2025-09-02,dinner,5,
1308,2025-09-02,dinner,5,tasty
1309,2025-09-02,dinner,3,
1310,2025-09-02,dinner,3,
1311,2025-09-02,dinner,5,
1312,2025-09-02,dinner,5,fresh
1313,2025-09-02,dinner,3,
1314,2025-09-02,dinner,4,good quantity
1315,2025-09-03,breakfast,4,
1316,2025-09-03,breakfast,4,tasty
1317,2025-09-03,breakfast,4,
1318,2025-09-03,breakfast,3,
1319,2025-09-03,breakfast,4,good quantity
1320,2025-09-03,breakfast,4,good quantity
1321,2025-09-03,breakfast,4,good quantity
1322,2025-09-03,breakfast,5,fresh
1323,2025-09-03,breakfast,3,
1324,2025-09-03,lunch,4,good quantity
1325,2025-09-03,lunch,4,tasty
1326,2025-09-03,lunch,4,
1327,2025-09-03,lunch,5,tasty
1328,2025-09-03,lunch,3,
1329,2025-09-03,lunch,4,
1330,2025-09-03,lunch,4,tasty
1331,2025-09-03,lunch,4,
1332,2025-09-03,lunch,4,good quantity
1333,2025-09-03,lunch,4,
1334,2025-09-03,lunch,5,tasty
1335,2025-09-03,lunch,3,
1336,2025-09-03,lunch,4,tasty
1337,2025-09-03,lunch,4,
1338,2025-09-03,lunch,4,
1339,2025-09-03,lunch,4,
1340,2025-09-03,lunch,5,fresh
1341,2025-09-03,lunch,4,
1342,2025-09-03,lunch,4,fresh
1343,2025-09-03,lunch,4,
1344,2025-09-03,dinner,5,fresh
1345,2025-09-03,dinner,3,
1346,2025-09-03,dinner,4,good quantity
1347,2025-09-03,dinner,4,good quantity
1348,2025-09-03,dinner,4,fresh
1349,2025-09-03,dinner,4,tasty
1350,2025-09-03,dinner,5,tasty
1351,2025-09-03,dinner,3,
1352,2025-09-03,dinner,5,
1353,2025-09-03,dinner,3,
1354,2025-09-03,dinner,5,tasty
1355,2025-09-03,dinner,3,
1356,2025-09-03,dinner,3,
1357,2025-09-03,dinner,3,
1358,2025-09-03,dinner,5,
1359,2025-09-03,dinner,3,
1360,2025-09-03,dinner,3,
1361,2025-09-04,breakfast,3,
1362,2025-09-04,breakfast,4,fresh
1363,2025-09-04,breakfast,3,
1364,2025-09-04,breakfast,3,
1365,2025-09-04,breakfast,3,
1366,2025-09-04,breakfast,3,
1367,2025-09-04,breakfast,3,
1368,2025-09-04,breakfast,4,
1369,2025-09-04,lunch,4,
1370,2025-09-04,lunch,2,
1371,2025-09-04,lunch,3,
1372,2025-09-04,lunch,4,
1373,2025-09-04,lunch,3,
1374,2025-09-04,lunch,4,fresh
1375,2025-09-04,lunch,5,tasty
1376,2025-09-04,lunch,4,good quantity
1377,2025-09-04,lunch,4,tasty
1378,2025-09-04,lunch,4,
1379,2025-09-04,lunch,4,good quantity
1380,2025-09-04,lunch,5,
1381,2025-09-04,lunch,3,
1382,2025-09-04,lunch,2,cold food
1383,2025-09-04,lunch,4,tasty
1384,2025-09-04,lunch,3,
1385,2025-09-04,lunch,3,
1386,2025-09-04,dinner,3,
1387,2025-09-04,dinner,2,cold food
1388,2025-09-04,dinner,2,cold food
1389,2025-09-04,dinner,2,
1390,2025-09-04,dinner,1,
1391,2025-09-04,dinner,1,
1392,2025-09-04,dinner,4,fresh
1393,2025-09-04,dinner,2,too oily
1394,2025-09-05,breakfast,5,
1395,2025-09-05,breakfast,4,good quantity
1396,2025-09-05,breakfast,4,
1397,2025-09-05,breakfast,4,fresh
1398,2025-09-05,breakfast,4,good quantity
1399,2025-09-05,breakfast,4,
1400,2025-09-05,breakfast,4,fresh
1401,2025-09-05,breakfast,3,
1402,2025-09-05,breakfast,3,
1403,2025-09-05,lunch,4,fresh
1404,2025-09-05,lunch,5,tasty
1405,2025-09-05,lunch,5,fresh
1406,2025-09-05,lunch,4,good quantity
1407,2025-09-05,lunch,4,
1408,2025-09-05,lunch,3,
1409,2025-09-05,lunch,4,tasty
1410,2025-09-05,lunch,5,good quantity
1411,2025-09-05,lunch,4,tasty
1412,2025-09-05,lunch,4,fresh
1413,2025-09-05,lunch,2,undercooked
1414,2025-09-05,lunch,4,
1415,2025-09-05,lunch,3,
1416,2025-09-05,lunch,3,
1417,2025-09-05,lunch,5,
1418,2025-09-05,dinner,4,
1419,2025-09-05,dinner,4,
1420,2025-09-05,dinner,5,tasty
1421,2025-09-05,dinner,3,
1422,2025-09-05,dinner,4,
1423,2025-09-05,dinner,4,
1424,2025-09-05,dinner,4,fresh
1425,2025-09-05,dinner,4,
1426,2025-09-06,breakfast,3,
1427,2025-09-06,lunch,4,
1428,2025-09-06,lunch,5,good quantity
1429,2025-09-06,lunch,4,good quantity
1430,2025-09-06,lunch,5,fresh
1431,2025-09-06,lunch,5,
1432,2025-09-06,lunch,3,
1433,2025-09-06,lunch,5,good quantity
1434,2025-09-06,lunch,5,
1435,2025-09-06,lunch,4,good quantity
1436,2025-09-06,lunch,4,
1437,2025-09-06,lunch,4,
1438,2025-09-06,lunch,5,
1439,2025-09-06,lunch,4,
1440,2025-09-06,lunch,5,tasty
1441,2025-09-06,dinner,5,
1442,2025-09-06,dinner,4,
1443,2025-09-06,dinner,5,good quantity
1444,2025-09-06,dinner,4,tasty
1445,2025-09-06,dinner,5,
1446,2025-09-06,dinner,3,
1447,2025-09-06,dinner,3,
1448,2025-09-06,dinner,5,
1449,2025-09-06,dinner,5,good quantity
1450,2025-09-06,dinner,2,bland
1451,2025-09-06,dinner,5,tasty
1452,2025-09-06,dinner,4,
1453,2025-09-07,breakfast,2,repetitive menu
1454,2025-09-07,breakfast,5,good quantity
1455,2025-09-07,breakfast,4,good quantity
1456,2025-09-07,breakfast,5,tasty
1457,2025-09-07,breakfast,4,
1458,2025-09-07,breakfast,3,
1459,2025-09-07,breakfast,4,
1460,2025-09-07,breakfast,3,
1461,2025-09-07,lunch,4,
1462,2025-09-07,lunch,3,
1463,2025-09-07,lunch,4,good quantity
1464,2025-09-07,lunch,3,
1465,2025-09-07,lunch,3,
1466,2025-09-07,lunch,2,
1467,2025-09-07,dinner,3,
1468,2025-09-07,dinner,3,
1469,2025-09-07,dinner,4,fresh
1470,2025-09-07,dinner,2,bland
1471,2025-09-07,dinner,2,too oily
1472,2025-09-07,dinner,3,
1473,2025-09-07,dinner,2,
1474,2025-09-08,breakfast,3,
1475,2025-09-08,breakfast,3,
1476,2025-09-08,breakfast,2,
1477,2025-09-08,breakfast,3,
1478,2025-09-08,breakfast,4,good quantity
1479,2025-09-08,breakfast,2,undercooked
1480,2025-09-08,breakfast,2,
1481,2025-09-08,lunch,1,
1482,2025-09-08,lunch,4,
1483,2025-09-08,lunch,3,
1484,2025-09-08,lunch,4,good quantity
1485,2025-09-08,lunch,4,
1486,2025-09-08,lunch,4,
1487,2025-09-08,lunch,4,
1488,2025-09-08,lunch,2,repetitive menu
1489,2025-09-08,lunch,3,
1490,2025-09-08,dinner,5,good quantity
1491,2025-09-08,dinner,5,
1492,2025-09-08,dinner,5,
1493,2025-09-08,dinner,4,fresh
1494,2025-09-08,dinner,5,fresh
1495,2025-09-08,dinner,3,
1496,2025-09-08,dinner,3,
1497,2025-09-08,dinner,3,
1498,2025-09-09,breakfast,5,fresh
1499,2025-09-09,breakfast,5,good quantity
1500,2025-09-09,breakfast,4,tasty
1501,2025-09-09,breakfast,4,
1502,2025-09-09,breakfast,5,tasty
1503,2025-09-09,breakfast,5,tasty
1504,2025-09-09,breakfast,4,good quantity
1505,2025-09-09,breakfast,4,tasty
1506,2025-09-09,breakfast,4,
1507,2025-09-09,breakfast,4,
1508,2025-09-09,lunch,3,
1509,2025-09-09,lunch,4,fresh
1510,2025-09-09,lunch,5,
1511,2025-09-09,lunch,4,good quantity
1512,2025-09-09,lunch,4,good quantity
1513,2025-09-09,lunch,5,
1514,2025-09-09,lunch,3,
1515,2025-09-09,lunch,4,tasty
1516,2025-09-09,lunch,3,
1517,2025-09-09,lunch,5,tasty
1518,2025-09-09,lunch,4,good quantity
1519,2025-09-09,lunch,5,tasty
1520,2025-09-09,lunch,4,
1521,2025-09-09,lunch,4,good quantity
1522,2025-09-09,lunch,3,
1523,2025-09-09,lunch,3,
1524,2025-09-09,lunch,5,
1525,2025-09-09,dinner,4,
1526,2025-09-09,dinner,3,
1527,2025-09-09,dinner,4,
1528,2025-09-09,dinner,4,tasty
1529,2025-09-09,dinner,5,tasty
1530,2025-09-09,dinner,5,good quantity
1531,2025-09-09,dinner,3,
1532,2025-09-09,dinner,5,tasty
1533,2025-09-09,dinner,5,
1534,2025-09-09,dinner,4,
1535,2025-09-09,dinner,4,fresh
1536,2025-09-09,dinner,4,
1537,2025-09-09,dinner,5,tasty
1538,2025-09-10,breakfast,5,good quantity
1539,2025-09-10,breakfast,3,
1540,2025-09-10,breakfast,5,good quantity
1541,2025-09-10,breakfast,5,tasty
1542,2025-09-10,breakfast,5,tasty
1543,2025-09-10,breakfast,4,tasty
1544,2025-09-10,breakfast,4,tasty
1545,2025-09-10,breakfast,5,good quantity
1546,2025-09-10,breakfast,4,
1547,2025-09-10,breakfast,4,
1548,2025-09-10,lunch,1,
1549,2025-09-10,lunch,4,
1550,2025-09-10,lunch,2,
1551,2025-09-10,lunch,3,
1552,2025-09-10,lunch,5,fresh
1553,2025-09-10,lunch,4,good quantity
1554,2025-09-10,lunch,3,
1555,2025-09-10,lunch,5,tasty
1556,2025-09-10,lunch,2,
1557,2025-09-10,lunch,3,
1558,2025-09-10,lunch,3,
1559,2025-09-10,lunch,3,
1560,2025-09-10,lunch,5,
1561,2025-09-10,dinner,4,fresh
1562,2025-09-10,dinner,4,fresh
1563,2025-09-10,dinner,2,cold food
1564,2025-09-10,dinner,4,
1565,2025-09-10,dinner,4,tasty
1566,2025-09-10,dinner,5,fresh
1567,2025-09-11,breakfast,5,
1568,2025-09-11,breakfast,4,
1569,2025-09-11,breakfast,5,
1570,2025-09-11,breakfast,3,
1571,2025-09-11,breakfast,5,
1572,2025-09-11,breakfast,5,good quantity
1573,2025-09-11,breakfast,4,
1574,2025-09-11,breakfast,3,
1575,2025-09-11,lunch,3,
1576,2025-09-11,lunch,4,fresh
1577,2025-09-11,lunch,3,
1578,2025-09-11,lunch,2,cold food
1579,2025-09-11,lunch,3,
1580,2025-09-11,lunch,4,good quantity
1581,2025-09-11,lunch,1,
1582,2025-09-11,lunch,2,
1583,2025-09-11,lunch,4,
1584,2025-09-11,lunch,4,good quantity
1585,2025-09-11,lunch,1,cold food
1586,2025-09-11,lunch,2,
1587,2025-09-11,lunch,3,
1588,2025-09-11,lunch,2,
1589,2025-09-11,lunch,3,
1590,2025-09-11,dinner,5,tasty
1591,2025-09-11,dinner,5,tasty
1592,2025-09-11,dinner,5,good quantity
1593,2025-09-11,dinner,5,good quantity
1594,2025-09-11,dinner,5,
1595,2025-09-11,dinner,5,
1596,2025-09-11,dinner,3,
1597,2025-09-11,dinner,2,too oily
1598,2025-09-11,dinner,5,good quantity
1599,2025-09-11,dinner,3,
1600,2025-09-11,dinner,5,good quantity
1601,2025-09-12,breakfast,3,
1602,2025-09-12,breakfast,4,fresh
1603,2025-09-12,breakfast,4,
1604,2025-09-12,breakfast,5,good quantity
1605,2025-09-12,lunch,3,
1606,2025-09-12,lunch,3,
1607,2025-09-12,lunch,2,
1608,2025-09-12,lunch,3,
1609,2025-09-12,lunch,4,good quantity
1610,2025-09-12,lunch,4,good quantity
1611,2025-09-12,lunch,3,
1612,2025-09-12,lunch,5,good quantity
1613,2025-09-12,lunch,4,fresh
1614,2025-09-12,lunch,4,fresh
1615,2025-09-12,lunch,3,
1616,2025-09-12,lunch,3,
1617,2025-09-12,lunch,5,tasty
1618,2025-09-12,lunch,4,
1619,2025-09-12,lunch,3,
1620,2025-09-12,lunch,4,tasty
1621,2025-09-12,lunch,4,
1622,2025-09-12,lunch,5,good quantity
1623,2025-09-12,dinner,4,
1624,2025-09-12,dinner,5,good quantity
1625,2025-09-12,dinner,5,good quantity
1626,2025-09-12,dinner,4,good quantity
1627,2025-09-12,dinner,5,good quantity
1628,2025-09-12,dinner,5,good quantity
1629,2025-09-12,dinner,4,good quantity
1630,2025-09-12,dinner,5,
1631,2025-09-12,dinner,4,good quantity
1632,2025-09-12,dinner,4,fresh
1633,2025-09-12,dinner,4,tasty
1634,2025-09-12,dinner,4,tasty
1635,2025-09-12,dinner,5,
1636,2025-09-12,dinner,4,
1637,2025-09-12,dinner,3,
1638,2025-09-13,breakfast,3,
1639,2025-09-13,breakfast,4,good quantity
1640,2025-09-13,breakfast,4,tasty
1641,2025-09-13,breakfast,2,bland
1642,2025-09-13,breakfast,5,
1643,2025-09-13,lunch,4,
1644,2025-09-13,lunch,3,
1645,2025-09-13,lunch,5,fresh
1646,2025-09-13,lunch,4,
1647,2025-09-13,lunch,4,tasty
1648,2025-09-13,lunch,4,fresh
1649,2025-09-13,lunch,3,
1650,2025-09-13,lunch,4,good quantity
1651,2025-09-13,lunch,4,
1652,2025-09-13,lunch,4,fresh
1653,2025-09-13,lunch,4,fresh
1654,2025-09-13,lunch,4,tasty
1655,2025-09-13,lunch,4,fresh
1656,2025-09-13,dinner,4,tasty
1657,2025-09-13,dinner,3,
1658,2025-09-13,dinner,2,bland
1659,2025-09-13,dinner,3,
1660,2025-09-13,dinner,4,fresh
1661,2025-09-13,dinner,3,
1662,2025-09-13,dinner,5,
1663,2025-09-13,dinner,2,too oily
1664,2025-09-13,dinner,3,
1665,2025-09-14,breakfast,4,tasty
1666,2025-09-14,lunch,3,
1667,2025-09-14,lunch,4,good quantity
1668,2025-09-14,lunch,4,good quantity
1669,2025-09-14,lunch,1,repetitive menu
1670,2025-09-14,lunch,3,
1671,2025-09-14,lunch,3,
1672,2025-09-14,lunch,4,fresh
1673,2025-09-14,dinner,3,
1674,2025-09-14,dinner,4,good quantity
1675,2025-09-14,dinner,3,
1676,2025-09-14,dinner,4,
1677,2025-09-14,dinner,2,
1678,2025-09-14,dinner,3,
1679,2025-09-14,dinner,3,
1680,2025-09-14,dinner,2,
1681,2025-09-14,dinner,3,
1682,2025-09-14,dinner,4,fresh
1683,2025-09-14,dinner,3,
1684,2025-09-15,breakfast,3,
1685,2025-09-15,breakfast,4,fresh
1686,2025-09-15,breakfast,3,
1687,2025-09-15,breakfast,3,
1688,2025-09-15,breakfast,3,
1689,2025-09-15,breakfast,3,
1690,2025-09-15,breakfast,4,good quantity
1691,2025-09-15,breakfast,2,repetitive menu
1692,2025-09-15,breakfast,3,
1693,2025-09-15,breakfast,2,bland
1694,2025-09-15,breakfast,5,
1695,2025-09-15,breakfast,3,
1696,2025-09-15,lunch,5,tasty
1697,2025-09-15,lunch,4,
1698,2025-09-15,lunch,5,good quantity
1699,2025-09-15,lunch,3,
1700,2025-09-15,lunch,5,fresh
1701,2025-09-15,lunch,4,good quantity
1702,2025-09-15,lunch,3,
1703,2025-09-15,lunch,4,tasty
1704,2025-09-15,lunch,4,
1705,2025-09-15,lunch,3,
1706,2025-09-15,lunch,5,good quantity
1707,2025-09-15,lunch,4,tasty
1708,2025-09-15,lunch,4,fresh
1709,2025-09-15,lunch,5,fresh
1710,2025-09-15,lunch,5,tasty
1711,2025-09-15,dinner,3,
1712,2025-09-15,dinner,4,tasty
1713,2025-09-15,dinner,4,
1714,2025-09-15,dinner,4,good quantity
1715,2025-09-15,dinner,5,
1716,2025-09-15,dinner,3,
1717,2025-09-15,dinner,4,
1718,2025-09-15,dinner,5,
1719,2025-09-15,dinner,3,
1720,2025-09-15,dinner,3,
1721,2025-09-15,dinner,4,tasty
1722,2025-09-15,dinner,5,tasty
1723,2025-09-15,dinner,4,
1724,2025-09-15,dinner,4,fresh
1725,2025-09-15,dinner,4,good quantity
1726,2025-09-15,dinner,4,good quantity
1727,2025-09-15,dinner,5,good quantity
1728,2025-09-15,dinner,3,
1729,2025-09-16,breakfast,3,
1730,2025-09-16,breakfast,3,
1731,2025-09-16,breakfast,2,
1732,2025-09-16,breakfast,3,
1733,2025-09-16,breakfast,4,fresh
1734,2025-09-16,breakfast,2,too oily
1735,2025-09-16,lunch,5,
1736,2025-09-16,lunch,4,
1737,2025-09-16,lunch,5,
1738,2025-09-16,lunch,4,
1739,2025-09-16,lunch,3,
1740,2025-09-16,lunch,4,tasty
1741,2025-09-16,lunch,4,tasty
1742,2025-09-16,lunch,4,fresh
1743,2025-09-16,lunch,5,good quantity
1744,2025-09-16,lunch,5,
1745,2025-09-16,lunch,5,good quantity
1746,2025-09-16,dinner,3,
1747,2025-09-16,dinner,4,good quantity
1748,2025-09-16,dinner,2,
1749,2025-09-16,dinner,3,
1750,2025-09-16,dinner,4,
1751,2025-09-16,dinner,4,good quantity
1752,2025-09-16,dinner,4,good quantity
1753,2025-09-16,dinner,4,good quantity
1754,2025-09-16,dinner,2,too oily
1755,2025-09-16,dinner,4,
1756,2025-09-16,dinner,4,tasty
1757,2025-09-16,dinner,5,
1758,2025-09-16,dinner,4,tasty
1759,2025-09-16,dinner,3,
1760,2025-09-16,dinner,4,tasty
1761,2025-09-17,breakfast,4,good quantity
1762,2025-09-17,breakfast,4,fresh
1763,2025-09-17,breakfast,4,good quantity
1764,2025-09-17,breakfast,5,tasty
1765,2025-09-17,breakfast,4,
1766,2025-09-17,breakfast,5,good quantity
1767,2025-09-17,breakfast,4,
1768,2025-09-17,breakfast,5,
1769,2025-09-17,breakfast,3,
1770,2025-09-17,lunch,4,fresh
1771,2025-09-17,lunch,3,
1772,2025-09-17,lunch,5,
1773,2025-09-17,lunch,4,fresh
1774,2025-09-17,lunch,3,
1775,2025-09-17,lunch,2,bland
1776,2025-09-17,lunch,4,good quantity
1777,2025-09-17,lunch,4,tasty
1778,2025-09-17,lunch,3,
1779,2025-09-17,lunch,5,tasty
1780,2025-09-17,lunch,3,
1781,2025-09-17,lunch,3,
1782,2025-09-17,lunch,2,
1783,2025-09-17,lunch,4,fresh
1784,2025-09-17,dinner,3,
1785,2025-09-17,dinner,2,
1786,2025-09-17,dinner,3,
1787,2025-09-17,dinner,4,fresh
1788,2025-09-17,dinner,3,
1789,2025-09-17,dinner,3,
1790,2025-09-17,dinner,4,
1791,2025-09-17,dinner,3,
1792,2025-09-17,dinner,2,bland
1793,2025-09-17,dinner,3,
1794,2025-09-17,dinner,3,
1795,2025-09-17,dinner,3,
1796,2025-09-18,breakfast,5,fresh
1797,2025-09-18,breakfast,5,tasty
1798,2025-09-18,breakfast,5,fresh
1799,2025-09-18,breakfast,5,
1800,2025-09-18,breakfast,4,
1801,2025-09-18,breakfast,5,tasty
1802,2025-09-18,breakfast,5,
1803,2025-09-18,breakfast,5,
1804,2025-09-18,breakfast,5,
1805,2025-09-18,breakfast,5,tasty
1806,2025-09-18,lunch,4,good quantity
1807,2025-09-18,lunch,5,tasty
1808,2025-09-18,lunch,5,tasty
1809,2025-09-18,lunch,5,good quantity
1810,2025-09-18,lunch,5,good quantity
1811,2025-09-18,lunch,4,good quantity
1812,2025-09-18,lunch,4,
1813,2025-09-18,lunch,4,
1814,2025-09-18,lunch,3,
1815,2025-09-18,lunch,4,
1816,2025-09-18,dinner,5,
1817,2025-09-18,dinner,4,tasty
1818,2025-09-18,dinner,3,
1819,2025-09-18,dinner,3,
1820,2025-09-18,dinner,5,good quantity
1821,2025-09-18,dinner,4,
1822,2025-09-18,dinner,5,
1823,2025-09-18,dinner,4,tasty
1824,2025-09-18,dinner,3,
1825,2025-09-18,dinner,3,
1826,2025-09-18,dinner,5,
1827,2025-09-18,dinner,2,bland
1828,2025-09-18,dinner,4,fresh
1829,2025-09-18,dinner,3,
1830,2025-09-19,breakfast,4,
1831,2025-09-19,breakfast,3,
1832,2025-09-19,breakfast,3,
1833,2025-09-19,breakfast,4,tasty
1834,2025-09-19,breakfast,5,fresh
1835,2025-09-19,breakfast,4,fresh
1836,2025-09-19,breakfast,3,
1837,2025-09-19,breakfast,4,tasty
1838,2025-09-19,breakfast,5,
1839,2025-09-19,breakfast,4,tasty
1840,2025-09-19,breakfast,3,
1841,2025-09-19,lunch,4,fresh
1842,2025-09-19,lunch,5,
1843,2025-09-19,lunch,5,fresh
1844,2025-09-19,lunch,4,
1845,2025-09-19,lunch,4,good quantity
1846,2025-09-19,lunch,5,fresh
1847,2025-09-19,lunch,5,fresh
1848,2025-09-19,lunch,4,fresh
1849,2025-09-19,lunch,5,
1850,2025-09-19,lunch,4,good quantity
1851,2025-09-19,lunch,3,
1852,2025-09-19,lunch,4,fresh
1853,2025-09-19,lunch,5,good quantity
1854,2025-09-19,lunch,5,fresh
1855,2025-09-19,dinner,4,fresh
1856,2025-09-19,dinner,3,
1857,2025-09-19,dinner,4,
1858,2025-09-19,dinner,3,
1859,2025-09-19,dinner,3,
1860,2025-09-19,dinner,5,tasty
1861,2025-09-19,dinner,4,tasty
1862,2025-09-19,dinner,4,
1863,2025-09-19,dinner,4,
1864,2025-09-20,breakfast,3,
1865,2025-09-20,breakfast,3,
1866,2025-09-20,breakfast,5,fresh
1867,2025-09-20,breakfast,4,
1868,2025-09-20,breakfast,5,tasty
1869,2025-09-20,breakfast,3,
1870,2025-09-20,breakfast,3,
1871,2025-09-20,lunch,2,
1872,2025-09-20,lunch,3,
1873,2025-09-20,lunch,2,repetitive menu
1874,2025-09-20,lunch,2,
1875,2025-09-20,lunch,3,
1876,2025-09-20,lunch,4,
1877,2025-09-20,dinner,4,
1878,2025-09-20,dinner,2,
1879,2025-09-20,dinner,4,
1880,2025-09-20,dinner,3,
1881,2025-09-20,dinner,3,
1882,2025-09-20,dinner,2,bland
1883,2025-09-20,dinner,5,fresh
1884,2025-09-20,dinner,2,
1885,2025-09-20,dinner,4,tasty
1886,2025-09-20,dinner,3,
1887,2025-09-21,breakfast,5,
1888,2025-09-21,breakfast,4,
1889,2025-09-21,lunch,3,
1890,2025-09-21,lunch,3,
1891,2025-09-21,lunch,3,
1892,2025-09-21,lunch,3,
1893,2025-09-21,lunch,4,good quantity
1894,2025-09-21,lunch,3,
1895,2025-09-21,lunch,2,repetitive menu
1896,2025-09-21,lunch,4,good quantity
1897,2025-09-21,lunch,4,fresh
1898,2025-09-21,lunch,3,
1899,2025-09-21,lunch,3,
1900,2025-09-21,lunch,4,
1901,2025-09-21,lunch,2,bland
1902,2025-09-21,dinner,3,
1903,2025-09-21,dinner,3,
1904,2025-09-21,dinner,3,
1905,2025-09-21,dinner,4,tasty
1906,2025-09-21,dinner,5,tasty
1907,2025-09-21,dinner,4,
1908,2025-09-21,dinner,3,
1909,2025-09-22,breakfast,4,tasty
1910,2025-09-22,breakfast,4,
1911,2025-09-22,breakfast,4,tasty
1912,2025-09-22,breakfast,3,
1913,2025-09-22,breakfast,3,
1914,2025-09-22,breakfast,3,
1915,2025-09-22,breakfast,5,
1916,2025-09-22,breakfast,3,
1917,2025-09-22,breakfast,3,
1918,2025-09-22,breakfast,3,
1919,2025-09-22,breakfast,4,tasty
1920,2025-09-22,breakfast,5,tasty
1921,2025-09-22,breakfast,3,
1922,2025-09-22,lunch,4,good quantity
1923,2025-09-22,lunch,4,
1924,2025-09-22,lunch,5,
1925,2025-09-22,lunch,5,good quantity
1926,2025-09-22,lunch,5,
1927,2025-09-22,lunch,5,
1928,2025-09-22,lunch,5,tasty
1929,2025-09-22,lunch,4,fresh
1930,2025-09-22,lunch,4,
1931,2025-09-22,dinner,3,
1932,2025-09-22,dinner,4,
1933,2025-09-22,dinner,5,tasty
1934,2025-09-22,dinner,3,
1935,2025-09-22,dinner,5,
1936,2025-09-22,dinner,4,
1937,2025-09-23,breakfast,4,fresh
1938,2025-09-23,breakfast,4,tasty
1939,2025-09-23,breakfast,5,
1940,2025-09-23,breakfast,5,
1941,2025-09-23,breakfast,4,good quantity
1942,2025-09-23,breakfast,3,
1943,2025-09-23,lunch,3,
1944,2025-09-23,lunch,4,good quantity
1945,2025-09-23,lunch,3,
1946,2025-09-23,lunch,4,
1947,2025-09-23,lunch,4,tasty
1948,2025-09-23,lunch,3,
1949,2025-09-23,lunch,5,
1950,2025-09-23,lunch,4,tasty
1951,2025-09-23,lunch,2,
1952,2025-09-23,lunch,4,good quantity
1953,2025-09-23,lunch,4,tasty
1954,2025-09-23,lunch,3,
1955,2025-09-23,lunch,5,good quantity
1956,2025-09-23,dinner,3,
1957,2025-09-23,dinner,4,tasty
1958,2025-09-23,dinner,4,
1959,2025-09-23,dinner,4,
1960,2025-09-23,dinner,3,
1961,2025-09-23,dinner,4,tasty
1962,2025-09-23,dinner,3,
1963,2025-09-23,dinner,5,tasty
1964,2025-09-23,dinner,3,
1965,2025-09-23,dinner,2,
1966,2025-09-23,dinner,4,
1967,2025-09-23,dinner,5,fresh
1968,2025-09-23,dinner,4,
1969,2025-09-23,dinner,4,fresh
1970,2025-09-23,dinner,4,tasty
1971,2025-09-23,dinner,4,
1972,2025-09-23,dinner,4,fresh
1973,2025-09-23,dinner,3,
1974,2025-09-23,dinner,4,
1975,2025-09-23,dinner,2,too oily
1976,2025-09-23,dinner,3,
1977,2025-09-23,dinner,3,
1978,2025-09-24,breakfast,4,tasty
1979,2025-09-24,breakfast,2,bland
1980,2025-09-24,breakfast,2,
1981,2025-09-24,breakfast,3,
1982,2025-09-24,breakfast,2,
1983,2025-09-24,breakfast,3,
1984,2025-09-24,breakfast,2,
1985,2025-09-24,breakfast,3,
1986,2025-09-24,breakfast,3,
1987,2025-09-24,breakfast,3,
1988,2025-09-24,lunch,3,
1989,2025-09-24,lunch,2,bland
1990,2025-09-24,lunch,3,
1991,2025-09-24,lunch,3,
1992,2025-09-24,lunch,3,
1993,2025-09-24,lunch,2,cold food
1994,2025-09-24,lunch,3,
1995,2025-09-24,lunch,2,bland
1996,2025-09-24,lunch,4,
1997,2025-09-24,lunch,2,
1998,2025-09-24,lunch,3,
1999,2025-09-24,lunch,3,
2000,2025-09-24,dinner,5,
2001,2025-09-24,dinner,4,
2002,2025-09-24,dinner,5,
2003,2025-09-24,dinner,4,fresh
2004,2025-09-24,dinner,4,tasty
2005,2025-09-24,dinner,4,fresh
2006,2025-09-24,dinner,4,
2007,2025-09-24,dinner,4,
2008,2025-09-24,dinner,3,
2009,2025-09-24,dinner,5,
2010,2025-09-24,dinner,5,fresh
2011,2025-09-24,dinner,4,tasty
2012,2025-09-24,dinner,3,
2013,2025-09-24,dinner,5,
2014,2025-09-24,dinner,4,fresh
2015,2025-09-25,breakfast,5,
2016,2025-09-25,breakfast,4,
2017,2025-09-25,breakfast,3,
2018,2025-09-25,breakfast,5,good quantity
2019,2025-09-25,breakfast,4,fresh
2020,2025-09-25,breakfast,4,fresh
2021,2025-09-25,breakfast,5,
2022,2025-09-25,breakfast,4,good quantity
2023,2025-09-25,breakfast,5,
2024,2025-09-25,breakfast,3,
2025,2025-09-25,breakfast,4,
2026,2025-09-25,breakfast,4,tasty
2027,2025-09-25,breakfast,5,good quantity
2028,2025-09-25,breakfast,5,good quantity
2029,2025-09-25,breakfast,4,good quantity
2030,2025-09-25,breakfast,4,fresh
2031,2025-09-25,lunch,4,tasty
2032,2025-09-25,lunch,3,
2033,2025-09-25,lunch,5,tasty
2034,2025-09-25,lunch,5,
2035,2025-09-25,lunch,4,fresh
2036,2025-09-25,lunch,5,fresh
2037,2025-09-25,lunch,5,
2038,2025-09-25,lunch,4,good quantity
2039,2025-09-25,lunch,4,
2040,2025-09-25,lunch,5,
2041,2025-09-25,lunch,3,
2042,2025-09-25,lunch,3,
2043,2025-09-25,lunch,3,
2044,2025-09-25,lunch,4,
2045,2025-09-25,lunch,3,
2046,2025-09-25,lunch,5,tasty
2047,2025-09-25,dinner,4,
2048,2025-09-25,dinner,3,
2049,2025-09-25,dinner,5,good quantity
2050,2025-09-25,dinner,4,
2051,2025-09-25,dinner,4,fresh
2052,2025-09-25,dinner,4,
2053,2025-09-25,dinner,3,
2054,2025-09-25,dinner,4,tasty
2055,2025-09-25,dinner,5,tasty
2056,2025-09-25,dinner,4,fresh
2057,2025-09-25,dinner,5,
2058,2025-09-25,dinner,5,
2059,2025-09-26,breakfast,5,
2060,2025-09-26,breakfast,5,good quantity
2061,2025-09-26,breakfast,5,tasty
2062,2025-09-26,breakfast,4,
2063,2025-09-26,breakfast,5,
2064,2025-09-26,breakfast,5,
2065,2025-09-26,lunch,5,
2066,2025-09-26,lunch,3,
2067,2025-09-26,lunch,4,good quantity
2068,2025-09-26,lunch,4,
2069,2025-09-26,lunch,4,tasty
2070,2025-09-26,lunch,4,good quantity
2071,2025-09-26,lunch,4,tasty
2072,2025-09-26,lunch,5,fresh
2073,2025-09-26,lunch,2,
2074,2025-09-26,lunch,4,
2075,2025-09-26,lunch,3,
2076,2025-09-26,lunch,5,fresh
2077,2025-09-26,lunch,3,
2078,2025-09-26,dinner,3,
2079,2025-09-26,dinner,2,undercooked
2080,2025-09-26,dinner,2,
2081,2025-09-26,dinner,3,
2082,2025-09-26,dinner,2,bland
2083,2025-09-26,dinner,2,undercooked
2084,2025-09-26,dinner,3,
2085,2025-09-26,dinner,3,
2086,2025-09-26,dinner,2,
2087,2025-09-26,dinner,4,
2088,2025-09-26,dinner,3,
2089,2025-09-26,dinner,2,undercooked
2090,2025-09-26,dinner,4,
2091,2025-09-26,dinner,3,
2092,2025-09-27,breakfast,5,fresh
2093,2025-09-27,breakfast,5,
2094,2025-09-27,breakfast,4,
2095,2025-09-27,breakfast,5,
2096,2025-09-27,breakfast,5,good quantity
2097,2025-09-27,breakfast,2,
2098,2025-09-27,breakfast,3,
2099,2025-09-27,breakfast,5,
2100,2025-09-27,lunch,5,tasty
2101,2025-09-27,lunch,3,
2102,2025-09-27,lunch,3,
2103,2025-09-27,lunch,4,tasty
2104,2025-09-27,lunch,3,
2105,2025-09-27,lunch,4,fresh
2106,2025-09-27,lunch,2,bland
2107,2025-09-27,lunch,4,tasty
2108,2025-09-27,lunch,2,repetitive menu
2109,2025-09-27,lunch,3,
2110,2025-09-27,lunch,5,good quantity
2111,2025-09-27,lunch,4,
2112,2025-09-27,lunch,4,good quantity
2113,2025-09-27,lunch,5,
2114,2025-09-27,lunch,2,repetitive menu
2115,2025-09-27,dinner,4,good quantity
2116,2025-09-27,dinner,4,
2117,2025-09-27,dinner,3,
2118,2025-09-27,dinner,4,tasty
2119,2025-09-27,dinner,3,
2120,2025-09-27,dinner,3,
2121,2025-09-27,dinner,4,
2122,2025-09-27,dinner,4,
2123,2025-09-27,dinner,5,fresh
2124,2025-09-27,dinner,4,good quantity
2125,2025-09-27,dinner,4,tasty
2126,2025-09-28,breakfast,3,
2127,2025-09-28,lunch,3,
2128,2025-09-28,lunch,4,fresh
2129,2025-09-28,lunch,4,
2130,2025-09-28,lunch,4,
2131,2025-09-28,lunch,3,
2132,2025-09-28,lunch,3,
2133,2025-09-28,lunch,4,tasty
2134,2025-09-28,dinner,4,fresh
2135,2025-09-28,dinner,5,fresh
2136,2025-09-28,dinner,5,fresh
2137,2025-09-28,dinner,5,
2138,2025-09-28,dinner,4,tasty
2139,2025-09-28,dinner,5,tasty
2140,2025-09-28,dinner,5,
2141,2025-09-28,dinner,3,
2142,2025-09-28,dinner,4,
2143,2025-09-28,dinner,5,tasty
2144,2025-09-28,dinner,4,good quantity
2145,2025-09-29,breakfast,4,fresh
2146,2025-09-29,breakfast,5,fresh
2147,2025-09-29,breakfast,3,
2148,2025-09-29,breakfast,4,good quantity
2149,2025-09-29,breakfast,4,
2150,2025-09-29,breakfast,4,
2151,2025-09-29,breakfast,4,
2152,2025-09-29,breakfast,5,tasty
2153,2025-09-29,breakfast,3,
2154,2025-09-29,breakfast,5,fresh
2155,2025-09-29,breakfast,5,
2156,2025-09-29,breakfast,5,fresh
2157,2025-09-29,breakfast,5,
2158,2025-09-29,breakfast,3,
2159,2025-09-29,breakfast,5,good quantity
2160,2025-09-29,breakfast,4,tasty
2161,2025-09-29,lunch,3,
2162,2025-09-29,lunch,3,
2163,2025-09-29,lunch,5,
2164,2025-09-29,lunch,5,
2165,2025-09-29,dinner,5,tasty
2166,2025-09-29,dinner,4,
2167,2025-09-29,dinner,4,
2168,2025-09-29,dinner,3,
2169,2025-09-29,dinner,5,tasty
2170,2025-09-29,dinner,3,
2171,2025-09-29,dinner,3,
2172,2025-09-29,dinner,3,
2173,2025-09-29,dinner,2,bland
2174,2025-09-29,dinner,4,
2175,2025-09-29,dinner,2,cold food
2176,2025-09-29,dinner,4,fresh
2177,2025-09-29,dinner,3,
2178,2025-09-29,dinner,3,
2179,2025-09-29,dinner,4,
2180,2025-09-29,dinner,3,
2181,2025-09-29,dinner,4,tasty
2182,2025-09-29,dinner,3,
2183,2025-09-30,breakfast,3,
2184,2025-09-30,breakfast,3,
2185,2025-09-30,breakfast,2,cold food
2186,2025-09-30,breakfast,3,
2187,2025-09-30,breakfast,2,
2188,2025-09-30,breakfast,3,
2189,2025-09-30,lunch,3,
2190,2025-09-30,lunch,5,good quantity
2191,2025-09-30,lunch,3,
2192,2025-09-30,lunch,4,
2193,2025-09-30,lunch,4,good quantity
2194,2025-09-30,lunch,4,tasty
2195,2025-09-30,lunch,3,
2196,2025-09-30,lunch,2,
2197,2025-09-30,lunch,4,
2198,2025-09-30,lunch,4,fresh
2199,2025-09-30,lunch,5,
2200,2025-09-30,lunch,3,
2201,2025-09-30,dinner,3,
2202,2025-09-30,dinner,2,
2203,2025-09-30,dinner,3,
2204,2025-09-30,dinner,1,
2205,2025-09-30,dinner,2,repetitive menu
2206,2025-09-30,dinner,3,
2207,2025-09-30,dinner,5,
2208,2025-09-30,dinner,3,
2209,2025-09-30,dinner,2,bland
2210,2025-09-30,dinner,3,
2211,2025-09-30,dinner,2,repetitive menu
2212,2025-09-30,dinner,2,
2213,2025-10-01,breakfast,5,tasty
2214,2025-10-01,breakfast,4,
2215,2025-10-01,breakfast,4,good quantity
2216,2025-10-01,breakfast,4,fresh
2217,2025-10-01,lunch,5,
2218,2025-10-01,lunch,4,
2219,2025-10-01,lunch,4,fresh
2220,2025-10-01,lunch,4,tasty
2221,2025-10-01,lunch,4,
2222,2025-10-01,lunch,5,
2223,2025-10-01,lunch,4,fresh
2224,2025-10-01,lunch,3,
2225,2025-10-01,lunch,5,good quantity
2226,2025-10-01,lunch,4,
2227,2025-10-01,lunch,4,fresh
2228,2025-10-01,lunch,4,fresh
2229,2025-10-01,dinner,5,tasty
2230,2025-10-01,dinner,4,
2231,2025-10-01,dinner,4,good quantity
2232,2025-10-01,dinner,5,tasty
2233,2025-10-01,dinner,3,
2234,2025-10-01,dinner,3,
2235,2025-10-01,dinner,3,
2236,2025-10-01,dinner,4,
2237,2025-10-01,dinner,4,fresh
2238,2025-10-01,dinner,4,tasty
2239,2025-10-01,dinner,4,tasty
2240,2025-10-01,dinner,4,
2241,2025-10-01,dinner,4,tasty
2242,2025-10-02,breakfast,2,cold food
2243,2025-10-02,breakfast,2,too oily
2244,2025-10-02,breakfast,4,fresh
2245,2025-10-02,breakfast,4,
2246,2025-10-02,breakfast,3,
2247,2025-10-02,breakfast,3,
2248,2025-10-02,breakfast,3,
2249,2025-10-02,lunch,3,
2250,2025-10-02,lunch,3,
2251,2025-10-02,lunch,4,fresh
2252,2025-10-02,lunch,5,
2253,2025-10-02,lunch,4,fresh
2254,2025-10-02,lunch,4,
2255,2025-10-02,lunch,5,tasty
2256,2025-10-02,lunch,4,fresh
2257,2025-10-02,lunch,4,tasty
2258,2025-10-02,lunch,4,fresh
2259,2025-10-02,dinner,4,good quantity
2260,2025-10-02,dinner,4,
2261,2025-10-02,dinner,4,good quantity
2262,2025-10-02,dinner,4,tasty
2263,2025-10-02,dinner,5,good quantity
2264,2025-10-02,dinner,5,
2265,2025-10-02,dinner,3,
2266,2025-10-02,dinner,4,fresh
2267,2025-10-02,dinner,5,
2268,2025-10-02,dinner,5,
2269,2025-10-02,dinner,3,
2270,2025-10-02,dinner,5,
2271,2025-10-02,dinner,4,
2272,2025-10-02,dinner,3,
2273,2025-10-02,dinner,4,
2274,2025-10-02,dinner,5,tasty
2275,2025-10-02,dinner,4,fresh
2276,2025-10-03,breakfast,4,
2277,2025-10-03,breakfast,5,
2278,2025-10-03,breakfast,4,
2279,2025-10-03,breakfast,4,tasty
2280,2025-10-03,lunch,3,
2281,2025-10-03,lunch,3,
2282,2025-10-03,lunch,3,
2283,2025-10-03,lunch,3,
2284,2025-10-03,lunch,3,
2285,2025-10-03,lunch,4,
2286,2025-10-03,lunch,3,
2287,2025-10-03,lunch,2,undercooked
2288,2025-10-03,lunch,4,good quantity
2289,2025-10-03,lunch,4,
2290,2025-10-03,lunch,5,good quantity
2291,2025-10-03,lunch,3,
2292,2025-10-03,lunch,3,
2293,2025-10-03,lunch,4,
2294,2025-10-03,lunch,3,
2295,2025-10-03,dinner,2,too oily
2296,2025-10-03,dinner,5,fresh
2297,2025-10-03,dinner,3,
2298,2025-10-03,dinner,4,tasty
2299,2025-10-03,dinner,4,good quantity
2300,2025-10-03,dinner,4,fresh
2301,2025-10-03,dinner,4,
2302,2025-10-03,dinner,4,
2303,2025-10-03,dinner,3,
2304,2025-10-03,dinner,4,fresh
2305,2025-10-03,dinner,2,bland
2306,2025-10-03,dinner,2,bland
2307,2025-10-03,dinner,3,
2308,2025-10-04,breakfast,5,good quantity
2309,2025-10-04,breakfast,4,fresh
2310,2025-10-04,breakfast,5,
2311,2025-10-04,lunch,2,cold food
2312,2025-10-04,lunch,3,
2313,2025-10-04,lunch,2,bland
2314,2025-10-04,lunch,4,fresh
2315,2025-10-04,lunch,3,
2316,2025-10-04,lunch,1,
2317,2025-10-04,lunch,4,tasty
2318,2025-10-04,lunch,3,
2319,2025-10-04,lunch,3,
2320,2025-10-04,dinner,3,
2321,2025-10-04,dinner,2,
2322,2025-10-04,dinner,4,
2323,2025-10-04,dinner,4,
2324,2025-10-04,dinner,3,
2325,2025-10-04,dinner,4,
2326,2025-10-04,dinner,2,too oily
2327,2025-10-04,dinner,5,tasty
2328,2025-10-04,dinner,1,cold food
2329,2025-10-04,dinner,3,
2330,2025-10-04,dinner,3,
2331,2025-10-04,dinner,2,repetitive menu
2332,2025-10-04,dinner,3,
2333,2025-10-04,dinner,4,good quantity
2334,2025-10-05,breakfast,5,
2335,2025-10-05,breakfast,5,good quantity
2336,2025-10-05,breakfast,4,
2337,2025-10-05,breakfast,4,good quantity
2338,2025-10-05,lunch,4,
2339,2025-10-05,lunch,4,tasty
2340,2025-10-05,lunch,5,
2341,2025-10-05,lunch,4,tasty
2342,2025-10-05,lunch,5,good quantity
2343,2025-10-05,lunch,5,good quantity
2344,2025-10-05,lunch,4,tasty
2345,2025-10-05,lunch,3,
2346,2025-10-05,dinner,5,good quantity
2347,2025-10-05,dinner,4,
2348,2025-10-05,dinner,4,fresh
2349,2025-10-05,dinner,5,fresh
2350,2025-10-05,dinner,5,fresh
2351,2025-10-05,dinner,5,fresh
2352,2025-10-06,breakfast,4,
2353,2025-10-06,breakfast,3,
2354,2025-10-06,breakfast,4,good quantity
2355,2025-10-06,breakfast,2,
2356,2025-10-06,breakfast,3,
2357,2025-10-06,breakfast,3,
2358,2025-10-06,lunch,4,good quantity
2359,2025-10-06,lunch,3,
2360,2025-10-06,lunch,4,
2361,2025-10-06,lunch,5,
2362,2025-10-06,lunch,3,
2363,2025-10-06,lunch,4,
2364,2025-10-06,lunch,3,
2365,2025-10-06,lunch,3,
2366,2025-10-06,lunch,4,
2367,2025-10-06,lunch,4,
2368,2025-10-06,lunch,4,
2369,2025-10-06,dinner,3,
2370,2025-10-06,dinner,3,
2371,2025-10-06,dinner,5,fresh
2372,2025-10-06,dinner,2,
2373,2025-10-06,dinner,3,
2374,2025-10-06,dinner,4,good quantity
2375,2025-10-06,dinner,4,good quantity
2376,2025-10-07,breakfast,4,good quantity
2377,2025-10-07,breakfast,4,good quantity
2378,2025-10-07,breakfast,4,
2379,2025-10-07,breakfast,3,
2380,2025-10-07,breakfast,3,
2381,2025-10-07,breakfast,4,good quantity
2382,2025-10-07,breakfast,4,good quantity
2383,2025-10-07,breakfast,3,
2384,2025-10-07,breakfast,4,
2385,2025-10-07,breakfast,4,tasty
2386,2025-10-07,lunch,2,
2387,2025-10-07,lunch,2,repetitive menu
2388,2025-10-07,lunch,4,
2389,2025-10-07,lunch,2,too oily
2390,2025-10-07,lunch,3,
2391,2025-10-07,lunch,3,
2392,2025-10-07,lunch,4,
2393,2025-10-07,lunch,2,cold food
2394,2025-10-07,lunch,2,bland
2395,2025-10-07,lunch,2,
2396,2025-10-07,lunch,2,
2397,2025-10-07,lunch,3,
2398,2025-10-07,lunch,3,
2399,2025-10-07,dinner,4,
2400,2025-10-07,dinner,4,good quantity
2401,2025-10-07,dinner,4,
2402,2025-10-07,dinner,4,good quantity
2403,2025-10-07,dinner,5,
2404,2025-10-07,dinner,3,
2405,2025-10-07,dinner,4,
2406,2025-10-07,dinner,4,fresh
2407,2025-10-07,dinner,5,good quantity
2408,2025-10-08,breakfast,4,tasty
2409,2025-10-08,breakfast,2,
2410,2025-10-08,breakfast,4,good quantity
2411,2025-10-08,breakfast,3,
2412,2025-10-08,breakfast,3,
2413,2025-10-08,breakfast,3,
2414,2025-10-08,breakfast,2,undercooked
2415,2025-10-08,breakfast,3,
2416,2025-10-08,breakfast,4,fresh
2417,2025-10-08,breakfast,3,
2418,2025-10-08,lunch,4,
2419,2025-10-08,lunch,5,
2420,2025-10-08,lunch,4,fresh
2421,2025-10-08,lunch,4,fresh
2422,2025-10-08,lunch,5,
2423,2025-10-08,lunch,5,good quantity
2424,2025-10-08,lunch,4,fresh
2425,2025-10-08,lunch,4,fresh
2426,2025-10-08,lunch,4,
2427,2025-10-08,lunch,5,fresh
2428,2025-10-08,lunch,5,good quantity
2429,2025-10-08,lunch,2,
2430,2025-10-08,lunch,4,good quantity
2431,2025-10-08,lunch,3,
2432,2025-10-08,lunch,4,
2433,2025-10-08,dinner,4,
2434,2025-10-08,dinner,5,
2435,2025-10-08,dinner,4,
2436,2025-10-08,dinner,5,tasty
2437,2025-10-08,dinner,3,
2438,2025-10-08,dinner,3,
2439,2025-10-08,dinner,3,
2440,2025-10-08,dinner,5,tasty
2441,2025-10-08,dinner,3,
2442,2025-10-08,dinner,5,good quantity
2443,2025-10-08,dinner,4,
2444,2025-10-08,dinner,4,good quantity
2445,2025-10-09,breakfast,3,
2446,2025-10-09,breakfast,3,
2447,2025-10-09,breakfast,3,
2448,2025-10-09,breakfast,4,
2449,2025-10-09,breakfast,4,
2450,2025-10-09,breakfast,4,fresh
2451,2025-10-09,breakfast,4,good quantity
2452,2025-10-09,breakfast,3,
2453,2025-10-09,lunch,3,
2454,2025-10-09,lunch,3,
2455,2025-10-09,lunch,4,
2456,2025-10-09,lunch,4,
2457,2025-10-09,lunch,4,good quantity
2458,2025-10-09,lunch,4,fresh
2459,2025-10-09,lunch,3,
2460,2025-10-09,lunch,5,
2461,2025-10-09,lunch,3,
2462,2025-10-09,lunch,5,
2463,2025-10-09,lunch,5,tasty
2464,2025-10-09,lunch,4,fresh
2465,2025-10-09,lunch,4,
2466,2025-10-09,lunch,3,
2467,2025-10-09,dinner,2,
2468,2025-10-09,dinner,2,repetitive menu
2469,2025-10-09,dinner,2,repetitive menu
2470,2025-10-09,dinner,2,too oily
2471,2025-10-09,dinner,2,
2472,2025-10-09,dinner,2,
2473,2025-10-09,dinner,2,
2474,2025-10-09,dinner,4,
2475,2025-10-09,dinner,3,
2476,2025-10-09,dinner,4,fresh
2477,2025-10-09,dinner,4,
2478,2025-10-09,dinner,4,good quantity
2479,2025-10-09,dinner,3,
2480,2025-10-09,dinner,3,
2481,2025-10-09,dinner,3,
2482,2025-10-09,dinner,2,
2483,2025-10-09,dinner,3,
2484,2025-10-09,dinner,3,
2485,2025-10-10,breakfast,3,
2486,2025-10-10,breakfast,3,
2487,2025-10-10,breakfast,3,
2488,2025-10-10,breakfast,3,
2489,2025-10-10,breakfast,2,
2490,2025-10-10,breakfast,3,
2491,2025-10-10,breakfast,3,
2492,2025-10-10,breakfast,1,
2493,2025-10-10,breakfast,3,
2494,2025-10-10,breakfast,3,
2495,2025-10-10,breakfast,3,
2496,2025-10-10,lunch,3,
2497,2025-10-10,lunch,4,good quantity
2498,2025-10-10,lunch,4,
2499,2025-10-10,lunch,5,
2500,2025-10-10,lunch,4,
2501,2025-10-10,lunch,3,
2502,2025-10-10,lunch,3,
2503,2025-10-10,lunch,4,fresh
2504,2025-10-10,lunch,5,good quantity
2505,2025-10-10,dinner,3,
2506,2025-10-10,dinner,3,
2507,2025-10-10,dinner,4,fresh
2508,2025-10-10,dinner,4,
2509,2025-10-10,dinner,3,
2510,2025-10-10,dinner,3,
2511,2025-10-10,dinner,4,tasty
2512,2025-10-10,dinner,2,
2513,2025-10-10,dinner,2,
2514,2025-10-10,dinner,3,
2515,2025-10-10,dinner,4,fresh
2516,2025-10-10,dinner,2,cold food
2517,2025-10-10,dinner,4,
2518,2025-10-10,dinner,4,tasty
2519,2025-10-10,dinner,4,
2520,2025-10-10,dinner,4,tasty
2521,2025-10-10,dinner,3,
2522,2025-10-11,breakfast,4,tasty
2523,2025-10-11,breakfast,4,
2524,2025-10-11,breakfast,3,
2525,2025-10-11,breakfast,5,
2526,2025-10-11,breakfast,5,tasty
2527,2025-10-11,breakfast,4,
2528,2025-10-11,breakfast,5,
2529,2025-10-11,lunch,4,tasty
2530,2025-10-11,lunch,5,fresh
2531,2025-10-11,lunch,3,
2532,2025-10-11,lunch,3,
2533,2025-10-11,lunch,2,
2534,2025-10-11,lunch,3,
2535,2025-10-11,lunch,4,good quantity
2536,2025-10-11,lunch,4,good quantity
2537,2025-10-11,lunch,3,
2538,2025-10-11,lunch,4,
2539,2025-10-11,lunch,3,
2540,2025-10-11,lunch,3,
2541,2025-10-11,lunch,2,bland
2542,2025-10-11,lunch,3,
2543,2025-10-11,lunch,3,
2544,2025-10-11,lunch,3,
2545,2025-10-11,lunch,3,
2546,2025-10-11,dinner,5,
2547,2025-10-11,dinner,5,tasty
2548,2025-10-11,dinner,4,tasty
2549,2025-10-11,dinner,5,tasty
2550,2025-10-11,dinner,5,good quantity
2551,2025-10-11,dinner,5,
2552,2025-10-11,dinner,4,
2553,2025-10-11,dinner,4,tasty
2554,2025-10-11,dinner,5,fresh
2555,2025-10-12,breakfast,3,
2556,2025-10-12,breakfast,4,
2557,2025-10-12,breakfast,5,
2558,2025-10-12,lunch,3,
2559,2025-10-12,lunch,4,
2560,2025-10-12,lunch,4,good quantity
2561,2025-10-12,lunch,4,good quantity
2562,2025-10-12,lunch,4,tasty
2563,2025-10-12,lunch,4,good quantity
2564,2025-10-12,lunch,4,fresh
2565,2025-10-12,lunch,4,
2566,2025-10-12,lunch,4,fresh
2567,2025-10-12,lunch,4,
2568,2025-10-12,lunch,4,fresh
2569,2025-10-12,lunch,4,
2570,2025-10-12,lunch,4,fresh
2571,2025-10-12,dinner,5,
2572,2025-10-12,dinner,4,
2573,2025-10-12,dinner,4,
2574,2025-10-12,dinner,4,fresh
2575,2025-10-13,breakfast,4,fresh
2576,2025-10-13,breakfast,4,
2577,2025-10-13,breakfast,3,
2578,2025-10-13,breakfast,5,good quantity
2579,2025-10-13,breakfast,4,tasty
2580,2025-10-13,breakfast,5,tasty
2581,2025-10-13,breakfast,5,tasty
2582,2025-10-13,breakfast,4,
2583,2025-10-13,breakfast,4,
2584,2025-10-13,breakfast,5,
2585,2025-10-13,breakfast,5,fresh
2586,2025-10-13,lunch,5,fresh
2587,2025-10-13,lunch,4,fresh
2588,2025-10-13,lunch,4,tasty
2589,2025-10-13,lunch,4,tasty
2590,2025-10-13,lunch,3,
2591,2025-10-13,lunch,2,too oily
2592,2025-10-13,lunch,4,good quantity
2593,2025-10-13,lunch,3,
2594,2025-10-13,lunch,4,
2595,2025-10-13,lunch,4,fresh
2596,2025-10-13,lunch,2,
2597,2025-10-13,lunch,5,
2598,2025-10-13,lunch,3,
2599,2025-10-13,lunch,3,
2600,2025-10-13,lunch,3,
2601,2025-10-13,dinner,3,
2602,2025-10-13,dinner,3,
2603,2025-10-13,dinner,2,
2604,2025-10-13,dinner,1,repetitive menu
2605,2025-10-13,dinner,2,cold food
2606,2025-10-13,dinner,3,
2607,2025-10-13,dinner,3,
2608,2025-10-13,dinner,3,
2609,2025-10-13,dinner,3,
2610,2025-10-13,dinner,3,
2611,2025-10-13,dinner,3,
2612,2025-10-13,dinner,3,
2613,2025-10-13,dinner,3,
2614,2025-10-14,breakfast,4,fresh
2615,2025-10-14,breakfast,3,
2616,2025-10-14,breakfast,4,
2617,2025-10-14,breakfast,3,
2618,2025-10-14,breakfast,2,
2619,2025-10-14,breakfast,5,fresh
2620,2025-10-14,breakfast,4,tasty
2621,2025-10-14,breakfast,5,
2622,2025-10-14,breakfast,4,good quantity
2623,2025-10-14,breakfast,3,
2624,2025-10-14,breakfast,5,
2625,2025-10-14,breakfast,3,
2626,2025-10-14,lunch,5,
2627,2025-10-14,lunch,4,
2628,2025-10-14,lunch,4,fresh
2629,2025-10-14,lunch,5,fresh
2630,2025-10-14,lunch,4,tasty
2631,2025-10-14,lunch,4,tasty
2632,2025-10-14,dinner,4,tasty
2633,2025-10-14,dinner,4,
2634,2025-10-14,dinner,5,good quantity
2635,2025-10-14,dinner,4,good quantity
2636,2025-10-14,dinner,3,
2637,2025-10-14,dinner,4,good quantity
2638,2025-10-14,dinner,4,
2639,2025-10-14,dinner,4,tasty
2640,2025-10-14,dinner,3,
2641,2025-10-14,dinner,1,bland
2642,2025-10-14,dinner,5,fresh
2643,2025-10-14,dinner,2,
2644,2025-10-14,dinner,5,
2645,2025-10-15,breakfast,4,
2646,2025-10-15,breakfast,4,good quantity
2647,2025-10-15,breakfast,2,too oily
2648,2025-10-15,breakfast,4,good quantity
2649,2025-10-15,breakfast,4,good quantity
2650,2025-10-15,breakfast,3,
2651,2025-10-15,breakfast,3,
2652,2025-10-15,breakfast,5,tasty
2653,2025-10-15,lunch,4,
2654,2025-10-15,lunch,3,
2655,2025-10-15,lunch,4,tasty
2656,2025-10-15,lunch,5,good quantity
2657,2025-10-15,lunch,4,
2658,2025-10-15,lunch,2,
2659,2025-10-15,lunch,5,good quantity
2660,2025-10-15,lunch,3,
2661,2025-10-15,lunch,4,good quantity
2662,2025-10-15,lunch,5,
2663,2025-10-15,lunch,3,
2664,2025-10-15,dinner,4,tasty
2665,2025-10-15,dinner,5,tasty
2666,2025-10-15,dinner,5,fresh
2667,2025-10-15,dinner,4,
2668,2025-10-15,dinner,5,tasty
2669,2025-10-15,dinner,4,
2670,2025-10-15,dinner,5,
2671,2025-10-15,dinner,5,
2672,2025-10-15,dinner,3,
2673,2025-10-15,dinner,4,fresh
2674,2025-10-15,dinner,4,tasty
2675,2025-10-15,dinner,4,
2676,2025-10-15,dinner,4,fresh
2677,2025-10-16,breakfast,4,
2678,2025-10-16,breakfast,2,
2679,2025-10-16,breakfast,4,tasty
2680,2025-10-16,breakfast,3,
2681,2025-10-16,breakfast,2,bland
2682,2025-10-16,breakfast,5,fresh
2683,2025-10-16,breakfast,4,
2684,2025-10-16,lunch,4,
2685,2025-10-16,lunch,3,
2686,2025-10-16,lunch,2,
2687,2025-10-16,lunch,3,
2688,2025-10-16,lunch,3,
2689,2025-10-16,lunch,3,
2690,2025-10-16,dinner,3,
2691,2025-10-16,dinner,3,
2692,2025-10-16,dinner,3,
2693,2025-10-16,dinner,4,
2694,2025-10-16,dinner,4,
2695,2025-10-16,dinner,3,
2696,2025-10-16,dinner,2,undercooked
2697,2025-10-16,dinner,4,
2698,2025-10-16,dinner,3,
2699,2025-10-16,dinner,5,
2700,2025-10-16,dinner,2,
2701,2025-10-16,dinner,2,
2702,2025-10-16,dinner,4,
2703,2025-10-16,dinner,4,
2704,2025-10-16,dinner,4,
2705,2025-10-16,dinner,3,
2706,2025-10-16,dinner,3,
2707,2025-10-16,dinner,3,
2708,2025-10-17,breakfast,4,
2709,2025-10-17,breakfast,2,
2710,2025-10-17,breakfast,4,fresh
2711,2025-10-17,breakfast,4,tasty
2712,2025-10-17,breakfast,4,tasty
2713,2025-10-17,breakfast,4,tasty
2714,2025-10-17,breakfast,5,good quantity
2715,2025-10-17,breakfast,3,
2716,2025-10-17,breakfast,4,tasty
2717,2025-10-17,breakfast,5,
2718,2025-10-17,breakfast,3,
2719,2025-10-17,breakfast,5,fresh
2720,2025-10-17,breakfast,3,
2721,2025-10-17,breakfast,4,tasty
2722,2025-10-17,breakfast,3,
2723,2025-10-17,lunch,4,good quantity
2724,2025-10-17,lunch,4,
2725,2025-10-17,lunch,4,
2726,2025-10-17,lunch,3,
2727,2025-10-17,lunch,3,
2728,2025-10-17,lunch,3,
2729,2025-10-17,lunch,4,tasty
2730,2025-10-17,lunch,3,
2731,2025-10-17,lunch,5,
2732,2025-10-17,lunch,4,
2733,2025-10-17,dinner,4,tasty
2734,2025-10-17,dinner,3,
2735,2025-10-17,dinner,3,
2736,2025-10-17,dinner,2,
2737,2025-10-17,dinner,3,
2738,2025-10-17,dinner,3,
2739,2025-10-17,dinner,2,undercooked
2740,2025-10-17,dinner,3,
2741,2025-10-18,breakfast,2,
2742,2025-10-18,breakfast,4,good quantity
2743,2025-10-18,lunch,5,tasty
2744,2025-10-18,lunch,5,tasty
2745,2025-10-18,dinner,5,
2746,2025-10-18,dinner,4,fresh
2747,2025-10-18,dinner,3,
2748,2025-10-19,lunch,4,
2749,2025-10-19,dinner,4,tasty
2750,2025-10-19,dinner,3,
2751,2025-10-20,lunch,2,
2752,2025-10-20,lunch,4,
2753,2025-10-20,lunch,2,bland
2754,2025-10-20,lunch,3,
2755,2025-10-20,dinner,4,fresh
2756,2025-10-20,dinner,4,good quantity
2757,2025-10-20,dinner,3,
2758,2025-10-20,dinner,5,
2759,2025-10-21,breakfast,4,good quantity
2760,2025-10-21,breakfast,5,
2761,2025-10-21,lunch,3,
2762,2025-10-21,lunch,3,
2763,2025-10-22,breakfast,4,fresh
2764,2025-10-22,breakfast,3,
2765,2025-10-22,breakfast,4,fresh
2766,2025-10-22,dinner,5,tasty
2767,2025-10-22,dinner,2,too oily
2768,2025-10-22,dinner,3,
2769,2025-10-22,dinner,4,
2770,2025-10-22,dinner,3,
2771,2025-10-23,lunch,3,
2772,2025-10-23,lunch,3,
2773,2025-10-23,dinner,4,
2774,2025-10-23,dinner,2,
2775,2025-10-23,dinner,4,good quantity
2776,2025-10-23,dinner,5,tasty
2777,2025-10-24,breakfast,4,fresh
2778,2025-10-24,lunch,4,fresh
2779,2025-10-24,lunch,2,
2780,2025-10-24,lunch,3,
2781,2025-10-24,lunch,2,
2782,2025-10-24,lunch,3,
2783,2025-10-24,lunch,2,repetitive menu
2784,2025-10-24,lunch,3,
2785,2025-10-24,lunch,4,
2786,2025-10-24,dinner,5,
2787,2025-10-24,dinner,5,
2788,2025-10-25,lunch,4,fresh
2789,2025-10-25,lunch,4,tasty
2790,2025-10-25,dinner,5,
2791,2025-10-25,dinner,5,
2792,2025-10-26,breakfast,2,too oily
2793,2025-10-26,lunch,2,too oily
2794,2025-10-26,lunch,2,
2795,2025-10-26,dinner,4,fresh
2796,2025-10-26,dinner,4,tasty
2797,2025-10-27,breakfast,5,fresh
2798,2025-10-27,breakfast,5,
2799,2025-10-27,breakfast,5,good quantity
2800,2025-10-27,breakfast,5,
2801,2025-10-27,breakfast,5,tasty
2802,2025-10-27,breakfast,5,
2803,2025-10-27,breakfast,5,good quantity
2804,2025-10-27,breakfast,5,tasty
2805,2025-10-27,breakfast,5,
2806,2025-10-27,breakfast,4,
2807,2025-10-27,breakfast,3,
2808,2025-10-27,breakfast,4,fresh
2809,2025-10-27,breakfast,5,tasty
2810,2025-10-27,breakfast,5,
2811,2025-10-27,breakfast,5,tasty
2812,2025-10-27,breakfast,4,
2813,2025-10-27,lunch,5,
2814,2025-10-27,lunch,5,tasty
2815,2025-10-27,lunch,4,
2816,2025-10-27,lunch,4,fresh
2817,2025-10-27,lunch,4,
2818,2025-10-27,lunch,4,tasty
2819,2025-10-27,lunch,5,fresh
2820,2025-10-27,lunch,5,fresh
2821,2025-10-27,lunch,5,fresh
2822,2025-10-27,lunch,5,good quantity
2823,2025-10-27,lunch,3,
2824,2025-10-27,lunch,4,
2825,2025-10-27,lunch,4,
2826,2025-10-27,lunch,5,
2827,2025-10-27,dinner,4,good quantity
2828,2025-10-27,dinner,4,good quantity
2829,2025-10-27,dinner,3,
2830,2025-10-27,dinner,3,
2831,2025-10-27,dinner,4,fresh
2832,2025-10-27,dinner,5,good quantity
2833,2025-10-27,dinner,5,tasty
2834,2025-10-27,dinner,5,fresh
2835,2025-10-27,dinner,4,
2836,2025-10-27,dinner,4,tasty
2837,2025-10-28,breakfast,5,good quantity
2838,2025-10-28,breakfast,3,
2839,2025-10-28,breakfast,5,good quantity
2840,2025-10-28,breakfast,4,
2841,2025-10-28,breakfast,5,
2842,2025-10-28,breakfast,5,
2843,2025-10-28,breakfast,5,fresh
2844,2025-10-28,breakfast,5,good quantity
2845,2025-10-28,breakfast,5,
2846,2025-10-28,breakfast,5,fresh
2847,2025-10-28,lunch,4,
2848,2025-10-28,lunch,5,
2849,2025-10-28,lunch,4,good quantity
2850,2025-10-28,lunch,4,good quantity
2851,2025-10-28,lunch,4,tasty
2852,2025-10-28,lunch,3,
2853,2025-10-28,lunch,5,fresh
2854,2025-10-28,lunch,4,
2855,2025-10-28,lunch,4,fresh
2856,2025-10-28,lunch,4,tasty
2857,2025-10-28,lunch,4,fresh
2858,2025-10-28,lunch,5,fresh
2859,2025-10-28,lunch,4,
2860,2025-10-28,lunch,5,tasty
2861,2025-10-28,lunch,5,good quantity
2862,2025-10-28,lunch,5,good quantity
2863,2025-10-28,lunch,5,
2864,2025-10-28,dinner,3,
2865,2025-10-28,dinner,3,
2866,2025-10-28,dinner,3,
2867,2025-10-28,dinner,4,fresh
2868,2025-10-28,dinner,4,good quantity
2869,2025-10-28,dinner,5,fresh
2870,2025-10-28,dinner,3,
2871,2025-10-28,dinner,4,
2872,2025-10-28,dinner,4,good quantity
2873,2025-10-28,dinner,3,
2874,2025-10-28,dinner,5,tasty
2875,2025-10-28,dinner,5,tasty
2876,2025-10-28,dinner,4,
2877,2025-10-28,dinner,4,
2878,2025-10-28,dinner,3,
2879,2025-10-29,breakfast,5,
2880,2025-10-29,breakfast,4,
2881,2025-10-29,breakfast,4,
2882,2025-10-29,breakfast,5,tasty
2883,2025-10-29,breakfast,5,
2884,2025-10-29,breakfast,5,fresh
2885,2025-10-29,breakfast,4,fresh
2886,2025-10-29,breakfast,4,tasty
2887,2025-10-29,breakfast,5,fresh
2888,2025-10-29,breakfast,5,
2889,2025-10-29,breakfast,4,
2890,2025-10-29,breakfast,5,
2891,2025-10-29,breakfast,5,
2892,2025-10-29,breakfast,4,fresh
2893,2025-10-29,lunch,3,
2894,2025-10-29,lunch,3,
2895,2025-10-29,lunch,2,bland
2896,2025-10-29,lunch,4,
2897,2025-10-29,lunch,5,
2898,2025-10-29,lunch,3,
2899,2025-10-29,lunch,4,good quantity
2900,2025-10-29,lunch,3,
2901,2025-10-29,lunch,2,repetitive menu
2902,2025-10-29,lunch,3,
2903,2025-10-29,lunch,4,good quantity
2904,2025-10-29,lunch,3,
2905,2025-10-29,lunch,3,
2906,2025-10-29,dinner,3,
2907,2025-10-29,dinner,3,
2908,2025-10-29,dinner,2,repetitive menu
2909,2025-10-29,dinner,4,good quantity
2910,2025-10-29,dinner,2,cold food
2911,2025-10-29,dinner,4,fresh
2912,2025-10-29,dinner,4,
2913,2025-10-30,breakfast,5,
2914,2025-10-30,breakfast,5,tasty
2915,2025-10-30,breakfast,5,tasty
2916,2025-10-30,breakfast,3,
2917,2025-10-30,breakfast,4,
2918,2025-10-30,breakfast,4,tasty
2919,2025-10-30,breakfast,3,
2920,2025-10-30,lunch,4,
2921,2025-10-30,lunch,5,good quantity
2922,2025-10-30,lunch,3,
2923,2025-10-30,lunch,3,
2924,2025-10-30,lunch,3,
2925,2025-10-30,lunch,4,
2926,2025-10-30,lunch,2,
2927,2025-10-30,lunch,4,fresh
2928,2025-10-30,lunch,4,good quantity
2929,2025-10-30,lunch,5,good quantity
2930,2025-10-30,lunch,1,too oily
2931,2025-10-30,lunch,3,
2932,2025-10-30,dinner,4,tasty
2933,2025-10-30,dinner,3,
2934,2025-10-30,dinner,5,fresh
2935,2025-10-30,dinner,1,repetitive menu
2936,2025-10-30,dinner,3,
2937,2025-10-30,dinner,3,
2938,2025-10-30,dinner,3,
2939,2025-10-30,dinner,5,tasty
2940,2025-10-30,dinner,3,
2941,2025-10-30,dinner,2,bland
2942,2025-10-30,dinner,3,
2943,2025-10-31,breakfast,3,
2944,2025-10-31,breakfast,4,good quantity
2945,2025-10-31,breakfast,4,
2946,2025-10-31,breakfast,3,
2947,2025-10-31,breakfast,5,good quantity
2948,2025-10-31,breakfast,4,
2949,2025-10-31,breakfast,4,
2950,2025-10-31,breakfast,3,
2951,2025-10-31,lunch,5,
2952,2025-10-31,lunch,5,tasty
2953,2025-10-31,lunch,3,
2954,2025-10-31,lunch,5,fresh
2955,2025-10-31,lunch,2,
2956,2025-10-31,lunch,4,
2957,2025-10-31,lunch,5,good quantity
2958,2025-10-31,lunch,3,
2959,2025-10-31,dinner,5,good quantity
2960,2025-11-01,breakfast,3,
2961,2025-11-01,breakfast,4,
2962,2025-11-01,breakfast,4,fresh
2963,2025-11-01,breakfast,3,
2964,2025-11-01,breakfast,2,cold food
2965,2025-11-01,lunch,5,fresh
2966,2025-11-01,lunch,5,
2967,2025-11-01,lunch,5,good quantity
2968,2025-11-01,lunch,4,fresh
2969,2025-11-01,lunch,3,
2970,2025-11-01,lunch,3,
2971,2025-11-01,lunch,4,tasty
2972,2025-11-01,lunch,4,
2973,2025-11-01,lunch,5,tasty
2974,2025-11-01,lunch,4,fresh
2975,2025-11-01,lunch,4,good quantity
2976,2025-11-01,lunch,4,fresh
2977,2025-11-01,lunch,5,
2978,2025-11-01,lunch,5,fresh
2979,2025-11-01,lunch,3,
2980,2025-11-01,dinner,5,tasty
2981,2025-11-01,dinner,2,bland
2982,2025-11-01,dinner,4,
2983,2025-11-01,dinner,5,
2984,2025-11-01,dinner,3,
2985,2025-11-01,dinner,3,
2986,2025-11-01,dinner,5,tasty
2987,2025-11-01,dinner,3,
2988,2025-11-02,breakfast,4,fresh
2989,2025-11-02,breakfast,4,fresh
2990,2025-11-02,breakfast,4,fresh
2991,2025-11-02,breakfast,4,
2992,2025-11-02,lunch,3,
2993,2025-11-02,lunch,4,tasty
2994,2025-11-02,lunch,4,fresh
2995,2025-11-02,lunch,4,tasty
2996,2025-11-02,lunch,4,fresh
2997,2025-11-02,lunch,4,
2998,2025-11-02,lunch,4,fresh
2999,2025-11-02,lunch,4,tasty
3000,2025-11-02,lunch,2,cold food
3001,2025-11-02,lunch,4,
3002,2025-11-02,lunch,4,fresh
3003,2025-11-02,lunch,3,
3004,2025-11-02,lunch,2,repetitive menu
3005,2025-11-02,lunch,3,
3006,2025-11-02,lunch,3,
3007,2025-11-02,lunch,2,too oily
3008,2025-11-02,lunch,4,fresh
3009,2025-11-02,lunch,4,
3010,2025-11-02,lunch,4,good quantity
3011,2025-11-02,lunch,4,
3012,2025-11-02,dinner,4,
3013,2025-11-02,dinner,1,cold food
3014,2025-11-02,dinner,4,
3015,2025-11-02,dinner,3,
3016,2025-11-03,breakfast,3,
3017,2025-11-03,breakfast,3,
3018,2025-11-03,breakfast,3,
3019,2025-11-03,breakfast,3,
3020,2025-11-03,breakfast,4,
3021,2025-11-03,breakfast,4,tasty
3022,2025-11-03,lunch,2,
3023,2025-11-03,lunch,5,good quantity
3024,2025-11-03,lunch,3,
3025,2025-11-03,lunch,3,
3026,2025-11-03,lunch,3,
3027,2025-11-03,lunch,5,
3028,2025-11-03,lunch,4,
3029,2025-11-03,lunch,4,good quantity
3030,2025-11-03,dinner,5,
3031,2025-11-03,dinner,4,
3032,2025-11-03,dinner,3,
3033,2025-11-03,dinner,4,
3034,2025-11-03,dinner,4,tasty
3035,2025-11-03,dinner,5,
3036,2025-11-03,dinner,4,fresh
3037,2025-11-03,dinner,4,
3038,2025-11-03,dinner,4,fresh
3039,2025-11-03,dinner,5,
3040,2025-11-03,dinner,5,fresh
3041,2025-11-03,dinner,2,undercooked
3042,2025-11-03,dinner,4,fresh
3043,2025-11-03,dinner,3,
3044,2025-11-04,breakfast,5,
3045,2025-11-04,breakfast,5,good quantity
3046,2025-11-04,breakfast,5,
3047,2025-11-04,breakfast,5,tasty
3048,2025-11-04,breakfast,5,good quantity
3049,2025-11-04,breakfast,5,
3050,2025-11-04,breakfast,4,tasty
3051,2025-11-04,breakfast,5,tasty
3052,2025-11-04,breakfast,5,tasty
3053,2025-11-04,breakfast,4,good quantity
3054,2025-11-04,breakfast,4,tasty
3055,2025-11-04,breakfast,5,
3056,2025-11-04,breakfast,5,
3057,2025-11-04,breakfast,5,
3058,2025-11-04,breakfast,4,fresh
3059,2025-11-04,breakfast,4,tasty
3060,2025-11-04,lunch,3,
3061,2025-11-04,lunch,4,good quantity
3062,2025-11-04,lunch,3,
3063,2025-11-04,lunch,3,
3064,2025-11-04,lunch,4,
3065,2025-11-04,lunch,4,fresh
3066,2025-11-04,lunch,5,
3067,2025-11-04,lunch,5,
3068,2025-11-04,lunch,4,
3069,2025-11-04,lunch,5,fresh
3070,2025-11-04,lunch,3,
3071,2025-11-04,lunch,4,tasty
3072,2025-11-04,lunch,5,
3073,2025-11-04,lunch,4,fresh
3074,2025-11-04,dinner,2,repetitive menu
3075,2025-11-04,dinner,2,bland
3076,2025-11-04,dinner,4,good quantity
3077,2025-11-04,dinner,3,
3078,2025-11-04,dinner,4,good quantity
3079,2025-11-04,dinner,4,
3080,2025-11-04,dinner,4,
3081,2025-11-05,breakfast,5,fresh
3082,2025-11-05,breakfast,3,
3083,2025-11-05,breakfast,5,good quantity
3084,2025-11-05,breakfast,5,tasty
3085,2025-11-05,breakfast,5,
3086,2025-11-05,breakfast,4,
3087,2025-11-05,lunch,3,
3088,2025-11-05,lunch,3,
3089,2025-11-05,lunch,2,repetitive menu
3090,2025-11-05,lunch,4,tasty
3091,2025-11-05,lunch,3,
3092,2025-11-05,lunch,3,
3093,2025-11-05,lunch,3,
3094,2025-11-05,lunch,4,tasty
3095,2025-11-05,lunch,2,too oily
3096,2025-11-05,lunch,4,
3097,2025-11-05,lunch,3,
3098,2025-11-05,lunch,2,cold food
3099,2025-11-05,dinner,3,
3100,2025-11-05,dinner,4,fresh
3101,2025-11-05,dinner,4,tasty
3102,2025-11-05,dinner,3,
3103,2025-11-05,dinner,3,
3104,2025-11-05,dinner,3,
3105,2025-11-05,dinner,4,
3106,2025-11-06,breakfast,4,tasty
3107,2025-11-06,breakfast,4,
3108,2025-11-06,breakfast,5,tasty
3109,2025-11-06,breakfast,5,
3110,2025-11-06,breakfast,5,fresh
3111,2025-11-06,breakfast,5,good quantity
3112,2025-11-06,breakfast,4,
3113,2025-11-06,breakfast,4,
3114,2025-11-06,breakfast,5,good quantity
3115,2025-11-06,breakfast,5,good quantity
3116,2025-11-06,breakfast,5,fresh
3117,2025-11-06,breakfast,4,tasty
3118,2025-11-06,breakfast,3,
3119,2025-11-06,breakfast,5,
3120,2025-11-06,breakfast,3,
3121,2025-11-06,breakfast,5,fresh
3122,2025-11-06,lunch,4,tasty
3123,2025-11-06,lunch,2,
3124,2025-11-06,lunch,2,
3125,2025-11-06,lunch,2,cold food
3126,2025-11-06,lunch,4,good quantity
3127,2025-11-06,lunch,3,
3128,2025-11-06,lunch,3,
3129,2025-11-06,lunch,4,
3130,2025-11-06,lunch,2,undercooked
3131,2025-11-06,lunch,3,
3132,2025-11-06,lunch,5,fresh
3133,2025-11-06,dinner,4,
3134,2025-11-06,dinner,5,
3135,2025-11-06,dinner,4,
3136,2025-11-06,dinner,5,
3137,2025-11-06,dinner,5,
3138,2025-11-06,dinner,5,tasty
3139,2025-11-06,dinner,4,tasty
3140,2025-11-06,dinner,5,tasty
3141,2025-11-06,dinner,4,fresh
3142,2025-11-06,dinner,3,
3143,2025-11-06,dinner,4,good quantity
3144,2025-11-06,dinner,5,tasty
3145,2025-11-06,dinner,4,fresh
3146,2025-11-06,dinner,4,fresh
3147,2025-11-06,dinner,5,fresh
3148,2025-11-06,dinner,4,tasty
3149,2025-11-06,dinner,5,fresh
3150,2025-11-06,dinner,4,tasty
3151,2025-11-06,dinner,5,tasty
3152,2025-11-07,breakfast,3,
3153,2025-11-07,breakfast,5,
3154,2025-11-07,lunch,4,tasty
3155,2025-11-07,lunch,3,
3156,2025-11-07,lunch,3,
3157,2025-11-07,lunch,4,tasty
3158,2025-11-07,lunch,5,
3159,2025-11-07,lunch,5,tasty
3160,2025-11-07,lunch,5,fresh
3161,2025-11-07,lunch,5,
3162,2025-11-07,lunch,5,
3163,2025-11-07,lunch,4,
3164,2025-11-07,lunch,5,
3165,2025-11-07,lunch,5,
3166,2025-11-07,dinner,5,
3167,2025-11-07,dinner,3,
3168,2025-11-07,dinner,5,fresh
3169,2025-11-07,dinner,3,
3170,2025-11-07,dinner,3,
3171,2025-11-07,dinner,4,
3172,2025-11-07,dinner,3,
3173,2025-11-07,dinner,5,
3174,2025-11-08,breakfast,3,
3175,2025-11-08,lunch,3,
3176,2025-11-08,lunch,4,tasty
3177,2025-11-08,lunch,3,
3178,2025-11-08,lunch,4,
3179,2025-11-08,lunch,5,fresh
3180,2025-11-08,lunch,4,tasty
3181,2025-11-08,lunch,5,good quantity
3182,2025-11-08,lunch,5,
3183,2025-11-08,lunch,4,good quantity
3184,2025-11-08,lunch,5,
3185,2025-11-08,lunch,3,
3186,2025-11-08,lunch,3,
3187,2025-11-08,lunch,3,
3188,2025-11-08,lunch,4,tasty
3189,2025-11-08,lunch,5,tasty
3190,2025-11-08,dinner,5,good quantity
3191,2025-11-08,dinner,3,
3192,2025-11-08,dinner,3,
3193,2025-11-08,dinner,3,
3194,2025-11-08,dinner,2,
3195,2025-11-08,dinner,5,
3196,2025-11-08,dinner,4,good quantity
3197,2025-11-08,dinner,5,good quantity
3198,2025-11-09,breakfast,3,
3199,2025-11-09,breakfast,3,
3200,2025-11-09,breakfast,3,
3201,2025-11-09,lunch,3,
3202,2025-11-09,lunch,3,
3203,2025-11-09,lunch,4,
3204,2025-11-09,lunch,2,bland
3205,2025-11-09,lunch,3,
3206,2025-11-09,lunch,3,
3207,2025-11-09,lunch,2,bland
3208,2025-11-09,lunch,3,
3209,2025-11-09,lunch,3,
3210,2025-11-09,dinner,4,good quantity
3211,2025-11-09,dinner,5,fresh
3212,2025-11-09,dinner,5,
3213,2025-11-09,dinner,3,
3214,2025-11-09,dinner,5,
3215,2025-11-09,dinner,5,tasty
3216,2025-11-09,dinner,4,fresh
3217,2025-11-09,dinner,5,
3218,2025-11-09,dinner,5,good quantity
3219,2025-11-09,dinner,4,
3220,2025-11-10,breakfast,2,repetitive menu
3221,2025-11-10,breakfast,4,fresh
3222,2025-11-10,breakfast,3,
3223,2025-11-10,breakfast,4,fresh
3224,2025-11-10,breakfast,5,good quantity
3225,2025-11-10,breakfast,3,
3226,2025-11-10,breakfast,3,
3227,2025-11-10,breakfast,4,
3228,2025-11-10,breakfast,4,fresh
3229,2025-11-10,breakfast,3,
3230,2025-11-10,breakfast,5,tasty
3231,2025-11-10,lunch,4,good quantity
3232,2025-11-10,lunch,5,good quantity
3233,2025-11-10,lunch,4,fresh
3234,2025-11-10,lunch,5,fresh
3235,2025-11-10,lunch,5,fresh
3236,2025-11-10,lunch,5,tasty
3237,2025-11-10,lunch,5,
3238,2025-11-10,lunch,4,tasty
3239,2025-11-10,lunch,5,
3240,2025-11-10,lunch,3,
3241,2025-11-10,lunch,4,fresh
3242,2025-11-10,lunch,5,tasty
3243,2025-11-10,lunch,3,
3244,2025-11-10,lunch,4,
3245,2025-11-10,lunch,5,
3246,2025-11-10,lunch,4,good quantity
3247,2025-11-10,lunch,4,tasty
3248,2025-11-10,dinner,5,
3249,2025-11-10,dinner,4,good quantity
3250,2025-11-10,dinner,5,fresh
3251,2025-11-10,dinner,3,
3252,2025-11-10,dinner,4,
3253,2025-11-10,dinner,2,undercooked
3254,2025-11-10,dinner,4,tasty
3255,2025-11-10,dinner,5,fresh
3256,2025-11-10,dinner,3,
3257,2025-11-11,breakfast,3,
3258,2025-11-11,breakfast,3,
3259,2025-11-11,breakfast,1,undercooked
3260,2025-11-11,breakfast,3,
3261,2025-11-11,breakfast,2,too oily
3262,2025-11-11,breakfast,2,undercooked
3263,2025-11-11,breakfast,3,
3264,2025-11-11,lunch,3,
3265,2025-11-11,lunch,3,
3266,2025-11-11,lunch,3,
3267,2025-11-11,lunch,2,too oily
3268,2025-11-11,lunch,2,repetitive menu
3269,2025-11-11,lunch,4,tasty
3270,2025-11-11,lunch,4,fresh
3271,2025-11-11,lunch,3,
3272,2025-11-11,lunch,4,
3273,2025-11-11,lunch,3,
3274,2025-11-11,lunch,3,
3275,2025-11-11,dinner,2,cold food
3276,2025-11-11,dinner,4,
3277,2025-11-11,dinner,2,
3278,2025-11-11,dinner,3,
3279,2025-11-11,dinner,4,
3280,2025-11-11,dinner,4,good quantity
3281,2025-11-11,dinner,3,
3282,2025-11-11,dinner,4,
3283,2025-11-12,breakfast,4,
3284,2025-11-12,breakfast,4,
3285,2025-11-12,breakfast,4,tasty
3286,2025-11-12,breakfast,4,
3287,2025-11-12,breakfast,5,
3288,2025-11-12,breakfast,5,fresh
3289,2025-11-12,breakfast,5,good quantity
3290,2025-11-12,breakfast,4,
3291,2025-11-12,breakfast,5,fresh
3292,2025-11-12,breakfast,3,
3293,2025-11-12,breakfast,4,tasty
3294,2025-11-12,breakfast,4,tasty
3295,2025-11-12,breakfast,5,
3296,2025-11-12,breakfast,5,good quantity
3297,2025-11-12,lunch,3,
3298,2025-11-12,lunch,3,
3299,2025-11-12,lunch,3,
3300,2025-11-12,lunch,3,
3301,2025-11-12,lunch,3,
3302,2025-11-12,lunch,4,tasty
3303,2025-11-12,lunch,4,good quantity
3304,2025-11-12,lunch,4,tasty
3305,2025-11-12,lunch,3,
3306,2025-11-12,lunch,3,
3307,2025-11-12,lunch,4,
3308,2025-11-12,dinner,4,tasty
3309,2025-11-12,dinner,4,
3310,2025-11-12,dinner,4,tasty
3311,2025-11-12,dinner,5,
3312,2025-11-12,dinner,3,
3313,2025-11-12,dinner,2,
3314,2025-11-12,dinner,3,
3315,2025-11-12,dinner,3,
3316,2025-11-12,dinner,2,too oily
3317,2025-11-12,dinner,3,
3318,2025-11-12,dinner,3,
3319,2025-11-12,dinner,2,
3320,2025-11-12,dinner,4,fresh
3321,2025-11-12,dinner,4,fresh
3322,2025-11-13,breakfast,5,
3323,2025-11-13,breakfast,4,
3324,2025-11-13,breakfast,4,
3325,2025-11-13,breakfast,5,
3326,2025-11-13,breakfast,4,fresh
3327,2025-11-13,breakfast,5,tasty
3328,2025-11-13,breakfast,3,
3329,2025-11-13,breakfast,4,good quantity
3330,2025-11-13,breakfast,5,
3331,2025-11-13,lunch,4,
3332,2025-11-13,lunch,5,
3333,2025-11-13,lunch,4,tasty
3334,2025-11-13,lunch,4,good quantity
3335,2025-11-13,lunch,4,fresh
3336,2025-11-13,lunch,4,fresh
3337,2025-11-13,lunch,4,tasty
3338,2025-11-13,lunch,3,
3339,2025-11-13,lunch,4,
3340,2025-11-13,lunch,4,good quantity
3341,2025-11-13,lunch,4,tasty
3342,2025-11-13,lunch,4,
3343,2025-11-13,lunch,4,fresh
3344,2025-11-13,lunch,5,fresh
3345,2025-11-13,dinner,5,fresh
3346,2025-11-13,dinner,4,good quantity
3347,2025-11-13,dinner,4,fresh
3348,2025-11-13,dinner,4,
3349,2025-11-13,dinner,4,good quantity
3350,2025-11-13,dinner,4,tasty
3351,2025-11-13,dinner,5,
3352,2025-11-13,dinner,5,
3353,2025-11-13,dinner,5,
3354,2025-11-13,dinner,4,
3355,2025-11-13,dinner,5,
3356,2025-11-13,dinner,5,
3357,2025-11-13,dinner,5,
3358,2025-11-13,dinner,4,good quantity
3359,2025-11-13,dinner,4,
3360,2025-11-14,breakfast,4,fresh
3361,2025-11-14,breakfast,4,
3362,2025-11-14,breakfast,4,
3363,2025-11-14,breakfast,4,tasty
3364,2025-11-14,breakfast,5,fresh
3365,2025-11-14,breakfast,5,tasty
3366,2025-11-14,breakfast,3,
3367,2025-11-14,breakfast,4,tasty
3368,2025-11-14,lunch,4,
3369,2025-11-14,lunch,4,good quantity
3370,2025-11-14,lunch,4,tasty
3371,2025-11-14,lunch,5,fresh
3372,2025-11-14,lunch,5,
3373,2025-11-14,lunch,3,
3374,2025-11-14,lunch,3,
3375,2025-11-14,lunch,5,tasty
3376,2025-11-14,dinner,3,
3377,2025-11-14,dinner,4,fresh
3378,2025-11-14,dinner,4,
3379,2025-11-14,dinner,4,
3380,2025-11-14,dinner,5,fresh
3381,2025-11-14,dinner,3,
3382,2025-11-14,dinner,2,repetitive menu
3383,2025-11-14,dinner,4,good quantity
3384,2025-11-14,dinner,4,
3385,2025-11-14,dinner,4,
3386,2025-11-14,dinner,4,
3387,2025-11-14,dinner,4,tasty
3388,2025-11-14,dinner,4,tasty
3389,2025-11-14,dinner,4,good quantity
3390,2025-11-15,breakfast,3,
3391,2025-11-15,breakfast,4,tasty
3392,2025-11-15,lunch,5,tasty
3393,2025-11-15,lunch,2,cold food
3394,2025-11-15,lunch,4,
3395,2025-11-15,lunch,4,
3396,2025-11-15,lunch,2,
3397,2025-11-15,lunch,5,tasty
3398,2025-11-15,dinner,2,
3399,2025-11-15,dinner,2,
3400,2025-11-15,dinner,3,
3401,2025-11-15,dinner,4,good quantity
3402,2025-11-15,dinner,3,
3403,2025-11-15,dinner,2,bland
3404,2025-11-15,dinner,3,
3405,2025-11-15,dinner,3,
3406,2025-11-15,dinner,2,undercooked
3407,2025-11-15,dinner,3,
3408,2025-11-16,breakfast,5,
3409,2025-11-16,lunch,4,fresh
3410,2025-11-16,lunch,3,
3411,2025-11-16,lunch,5,fresh
3412,2025-11-16,lunch,5,
3413,2025-11-16,lunch,5,fresh
3414,2025-11-16,lunch,4,good quantity
3415,2025-11-16,lunch,4,tasty
3416,2025-11-16,lunch,5,tasty
3417,2025-11-16,lunch,3,
3418,2025-11-16,lunch,5,fresh
3419,2025-11-16,lunch,4,
3420,2025-11-16,lunch,4,fresh
3421,2025-11-16,dinner,5,tasty
3422,2025-11-16,dinner,3,
3423,2025-11-16,dinner,4,
3424,2025-11-16,dinner,4,tasty
3425,2025-11-16,dinner,3,
3426,2025-11-16,dinner,3,
3427,2025-11-16,dinner,4,
3428,2025-11-16,dinner,5,tasty
3429,2025-11-17,breakfast,3,
3430,2025-11-17,breakfast,3,
3431,2025-11-17,breakfast,3,
3432,2025-11-17,breakfast,3,
3433,2025-11-17,breakfast,3,
3434,2025-11-17,breakfast,4,
3435,2025-11-17,breakfast,3,
3436,2025-11-17,lunch,5,tasty
3437,2025-11-17,lunch,5,fresh
3438,2025-11-17,lunch,4,good quantity
3439,2025-11-17,lunch,4,good quantity
3440,2025-11-17,lunch,4,tasty
3441,2025-11-17,lunch,5,tasty
3442,2025-11-17,lunch,4,
3443,2025-11-17,lunch,4,
3444,2025-11-17,lunch,5,
3445,2025-11-17,dinner,4,good quantity
3446,2025-11-17,dinner,3,
3447,2025-11-17,dinner,2,
3448,2025-11-17,dinner,4,good quantity
3449,2025-11-17,dinner,4,tasty
3450,2025-11-17,dinner,3,
3451,2025-11-17,dinner,3,
3452,2025-11-17,dinner,3,
3453,2025-11-17,dinner,4,
3454,2025-11-17,dinner,4,fresh
3455,2025-11-17,dinner,3,
3456,2025-11-17,dinner,3,
3457,2025-11-18,breakfast,4,
3458,2025-11-18,breakfast,3,
3459,2025-11-18,breakfast,4,tasty
3460,2025-11-18,breakfast,5,fresh
3461,2025-11-18,breakfast,3,
3462,2025-11-18,breakfast,4,tasty
3463,2025-11-18,breakfast,4,
3464,2025-11-18,lunch,3,
3465,2025-11-18,lunch,4,good quantity
3466,2025-11-18,lunch,2,bland
3467,2025-11-18,lunch,4,tasty
3468,2025-11-18,lunch,2,
3469,2025-11-18,lunch,2,cold food
3470,2025-11-18,lunch,1,cold food
3471,2025-11-18,lunch,3,
3472,2025-11-18,lunch,3,
3473,2025-11-18,dinner,3,
3474,2025-11-18,dinner,5,fresh
3475,2025-11-18,dinner,3,
3476,2025-11-18,dinner,3,
3477,2025-11-18,dinner,3,
3478,2025-11-18,dinner,3,
3479,2025-11-18,dinner,2,cold food
3480,2025-11-18,dinner,3,
3481,2025-11-19,breakfast,3,
3482,2025-11-19,breakfast,3,
3483,2025-11-19,breakfast,2,
3484,2025-11-19,breakfast,4,
3485,2025-11-19,breakfast,2,cold food
3486,2025-11-19,breakfast,3,
3487,2025-11-19,lunch,3,
3488,2025-11-19,lunch,4,tasty
3489,2025-11-19,lunch,3,
3490,2025-11-19,lunch,4,fresh
3491,2025-11-19,lunch,4,tasty
3492,2025-11-19,lunch,3,
3493,2025-11-19,lunch,3,
3494,2025-11-19,lunch,2,
3495,2025-11-19,lunch,3,
3496,2025-11-19,dinner,4,good quantity
3497,2025-11-19,dinner,4,
3498,2025-11-19,dinner,5,good quantity
3499,2025-11-19,dinner,5,tasty
3500,2025-11-19,dinner,5,good quantity
3501,2025-11-19,dinner,5,good quantity
3502,2025-11-19,dinner,4,
3503,2025-11-19,dinner,4,
3504,2025-11-19,dinner,5,
3505,2025-11-19,dinner,5,
3506,2025-11-19,dinner,5,good quantity
3507,2025-11-19,dinner,4,good quantity
3508,2025-11-19,dinner,4,good quantity
3509,2025-11-20,breakfast,5,
3510,2025-11-20,breakfast,5,fresh
3511,2025-11-20,breakfast,5,fresh
3512,2025-11-20,breakfast,5,tasty
3513,2025-11-20,breakfast,5,
3514,2025-11-20,breakfast,5,tasty
3515,2025-11-20,breakfast,4,
3516,2025-11-20,breakfast,4,good quantity
3517,2025-11-20,breakfast,5,good quantity
3518,2025-11-20,breakfast,4,tasty
3519,2025-11-20,breakfast,3,
3520,2025-11-20,lunch,5,
3521,2025-11-20,lunch,4,
3522,2025-11-20,lunch,3,
3523,2025-11-20,lunch,4,fresh
3524,2025-11-20,lunch,4,good quantity
3525,2025-11-20,lunch,4,fresh
3526,2025-11-20,lunch,4,
3527,2025-11-20,lunch,5,good quantity
3528,2025-11-20,lunch,5,
3529,2025-11-20,lunch,5,
3530,2025-11-20,lunch,5,
3531,2025-11-20,lunch,4,good quantity
3532,2025-11-20,lunch,5,
3533,2025-11-20,lunch,3,
3534,2025-11-20,lunch,4,
3535,2025-11-20,dinner,4,
3536,2025-11-20,dinner,5,tasty
3537,2025-11-20,dinner,4,fresh
3538,2025-11-20,dinner,5,
3539,2025-11-20,dinner,5,
3540,2025-11-20,dinner,4,
3541,2025-11-20,dinner,3,
3542,2025-11-20,dinner,5,good quantity
3543,2025-11-20,dinner,5,good quantity
3544,2025-11-20,dinner,4,good quantity
3545,2025-11-20,dinner,5,
3546,2025-11-20,dinner,3,
3547,2025-11-20,dinner,4,tasty
3548,2025-11-20,dinner,5,
3549,2025-11-20,dinner,5,
3550,2025-11-20,dinner,3,
3551,2025-11-21,breakfast,4,good quantity
3552,2025-11-21,breakfast,4,tasty
3553,2025-11-21,breakfast,5,good quantity
3554,2025-11-21,breakfast,4,good quantity
3555,2025-11-21,breakfast,5,tasty
3556,2025-11-21,lunch,5,tasty
3557,2025-11-21,lunch,3,
3558,2025-11-21,lunch,3,
3559,2025-11-21,lunch,3,
3560,2025-11-21,lunch,2,too oily
3561,2025-11-21,lunch,3,
3562,2025-11-21,lunch,4,fresh
3563,2025-11-21,lunch,4,
3564,2025-11-21,lunch,3,
3565,2025-11-21,lunch,3,
3566,2025-11-21,lunch,5,fresh
3567,2025-11-21,lunch,3,
3568,2025-11-21,lunch,3,
3569,2025-11-21,lunch,3,
3570,2025-11-21,lunch,3,
3571,2025-11-21,dinner,5,tasty
3572,2025-11-21,dinner,3,
3573,2025-11-21,dinner,4,
3574,2025-11-21,dinner,4,fresh
3575,2025-11-21,dinner,3,
3576,2025-11-21,dinner,4,fresh
3577,2025-11-21,dinner,4,tasty
3578,2025-11-21,dinner,3,
3579,2025-11-22,breakfast,5,
3580,2025-11-22,breakfast,4,
3581,2025-11-22,breakfast,4,
3582,2025-11-22,breakfast,4,good quantity
3583,2025-11-22,breakfast,4,
3584,2025-11-22,breakfast,5,good quantity
3585,2025-11-22,breakfast,5,tasty
3586,2025-11-22,breakfast,5,good quantity
3587,2025-11-22,breakfast,5,tasty
3588,2025-11-22,breakfast,5,fresh
3589,2025-11-22,breakfast,4,fresh
3590,2025-11-22,breakfast,5,
3591,2025-11-22,lunch,3,
3592,2025-11-22,lunch,4,tasty
3593,2025-11-22,lunch,3,
3594,2025-11-22,lunch,1,
3595,2025-11-22,lunch,2,too oily
3596,2025-11-22,dinner,5,fresh
3597,2025-11-22,dinner,5,good quantity
3598,2025-11-22,dinner,4,
3599,2025-11-22,dinner,4,
3600,2025-11-22,dinner,5,tasty
3601,2025-11-22,dinner,5,fresh
3602,2025-11-22,dinner,5,
3603,2025-11-22,dinner,5,
3604,2025-11-22,dinner,5,tasty
3605,2025-11-22,dinner,5,good quantity
3606,2025-11-22,dinner,5,fresh
3607,2025-11-22,dinner,4,
3608,2025-11-23,breakfast,3,
3609,2025-11-23,breakfast,4,good quantity
3610,2025-11-23,breakfast,3,
3611,2025-11-23,breakfast,3,
3612,2025-11-23,breakfast,3,
3613,2025-11-23,lunch,5,
3614,2025-11-23,lunch,4,fresh
3615,2025-11-23,lunch,3,
3616,2025-11-23,lunch,3,
3617,2025-11-23,lunch,5,
3618,2025-11-23,lunch,3,
3619,2025-11-23,lunch,5,
3620,2025-11-23,lunch,5,fresh
3621,2025-11-23,dinner,4,good quantity
3622,2025-11-23,dinner,4,
3623,2025-11-23,dinner,3,
3624,2025-11-23,dinner,4,
3625,2025-11-23,dinner,4,good quantity
3626,2025-11-23,dinner,4,good quantity
3627,2025-11-23,dinner,5,fresh
3628,2025-11-23,dinner,5,tasty
3629,2025-11-23,dinner,3,
3630,2025-11-23,dinner,5,tasty
3631,2025-11-24,breakfast,3,
3632,2025-11-24,breakfast,4,
3633,2025-11-24,breakfast,5,good quantity
3634,2025-11-24,breakfast,4,
3635,2025-11-24,breakfast,3,
3636,2025-11-24,breakfast,4,good quantity
3637,2025-11-24,breakfast,5,
3638,2025-11-24,breakfast,3,
3639,2025-11-24,breakfast,3,
3640,2025-11-24,breakfast,4,good quantity
3641,2025-11-24,breakfast,4,fresh
3642,2025-11-24,breakfast,3,
3643,2025-11-24,breakfast,4,fresh
3644,2025-11-24,breakfast,3,
3645,2025-11-24,breakfast,5,fresh
3646,2025-11-24,breakfast,4,fresh
3647,2025-11-24,breakfast,4,
3648,2025-11-24,lunch,2,undercooked
3649,2025-11-24,lunch,4,good quantity
3650,2025-11-24,lunch,4,
3651,2025-11-24,lunch,2,
3652,2025-11-24,lunch,4,
3653,2025-11-24,lunch,2,repetitive menu
3654,2025-11-24,lunch,1,repetitive menu
3655,2025-11-24,lunch,3,
3656,2025-11-24,lunch,3,
3657,2025-11-24,lunch,4,fresh
3658,2025-11-24,lunch,4,good quantity
3659,2025-11-24,lunch,4,good quantity
3660,2025-11-24,dinner,4,good quantity
3661,2025-11-24,dinner,2,too oily
3662,2025-11-24,dinner,3,
3663,2025-11-24,dinner,3,
3664,2025-11-24,dinner,3,
3665,2025-11-24,dinner,3,
3666,2025-11-24,dinner,3,
3667,2025-11-24,dinner,5,good quantity
3668,2025-11-24,dinner,3,
3669,2025-11-24,dinner,3,
3670,2025-11-24,dinner,3,
3671,2025-11-24,dinner,3,
3672,2025-11-24,dinner,2,repetitive menu
3673,2025-11-25,breakfast,5,fresh
3674,2025-11-25,breakfast,3,
3675,2025-11-25,breakfast,3,
3676,2025-11-25,breakfast,4,
3677,2025-11-25,breakfast,3,
3678,2025-11-25,breakfast,4,fresh
3679,2025-11-25,breakfast,4,tasty
3680,2025-11-25,breakfast,4,good quantity
3681,2025-11-25,lunch,3,
3682,2025-11-25,lunch,1,cold food
3683,2025-11-25,lunch,3,
3684,2025-11-25,lunch,3,
3685,2025-11-25,lunch,2,undercooked
3686,2025-11-25,lunch,3,
3687,2025-11-25,lunch,3,
3688,2025-11-25,lunch,3,
3689,2025-11-25,lunch,5,
3690,2025-11-25,lunch,2,too oily
3691,2025-11-25,lunch,3,
3692,2025-11-25,dinner,3,
3693,2025-11-25,dinner,4,
3694,2025-11-25,dinner,4,tasty
3695,2025-11-25,dinner,1,repetitive menu
3696,2025-11-25,dinner,4,
3697,2025-11-25,dinner,5,
3698,2025-11-25,dinner,3,
3699,2025-11-25,dinner,2,
3700,2025-11-25,dinner,4,
3701,2025-11-25,dinner,3,
3702,2025-11-25,dinner,4,
3703,2025-11-26,breakfast,4,fresh
3704,2025-11-26,breakfast,3,
3705,2025-11-26,breakfast,4,fresh
3706,2025-11-26,breakfast,3,
3707,2025-11-26,breakfast,3,
3708,2025-11-26,breakfast,4,good quantity
3709,2025-11-26,breakfast,4,
3710,2025-11-26,lunch,3,
3711,2025-11-26,lunch,5,
3712,2025-11-26,lunch,5,
3713,2025-11-26,lunch,3,
3714,2025-11-26,lunch,5,good quantity
3715,2025-11-26,dinner,3,
3716,2025-11-26,dinner,4,tasty
3717,2025-11-26,dinner,5,good quantity
3718,2025-11-26,dinner,5,fresh
3719,2025-11-26,dinner,4,tasty
3720,2025-11-26,dinner,4,
3721,2025-11-26,dinner,4,tasty
3722,2025-11-26,dinner,4,tasty
3723,2025-11-26,dinner,5,fresh
3724,2025-11-26,dinner,4,good quantity
3725,2025-11-26,dinner,4,
3726,2025-11-26,dinner,5,fresh
3727,2025-11-26,dinner,4,fresh
3728,2025-11-26,dinner,4,
3729,2025-11-26,dinner,4,
3730,2025-11-26,dinner,4,fresh
3731,2025-11-26,dinner,4,
3732,2025-11-26,dinner,3,
3733,2025-11-26,dinner,4,
3734,2025-11-26,dinner,4,good quantity
3735,2025-11-27,breakfast,3,
3736,2025-11-27,breakfast,2,
3737,2025-11-27,breakfast,1,undercooked
3738,2025-11-27,breakfast,3,
3739,2025-11-27,breakfast,2,bland
3740,2025-11-27,breakfast,2,
3741,2025-11-27,breakfast,2,cold food
3742,2025-11-27,lunch,4,
3743,2025-11-27,lunch,3,
3744,2025-11-27,lunch,4,good quantity
3745,2025-11-27,lunch,4,
3746,2025-11-27,lunch,4,tasty
3747,2025-11-27,lunch,5,fresh
3748,2025-11-27,lunch,5,good quantity
3749,2025-11-27,lunch,4,
3750,2025-11-27,lunch,3,
3751,2025-11-27,dinner,4,good quantity
3752,2025-11-27,dinner,4,tasty
3753,2025-11-27,dinner,4,
3754,2025-11-27,dinner,4,fresh
3755,2025-11-27,dinner,5,
3756,2025-11-27,dinner,4,fresh
3757,2025-11-27,dinner,2,
3758,2025-11-27,dinner,3,
3759,2025-11-27,dinner,2,bland
3760,2025-11-27,dinner,5,tasty
3761,2025-11-27,dinner,3,
3762,2025-11-27,dinner,3,
3763,2025-11-27,dinner,4,good quantity
3764,2025-11-27,dinner,4,
3765,2025-11-27,dinner,2,
3766,2025-11-28,breakfast,5,
3767,2025-11-28,breakfast,4,fresh
3768,2025-11-28,breakfast,5,
3769,2025-11-28,breakfast,3,
3770,2025-11-28,breakfast,4,good quantity
3771,2025-11-28,breakfast,4,
3772,2025-11-28,breakfast,4,
3773,2025-11-28,breakfast,5,good quantity
3774,2025-11-28,breakfast,5,tasty
3775,2025-11-28,breakfast,4,
3776,2025-11-28,breakfast,5,
3777,2025-11-28,breakfast,5,
3778,2025-11-28,breakfast,5,fresh
3779,2025-11-28,lunch,4,good quantity
3780,2025-11-28,lunch,3,
3781,2025-11-28,lunch,4,tasty
3782,2025-11-28,lunch,4,
3783,2025-11-28,lunch,2,
3784,2025-11-28,lunch,3,
3785,2025-11-28,lunch,4,tasty
3786,2025-11-28,lunch,3,
3787,2025-11-28,dinner,1,
3788,2025-11-28,dinner,3,
3789,2025-11-28,dinner,1,
3790,2025-11-28,dinner,3,
3791,2025-11-28,dinner,2,
3792,2025-11-28,dinner,3,
3793,2025-11-28,dinner,3,
3794,2025-11-28,dinner,3,
3795,2025-11-28,dinner,2,
3796,2025-11-28,dinner,2,
3797,2025-11-28,dinner,2,repetitive menu
3798,2025-11-28,dinner,3,
3799,2025-11-29,breakfast,5,
3800,2025-11-29,breakfast,4,
3801,2025-11-29,breakfast,5,
3802,2025-11-29,breakfast,4,good quantity
3803,2025-11-29,breakfast,5,tasty
3804,2025-11-29,breakfast,5,good quantity
3805,2025-11-29,lunch,5,tasty
3806,2025-11-29,lunch,4,good quantity
3807,2025-11-29,lunch,5,good quantity
3808,2025-11-29,lunch,4,fresh
3809,2025-11-29,lunch,5,tasty
3810,2025-11-29,lunch,5,fresh
3811,2025-11-29,lunch,5,fresh
3812,2025-11-29,lunch,4,tasty
3813,2025-11-29,lunch,5,tasty
3814,2025-11-29,lunch,5,tasty
3815,2025-11-29,lunch,4,tasty
3816,2025-11-29,lunch,5,tasty
3817,2025-11-29,dinner,4,fresh
3818,2025-11-29,dinner,3,
3819,2025-11-29,dinner,4,
3820,2025-11-29,dinner,3,
3821,2025-11-29,dinner,3,
3822,2025-11-29,dinner,4,good quantity
3823,2025-11-29,dinner,3,
3824,2025-11-30,breakfast,4,
3825,2025-11-30,breakfast,5,
3826,2025-11-30,breakfast,4,fresh
3827,2025-11-30,breakfast,3,
3828,2025-11-30,breakfast,5,good quantity
3829,2025-11-30,breakfast,4,fresh
3830,2025-11-30,lunch,5,good quantity
3831,2025-11-30,lunch,4,
3832,2025-11-30,lunch,5,good quantity
3833,2025-11-30,lunch,4,tasty
3834,2025-11-30,lunch,4,tasty
3835,2025-11-30,lunch,5,good quantity
3836,2025-11-30,lunch,5,fresh
3837,2025-11-30,lunch,4,
3838,2025-11-30,lunch,3,
3839,2025-11-30,lunch,5,good quantity
3840,2025-11-30,lunch,4,fresh
3841,2025-11-30,lunch,4,fresh
3842,2025-11-30,dinner,4,
3843,2025-11-30,dinner,4,good quantity
3844,2025-11-30,dinner,5,fresh
3845,2025-11-30,dinner,5,
3846,2025-11-30,dinner,4,
3847,2025-11-30,dinner,4,fresh
3848,2025-11-30,dinner,4,fresh
3849,2025-11-30,dinner,5,
3850,2025-11-30,dinner,5,tasty
3851,2025-12-01,breakfast,3,
3852,2025-12-01,breakfast,4,
3853,2025-12-01,breakfast,3,
3854,2025-12-01,breakfast,4,
3855,2025-12-01,breakfast,4,
3856,2025-12-01,breakfast,4,good quantity
3857,2025-12-01,breakfast,4,good quantity
3858,2025-12-01,breakfast,3,
3859,2025-12-01,breakfast,5,tasty
3860,2025-12-01,breakfast,3,
3861,2025-12-01,lunch,3,
3862,2025-12-01,lunch,5,good quantity
3863,2025-12-01,lunch,3,
3864,2025-12-01,lunch,3,
3865,2025-12-01,lunch,4,good quantity
3866,2025-12-01,lunch,3,
3867,2025-12-01,lunch,3,
3868,2025-12-01,lunch,3,
3869,2025-12-01,dinner,3,
3870,2025-12-01,dinner,3,
3871,2025-12-01,dinner,3,
3872,2025-12-01,dinner,2,repetitive menu
3873,2025-12-01,dinner,3,
3874,2025-12-01,dinner,3,
3875,2025-12-01,dinner,3,
3876,2025-12-01,dinner,3,
3877,2025-12-01,dinner,4,
3878,2025-12-01,dinner,3,
3879,2025-12-01,dinner,3,
3880,2025-12-01,dinner,4,
3881,2025-12-01,dinner,3,
3882,2025-12-01,dinner,3,
3883,2025-12-01,dinner,3,
3884,2025-12-01,dinner,2,bland
3885,2025-12-02,breakfast,5,fresh
3886,2025-12-02,breakfast,4,
3887,2025-12-02,breakfast,4,good quantity
3888,2025-12-02,breakfast,4,tasty
3889,2025-12-02,breakfast,5,
3890,2025-12-02,lunch,4,
3891,2025-12-02,lunch,4,good quantity
3892,2025-12-02,lunch,3,
3893,2025-12-02,lunch,3,
3894,2025-12-02,lunch,3,
3895,2025-12-02,lunch,3,
3896,2025-12-02,lunch,4,
3897,2025-12-02,lunch,5,good quantity
3898,2025-12-02,lunch,4,fresh
3899,2025-12-02,lunch,4,
3900,2025-12-02,lunch,3,
3901,2025-12-02,lunch,2,
3902,2025-12-02,lunch,4,tasty
3903,2025-12-02,dinner,4,good quantity
3904,2025-12-02,dinner,4,good quantity
3905,2025-12-02,dinner,4,
3906,2025-12-02,dinner,5,
3907,2025-12-02,dinner,5,good quantity
3908,2025-12-02,dinner,5,fresh
3909,2025-12-02,dinner,5,
3910,2025-12-02,dinner,4,
3911,2025-12-02,dinner,4,
3912,2025-12-02,dinner,4,tasty
3913,2025-12-02,dinner,4,fresh
3914,2025-12-02,dinner,5,
3915,2025-12-02,dinner,3,
3916,2025-12-03,breakfast,2,too oily
3917,2025-12-03,breakfast,3,
3918,2025-12-03,breakfast,4,tasty
3919,2025-12-03,breakfast,4,tasty
3920,2025-12-03,breakfast,4,
3921,2025-12-03,breakfast,3,
3922,2025-12-03,breakfast,2,undercooked
3923,2025-12-03,breakfast,1,
3924,2025-12-03,breakfast,3,
3925,2025-12-03,breakfast,3,
3926,2025-12-03,breakfast,3,
3927,2025-12-03,breakfast,3,
3928,2025-12-03,breakfast,3,
3929,2025-12-03,breakfast,3,
3930,2025-12-03,breakfast,4,
3931,2025-12-03,breakfast,3,
3932,2025-12-03,lunch,4,tasty
3933,2025-12-03,lunch,4,fresh
3934,2025-12-03,lunch,4,
3935,2025-12-03,lunch,4,tasty
3936,2025-12-03,lunch,3,
3937,2025-12-03,lunch,5,
3938,2025-12-03,lunch,5,tasty
3939,2025-12-03,lunch,4,fresh
3940,2025-12-03,dinner,4,
3941,2025-12-03,dinner,5,tasty
3942,2025-12-03,dinner,5,good quantity
3943,2025-12-03,dinner,2,too oily
3944,2025-12-03,dinner,2,
3945,2025-12-03,dinner,4,good quantity
3946,2025-12-03,dinner,5,
3947,2025-12-03,dinner,5,fresh
3948,2025-12-03,dinner,5,fresh
3949,2025-12-03,dinner,3,
3950,2025-12-03,dinner,3,
3951,2025-12-03,dinner,4,good quantity
3952,2025-12-03,dinner,3,
3953,2025-12-03,dinner,4,good quantity
3954,2025-12-04,breakfast,3,
3955,2025-12-04,breakfast,4,tasty
3956,2025-12-04,breakfast,3,
3957,2025-12-04,breakfast,5,good quantity
3958,2025-12-04,breakfast,4,fresh
3959,2025-12-04,breakfast,5,fresh
3960,2025-12-04,breakfast,3,
3961,2025-12-04,breakfast,3,
3962,2025-12-04,breakfast,5,
3963,2025-12-04,breakfast,3,
3964,2025-12-04,breakfast,5,
3965,2025-12-04,breakfast,3,
3966,2025-12-04,breakfast,3,
3967,2025-12-04,breakfast,3,
3968,2025-12-04,breakfast,3,
3969,2025-12-04,lunch,3,
3970,2025-12-04,lunch,5,
3971,2025-12-04,lunch,4,
3972,2025-12-04,lunch,4,fresh
3973,2025-12-04,lunch,4,tasty
3974,2025-12-04,lunch,5,fresh
3975,2025-12-04,lunch,3,
3976,2025-12-04,lunch,3,
3977,2025-12-04,lunch,3,
3978,2025-12-04,lunch,2,cold food
3979,2025-12-04,lunch,4,good quantity
3980,2025-12-04,dinner,5,good quantity
3981,2025-12-04,dinner,3,
3982,2025-12-04,dinner,4,
3983,2025-12-04,dinner,4,
3984,2025-12-04,dinner,4,fresh
3985,2025-12-04,dinner,2,bland
3986,2025-12-04,dinner,5,tasty
3987,2025-12-04,dinner,4,good quantity
3988,2025-12-04,dinner,3,
3989,2025-12-04,dinner,5,
3990,2025-12-04,dinner,3,
3991,2025-12-04,dinner,5,
3992,2025-12-04,dinner,1,undercooked
3993,2025-12-04,dinner,3,
3994,2025-12-04,dinner,4,
3995,2025-12-05,breakfast,4,
3996,2025-12-05,breakfast,3,
3997,2025-12-05,breakfast,5,tasty
3998,2025-12-05,breakfast,2,undercooked
3999,2025-12-05,breakfast,1,cold food
4000,2025-12-05,breakfast,3,
4001,2025-12-05,breakfast,2,cold food
4002,2025-12-05,breakfast,4,fresh
4003,2025-12-05,lunch,4,
4004,2025-12-05,lunch,3,
4005,2025-12-05,lunch,2,undercooked
4006,2025-12-05,lunch,1,
4007,2025-12-05,lunch,1,undercooked
4008,2025-12-05,lunch,4,tasty
4009,2025-12-05,lunch,2,repetitive menu
4010,2025-12-05,dinner,5,tasty
4011,2025-12-05,dinner,5,
4012,2025-12-05,dinner,5,tasty
4013,2025-12-05,dinner,3,
4014,2025-12-05,dinner,5,
4015,2025-12-05,dinner,5,
4016,2025-12-05,dinner,4,good quantity
4017,2025-12-05,dinner,5,fresh
4018,2025-12-06,breakfast,5,
4019,2025-12-06,breakfast,5,
4020,2025-12-06,breakfast,3,
4021,2025-12-06,breakfast,5,tasty
4022,2025-12-06,breakfast,4,
4023,2025-12-06,breakfast,5,tasty
4024,2025-12-06,breakfast,4,
4025,2025-12-06,breakfast,4,
4026,2025-12-06,breakfast,5,
4027,2025-12-06,lunch,4,
4028,2025-12-06,lunch,4,
4029,2025-12-06,lunch,4,tasty
4030,2025-12-06,lunch,5,fresh
4031,2025-12-06,lunch,3,
4032,2025-12-06,lunch,3,
4033,2025-12-06,lunch,5,fresh
4034,2025-12-06,lunch,3,
4035,2025-12-06,lunch,5,good quantity
4036,2025-12-06,lunch,5,
4037,2025-12-06,lunch,4,good quantity
4038,2025-12-06,lunch,4,tasty
4039,2025-12-06,lunch,4,
4040,2025-12-06,lunch,3,
4041,2025-12-06,dinner,5,tasty
4042,2025-12-06,dinner,5,
4043,2025-12-06,dinner,4,good quantity
4044,2025-12-06,dinner,5,
4045,2025-12-06,dinner,4,
4046,2025-12-06,dinner,5,
4047,2025-12-06,dinner,5,
4048,2025-12-06,dinner,4,
4049,2025-12-06,dinner,4,fresh
4050,2025-12-06,dinner,5,good quantity
4051,2025-12-06,dinner,5,fresh
4052,2025-12-06,dinner,4,tasty
4053,2025-12-07,breakfast,5,
4054,2025-12-07,breakfast,4,fresh
4055,2025-12-07,breakfast,3,
4056,2025-12-07,breakfast,5,tasty
4057,2025-12-07,breakfast,5,
4058,2025-12-07,breakfast,5,
4059,2025-12-07,breakfast,3,
4060,2025-12-07,lunch,4,tasty
4061,2025-12-07,lunch,4,fresh
4062,2025-12-07,lunch,4,
4063,2025-12-07,lunch,5,
4064,2025-12-07,lunch,4,
4065,2025-12-07,lunch,4,
4066,2025-12-07,lunch,5,good quantity
4067,2025-12-07,lunch,5,fresh
4068,2025-12-07,lunch,4,
4069,2025-12-07,lunch,4,
4070,2025-12-07,lunch,4,
4071,2025-12-07,lunch,3,
4072,2025-12-07,dinner,2,bland
4073,2025-12-07,dinner,4,fresh
4074,2025-12-07,dinner,5,
4075,2025-12-07,dinner,2,undercooked
4076,2025-12-07,dinner,3,
4077,2025-12-07,dinner,2,undercooked
4078,2025-12-07,dinner,3,
4079,2025-12-07,dinner,2,
4080,2025-12-07,dinner,2,
4081,2025-12-07,dinner,2,bland
4082,2025-12-07,dinner,4,
4083,2025-12-07,dinner,4,fresh
4084,2025-12-07,dinner,3,
4085,2025-12-07,dinner,3,
4086,2025-12-07,dinner,3,
4087,2025-12-08,breakfast,4,good quantity
4088,2025-12-08,breakfast,5,fresh
4089,2025-12-08,breakfast,5,
4090,2025-12-08,breakfast,5,
4091,2025-12-08,breakfast,5,fresh
4092,2025-12-08,breakfast,5,
4093,2025-12-08,breakfast,4,
4094,2025-12-08,breakfast,5,tasty
4095,2025-12-08,breakfast,4,
4096,2025-12-08,breakfast,5,good quantity
4097,2025-12-08,breakfast,5,
4098,2025-12-08,breakfast,4,
4099,2025-12-08,breakfast,4,tasty
4100,2025-12-08,lunch,2,repetitive menu
4101,2025-12-08,lunch,3,
4102,2025-12-08,lunch,2,cold food
4103,2025-12-08,lunch,3,
4104,2025-12-08,lunch,3,
4105,2025-12-08,lunch,3,
4106,2025-12-08,lunch,3,
4107,2025-12-08,lunch,3,
4108,2025-12-08,lunch,3,
4109,2025-12-08,lunch,3,
4110,2025-12-08,lunch,4,
4111,2025-12-08,lunch,3,
4112,2025-12-08,lunch,2,bland
4113,2025-12-08,dinner,4,tasty
4114,2025-12-08,dinner,4,
4115,2025-12-08,dinner,3,
4116,2025-12-08,dinner,5,
4117,2025-12-08,dinner,4,
4118,2025-12-08,dinner,4,
4119,2025-12-08,dinner,3,
4120,2025-12-08,dinner,2,
4121,2025-12-08,dinner,3,
4122,2025-12-08,dinner,4,
4123,2025-12-09,breakfast,3,
4124,2025-12-09,breakfast,3,
4125,2025-12-09,breakfast,2,cold food
4126,2025-12-09,breakfast,4,good quantity
4127,2025-12-09,breakfast,4,
4128,2025-12-09,breakfast,4,good quantity
4129,2025-12-09,breakfast,3,
4130,2025-12-09,breakfast,4,tasty
4131,2025-12-09,breakfast,3,
4132,2025-12-09,breakfast,3,
4133,2025-12-09,breakfast,4,
4134,2025-12-09,breakfast,3,
4135,2025-12-09,breakfast,4,good quantity
4136,2025-12-09,breakfast,3,
4137,2025-12-09,lunch,5,tasty
4138,2025-12-09,lunch,5,fresh
4139,2025-12-09,lunch,5,
4140,2025-12-09,lunch,5,fresh
4141,2025-12-09,lunch,5,tasty
4142,2025-12-09,lunch,5,
4143,2025-12-09,lunch,5,
4144,2025-12-09,lunch,5,
4145,2025-12-09,lunch,5,good quantity
4146,2025-12-09,lunch,5,tasty
4147,2025-12-09,lunch,4,good quantity
4148,2025-12-09,lunch,4,tasty
4149,2025-12-09,dinner,4,tasty
4150,2025-12-09,dinner,5,fresh
4151,2025-12-09,dinner,5,tasty
4152,2025-12-09,dinner,5,tasty
4153,2025-12-09,dinner,4,
4154,2025-12-09,dinner,5,
4155,2025-12-09,dinner,4,fresh
4156,2025-12-09,dinner,3,
4157,2025-12-09,dinner,3,
4158,2025-12-09,dinner,4,
4159,2025-12-09,dinner,4,fresh
4160,2025-12-09,dinner,4,
4161,2025-12-09,dinner,3,
4162,2025-12-10,breakfast,4,good quantity
4163,2025-12-10,breakfast,4,tasty
4164,2025-12-10,breakfast,4,fresh
4165,2025-12-10,breakfast,3,
4166,2025-12-10,breakfast,4,
4167,2025-12-10,breakfast,4,fresh
4168,2025-12-10,breakfast,4,
4169,2025-12-10,breakfast,5,tasty
4170,2025-12-10,lunch,4,good quantity
4171,2025-12-10,lunch,4,tasty
4172,2025-12-10,lunch,4,tasty
4173,2025-12-10,lunch,3,
4174,2025-12-10,lunch,5,tasty
4175,2025-12-10,lunch,5,
4176,2025-12-10,lunch,5,
4177,2025-12-10,lunch,5,good quantity
4178,2025-12-10,lunch,3,
4179,2025-12-10,lunch,5,tasty
4180,2025-12-10,lunch,4,good quantity
4181,2025-12-10,lunch,5,
4182,2025-12-10,dinner,3,
4183,2025-12-10,dinner,3,
4184,2025-12-10,dinner,4,tasty
4185,2025-12-10,dinner,3,
4186,2025-12-10,dinner,3,
4187,2025-12-10,dinner,4,
4188,2025-12-10,dinner,3,
4189,2025-12-10,dinner,4,good quantity
4190,2025-12-10,dinner,4,tasty
4191,2025-12-10,dinner,4,tasty
4192,2025-12-10,dinner,5,good quantity
4193,2025-12-11,breakfast,4,good quantity
4194,2025-12-11,breakfast,3,
4195,2025-12-11,breakfast,3,
4196,2025-12-11,breakfast,2,cold food
4197,2025-12-11,breakfast,2,
4198,2025-12-11,breakfast,4,
4199,2025-12-11,breakfast,4,
4200,2025-12-11,lunch,3,
4201,2025-12-11,lunch,5,tasty
4202,2025-12-11,lunch,3,
4203,2025-12-11,lunch,4,good quantity
4204,2025-12-11,lunch,5,fresh
4205,2025-12-11,lunch,3,
4206,2025-12-11,lunch,4,good quantity
4207,2025-12-11,lunch,4,tasty
4208,2025-12-11,lunch,4,good quantity
4209,2025-12-11,lunch,4,fresh
4210,2025-12-11,lunch,2,
4211,2025-12-11,lunch,3,
4212,2025-12-11,lunch,5,fresh
4213,2025-12-11,dinner,3,
4214,2025-12-11,dinner,3,
4215,2025-12-11,dinner,3,
4216,2025-12-11,dinner,2,
4217,2025-12-11,dinner,3,
4218,2025-12-11,dinner,3,
4219,2025-12-11,dinner,4,good quantity
4220,2025-12-11,dinner,3,
4221,2025-12-12,breakfast,5,
4222,2025-12-12,breakfast,3,
4223,2025-12-12,breakfast,4,
4224,2025-12-12,breakfast,5,good quantity
4225,2025-12-12,breakfast,3,
4226,2025-12-12,breakfast,3,
4227,2025-12-12,breakfast,4,tasty
4228,2025-12-12,lunch,3,
4229,2025-12-12,lunch,5,tasty
4230,2025-12-12,lunch,3,
4231,2025-12-12,lunch,5,tasty
4232,2025-12-12,lunch,3,
4233,2025-12-12,lunch,5,tasty
4234,2025-12-12,lunch,3,
4235,2025-12-12,lunch,5,tasty
4236,2025-12-12,lunch,5,tasty
4237,2025-12-12,lunch,2,undercooked
4238,2025-12-12,lunch,4,tasty
4239,2025-12-12,lunch,4,good quantity
4240,2025-12-12,lunch,4,tasty
4241,2025-12-12,lunch,4,good quantity
4242,2025-12-12,lunch,4,
4243,2025-12-12,lunch,4,fresh
4244,2025-12-12,dinner,3,
4245,2025-12-12,dinner,5,good quantity
4246,2025-12-12,dinner,2,too oily
4247,2025-12-12,dinner,5,fresh
4248,2025-12-12,dinner,4,tasty
4249,2025-12-12,dinner,4,good quantity
4250,2025-12-12,dinner,4,tasty
4251,2025-12-12,dinner,4,tasty
4252,2025-12-12,dinner,5,
4253,2025-12-12,dinner,5,tasty
4254,2025-12-12,dinner,4,fresh
4255,2025-12-12,dinner,4,
4256,2025-12-13,breakfast,2,
4257,2025-12-13,lunch,4,
4258,2025-12-13,lunch,4,good quantity
4259,2025-12-13,lunch,4,good quantity
4260,2025-12-13,lunch,4,
4261,2025-12-13,lunch,4,
4262,2025-12-13,lunch,3,
4263,2025-12-13,lunch,5,
4264,2025-12-13,lunch,4,tasty
4265,2025-12-13,lunch,3,
4266,2025-12-13,lunch,4,good quantity
4267,2025-12-13,lunch,4,good quantity
4268,2025-12-13,lunch,4,fresh
4269,2025-12-13,dinner,4,tasty
4270,2025-12-13,dinner,3,
4271,2025-12-13,dinner,4,good quantity
4272,2025-12-13,dinner,3,
4273,2025-12-13,dinner,5,tasty
4274,2025-12-13,dinner,4,good quantity
4275,2025-12-13,dinner,4,tasty
4276,2025-12-13,dinner,5,tasty
4277,2025-12-13,dinner,3,
4278,2025-12-13,dinner,4,good quantity
4279,2025-12-14,breakfast,5,fresh
4280,2025-12-14,lunch,3,
4281,2025-12-14,lunch,3,
4282,2025-12-14,lunch,4,fresh
4283,2025-12-14,lunch,3,
4284,2025-12-14,lunch,4,fresh
4285,2025-12-14,lunch,2,cold food
4286,2025-12-14,lunch,3,
4287,2025-12-14,lunch,4,tasty
4288,2025-12-14,lunch,4,good quantity
4289,2025-12-14,lunch,3,
4290,2025-12-14,lunch,3,
4291,2025-12-14,lunch,3,
4292,2025-12-14,lunch,2,repetitive menu
4293,2025-12-14,lunch,3,
4294,2025-12-14,dinner,3,
4295,2025-12-14,dinner,5,fresh
4296,2025-12-14,dinner,3,
4297,2025-12-14,dinner,4,
4298,2025-12-14,dinner,4,tasty
4299,2025-12-14,dinner,4,
4300,2025-12-14,dinner,3,
4301,2025-12-15,breakfast,5,
4302,2025-12-15,breakfast,5,good quantity
4303,2025-12-15,breakfast,3,
4304,2025-12-15,breakfast,5,fresh
4305,2025-12-15,breakfast,5,fresh
4306,2025-12-15,breakfast,5,good quantity
4307,2025-12-15,breakfast,5,
4308,2025-12-15,breakfast,3,
4309,2025-12-15,breakfast,3,
4310,2025-12-15,breakfast,5,fresh
4311,2025-12-15,breakfast,5,good quantity
4312,2025-12-15,breakfast,5,
4313,2025-12-15,breakfast,5,fresh
4314,2025-12-15,breakfast,5,fresh
4315,2025-12-15,breakfast,5,good quantity
4316,2025-12-15,breakfast,5,
4317,2025-12-15,lunch,3,
4318,2025-12-15,lunch,4,good quantity
4319,2025-12-15,lunch,4,fresh
4320,2025-12-15,lunch,3,
4321,2025-12-15,lunch,3,
4322,2025-12-15,lunch,4,good quantity
4323,2025-12-15,lunch,2,repetitive menu
4324,2025-12-15,lunch,3,
4325,2025-12-15,lunch,4,
4326,2025-12-15,lunch,2,too oily
4327,2025-12-15,lunch,4,
4328,2025-12-15,dinner,5,good quantity
4329,2025-12-15,dinner,5,tasty
4330,2025-12-15,dinner,5,good quantity
4331,2025-12-15,dinner,4,fresh
4332,2025-12-15,dinner,5,
4333,2025-12-15,dinner,5,
4334,2025-12-15,dinner,5,fresh
4335,2025-12-15,dinner,3,
4336,2025-12-15,dinner,5,fresh
4337,2025-12-15,dinner,5,
4338,2025-12-15,dinner,5,tasty
4339,2025-12-15,dinner,4,
4340,2025-12-15,dinner,5,tasty
4341,2025-12-15,dinner,5,good quantity
4342,2025-12-15,dinner,4,
4343,2025-12-16,breakfast,5,
4344,2025-12-16,breakfast,4,good quantity
4345,2025-12-16,breakfast,5,good quantity
4346,2025-12-16,breakfast,5,good quantity
4347,2025-12-16,breakfast,4,
4348,2025-12-16,breakfast,5,tasty
4349,2025-12-16,breakfast,4,tasty
4350,2025-12-16,breakfast,4,fresh
4351,2025-12-16,breakfast,5,
4352,2025-12-16,breakfast,5,good quantity
4353,2025-12-16,breakfast,5,tasty
4354,2025-12-16,breakfast,5,fresh
4355,2025-12-16,lunch,5,tasty
4356,2025-12-16,lunch,4,
4357,2025-12-16,lunch,3,
4358,2025-12-16,lunch,4,
4359,2025-12-16,lunch,4,good quantity
4360,2025-12-16,lunch,3,
4361,2025-12-16,lunch,5,
4362,2025-12-16,lunch,4,
4363,2025-12-16,dinner,4,
4364,2025-12-16,dinner,3,
4365,2025-12-16,dinner,5,
4366,2025-12-16,dinner,5,fresh
4367,2025-12-16,dinner,4,fresh
4368,2025-12-17,breakfast,3,
4369,2025-12-17,breakfast,3,
4370,2025-12-17,breakfast,5,good quantity
4371,2025-12-17,breakfast,4,good quantity
4372,2025-12-17,lunch,4,fresh
4373,2025-12-17,lunch,2,
4374,2025-12-17,lunch,4,tasty
4375,2025-12-17,lunch,4,
4376,2025-12-17,lunch,4,fresh
4377,2025-12-17,lunch,3,
4378,2025-12-17,lunch,3,
4379,2025-12-17,lunch,3,
4380,2025-12-17,lunch,4,tasty
4381,2025-12-17,lunch,4,fresh
4382,2025-12-17,lunch,3,
4383,2025-12-17,dinner,4,good quantity
4384,2025-12-17,dinner,3,
4385,2025-12-17,dinner,4,
4386,2025-12-17,dinner,3,
4387,2025-12-17,dinner,5,
4388,2025-12-17,dinner,4,
4389,2025-12-17,dinner,3,
4390,2025-12-17,dinner,3,
4391,2025-12-17,dinner,2,too oily
4392,2025-12-17,dinner,4,fresh
4393,2025-12-17,dinner,2,repetitive menu
4394,2025-12-18,breakfast,5,fresh
4395,2025-12-18,breakfast,4,fresh
4396,2025-12-18,breakfast,2,
4397,2025-12-18,breakfast,5,
4398,2025-12-18,breakfast,5,
4399,2025-12-18,breakfast,3,
4400,2025-12-18,breakfast,4,fresh
4401,2025-12-18,breakfast,3,
4402,2025-12-18,breakfast,4,good quantity
4403,2025-12-18,breakfast,4,good quantity
4404,2025-12-18,lunch,2,
4405,2025-12-18,lunch,1,
4406,2025-12-18,lunch,4,tasty
4407,2025-12-18,lunch,3,
4408,2025-12-18,lunch,4,tasty
4409,2025-12-18,lunch,2,cold food
4410,2025-12-18,lunch,3,
4411,2025-12-18,lunch,4,
4412,2025-12-18,dinner,4,tasty
4413,2025-12-18,dinner,5,
4414,2025-12-18,dinner,5,
4415,2025-12-18,dinner,3,
4416,2025-12-18,dinner,4,
4417,2025-12-18,dinner,4,
4418,2025-12-18,dinner,5,tasty
4419,2025-12-18,dinner,5,good quantity
4420,2025-12-18,dinner,5,good quantity
4421,2025-12-18,dinner,5,fresh
4422,2025-12-19,breakfast,3,
4423,2025-12-19,breakfast,5,tasty
4424,2025-12-19,breakfast,5,
4425,2025-12-19,breakfast,4,
4426,2025-12-19,breakfast,4,tasty
4427,2025-12-19,breakfast,3,
4428,2025-12-19,breakfast,2,undercooked
4429,2025-12-19,breakfast,5,
4430,2025-12-19,breakfast,5,
4431,2025-12-19,lunch,5,fresh
4432,2025-12-19,lunch,4,
4433,2025-12-19,lunch,4,
4434,2025-12-19,lunch,4,good quantity
4435,2025-12-19,lunch,3,
4436,2025-12-19,lunch,3,
4437,2025-12-19,lunch,4,
4438,2025-12-19,lunch,4,fresh
4439,2025-12-19,lunch,4,good quantity
4440,2025-12-19,lunch,3,
4441,2025-12-19,lunch,5,good quantity
4442,2025-12-19,lunch,3,
4443,2025-12-19,dinner,4,
4444,2025-12-19,dinner,4,fresh
4445,2025-12-19,dinner,5,tasty
4446,2025-12-19,dinner,5,tasty
4447,2025-12-19,dinner,3,
4448,2025-12-19,dinner,4,good quantity
4449,2025-12-19,dinner,4,good quantity
4450,2025-12-19,dinner,5,good quantity
4451,2025-12-19,dinner,4,
4452,2025-12-19,dinner,4,good quantity
4453,2025-12-19,dinner,5,tasty
4454,2025-12-19,dinner,4,tasty
4455,2025-12-19,dinner,4,tasty
4456,2025-12-19,dinner,4,tasty
4457,2025-12-19,dinner,4,
4458,2025-12-19,dinner,4,tasty
4459,2025-12-19,dinner,2,undercooked
4460,2025-12-19,dinner,3,
4461,2025-12-19,dinner,5,
4462,2026-01-05,breakfast,3,
4463,2026-01-05,breakfast,4,
4464,2026-01-05,breakfast,4,good quantity
4465,2026-01-05,breakfast,5,fresh
4466,2026-01-05,breakfast,2,too oily
4467,2026-01-05,breakfast,4,tasty
4468,2026-01-05,lunch,5,good quantity
4469,2026-01-05,lunch,5,
4470,2026-01-05,lunch,4,fresh
4471,2026-01-05,lunch,3,
4472,2026-01-05,lunch,4,
4473,2026-01-05,lunch,5,
4474,2026-01-05,lunch,5,fresh
4475,2026-01-05,lunch,4,tasty
4476,2026-01-05,lunch,4,tasty
4477,2026-01-05,lunch,5,tasty
4478,2026-01-05,dinner,3,
4479,2026-01-05,dinner,4,
4480,2026-01-05,dinner,2,bland
4481,2026-01-05,dinner,4,fresh
4482,2026-01-05,dinner,3,
4483,2026-01-05,dinner,4,good quantity
4484,2026-01-05,dinner,4,
4485,2026-01-05,dinner,4,fresh
4486,2026-01-05,dinner,5,fresh
4487,2026-01-06,breakfast,4,fresh
4488,2026-01-06,breakfast,3,
4489,2026-01-06,breakfast,2,cold food
4490,2026-01-06,breakfast,4,good quantity
4491,2026-01-06,breakfast,3,
4492,2026-01-06,breakfast,3,
4493,2026-01-06,lunch,5,good quantity
4494,2026-01-06,lunch,2,repetitive menu
4495,2026-01-06,lunch,4,
4496,2026-01-06,lunch,4,
4497,2026-01-06,lunch,3,
4498,2026-01-06,lunch,3,
4499,2026-01-06,lunch,2,
4500,2026-01-06,lunch,4,
4501,2026-01-06,lunch,3,
4502,2026-01-06,lunch,3,
4503,2026-01-06,lunch,3,
4504,2026-01-06,lunch,3,
4505,2026-01-06,lunch,4,tasty
4506,2026-01-06,lunch,2,repetitive menu
4507,2026-01-06,lunch,3,
4508,2026-01-06,lunch,4,
4509,2026-01-06,dinner,4,
4510,2026-01-06,dinner,2,
4511,2026-01-06,dinner,4,
4512,2026-01-06,dinner,3,
4513,2026-01-06,dinner,2,undercooked
4514,2026-01-06,dinner,2,too oily
4515,2026-01-06,dinner,3,
4516,2026-01-06,dinner,2,too oily
4517,2026-01-06,dinner,3,
4518,2026-01-06,dinner,3,
4519,2026-01-06,dinner,4,
4520,2026-01-06,dinner,2,cold food
4521,2026-01-07,breakfast,5,good quantity
4522,2026-01-07,breakfast,4,fresh
4523,2026-01-07,breakfast,3,
4524,2026-01-07,breakfast,5,tasty
4525,2026-01-07,breakfast,4,
4526,2026-01-07,breakfast,4,
4527,2026-01-07,lunch,4,good quantity
4528,2026-01-07,lunch,5,fresh
4529,2026-01-07,lunch,5,fresh
4530,2026-01-07,lunch,5,fresh
4531,2026-01-07,lunch,4,tasty
4532,2026-01-07,lunch,5,fresh
4533,2026-01-07,lunch,5,fresh
4534,2026-01-07,lunch,5,
4535,2026-01-07,lunch,3,
4536,2026-01-07,lunch,4,
4537,2026-01-07,lunch,4,tasty
4538,2026-01-07,lunch,5,fresh
4539,2026-01-07,lunch,5,
4540,2026-01-07,dinner,5,fresh
4541,2026-01-07,dinner,5,good quantity
4542,2026-01-07,dinner,4,
4543,2026-01-07,dinner,4,fresh
4544,2026-01-07,dinner,5,
4545,2026-01-07,dinner,4,good quantity
4546,2026-01-07,dinner,4,
4547,2026-01-07,dinner,5,tasty
4548,2026-01-07,dinner,5,tasty
4549,2026-01-07,dinner,4,tasty
4550,2026-01-07,dinner,5,
4551,2026-01-07,dinner,4,tasty
4552,2026-01-07,dinner,5,tasty
4553,2026-01-08,breakfast,5,good quantity
4554,2026-01-08,breakfast,4,tasty
4555,2026-01-08,breakfast,4,
4556,2026-01-08,breakfast,3,
4557,2026-01-08,lunch,4,
4558,2026-01-08,lunch,3,
4559,2026-01-08,lunch,5,
4560,2026-01-08,lunch,3,
4561,2026-01-08,lunch,4,tasty
4562,2026-01-08,lunch,5,fresh
4563,2026-01-08,lunch,5,good quantity
4564,2026-01-08,lunch,5,tasty
4565,2026-01-08,lunch,5,
4566,2026-01-08,lunch,3,
4567,2026-01-08,dinner,3,
4568,2026-01-08,dinner,4,good quantity
4569,2026-01-08,dinner,4,
4570,2026-01-08,dinner,3,
4571,2026-01-08,dinner,5,good quantity
4572,2026-01-08,dinner,4,tasty
4573,2026-01-08,dinner,3,
4574,2026-01-08,dinner,5,tasty
4575,2026-01-08,dinner,4,
4576,2026-01-08,dinner,3,
4577,2026-01-08,dinner,5,
4578,2026-01-09,breakfast,5,tasty
4579,2026-01-09,breakfast,3,
4580,2026-01-09,breakfast,3,
4581,2026-01-09,breakfast,4,good quantity
4582,2026-01-09,breakfast,5,
4583,2026-01-09,breakfast,5,fresh
4584,2026-01-09,breakfast,3,
4585,2026-01-09,breakfast,4,good quantity
4586,2026-01-09,breakfast,3,
4587,2026-01-09,breakfast,3,
4588,2026-01-09,lunch,3,
4589,2026-01-09,lunch,4,fresh
4590,2026-01-09,lunch,3,
4591,2026-01-09,lunch,4,good quantity
4592,2026-01-09,lunch,4,
4593,2026-01-09,dinner,3,
4594,2026-01-09,dinner,3,
4595,2026-01-09,dinner,2,repetitive menu
4596,2026-01-09,dinner,1,undercooked
4597,2026-01-09,dinner,3,
4598,2026-01-09,dinner,4,fresh
4599,2026-01-09,dinner,3,
4600,2026-01-09,dinner,3,
4601,2026-01-10,breakfast,2,
4602,2026-01-10,breakfast,4,
4603,2026-01-10,lunch,5,tasty
4604,2026-01-10,lunch,5,good quantity
4605,2026-01-10,lunch,3,
4606,2026-01-10,lunch,4,
4607,2026-01-10,lunch,5,fresh
4608,2026-01-10,dinner,4,fresh
4609,2026-01-10,dinner,3,
4610,2026-01-10,dinner,4,fresh
4611,2026-01-10,dinner,4,
4612,2026-01-10,dinner,5,
4613,2026-01-10,dinner,4,
4614,2026-01-10,dinner,2,too oily
4615,2026-01-10,dinner,4,
4616,2026-01-10,dinner,5,
4617,2026-01-10,dinner,4,
4618,2026-01-11,breakfast,4,
4619,2026-01-11,breakfast,5,tasty
4620,2026-01-11,breakfast,4,good quantity
4621,2026-01-11,breakfast,5,fresh
4622,2026-01-11,breakfast,4,tasty
4623,2026-01-11,lunch,5,
4624,2026-01-11,lunch,5,good quantity
4625,2026-01-11,lunch,5,tasty
4626,2026-01-11,lunch,4,
4627,2026-01-11,lunch,5,fresh
4628,2026-01-11,lunch,4,tasty
4629,2026-01-11,lunch,4,
4630,2026-01-11,lunch,5,
4631,2026-01-11,lunch,4,good quantity
4632,2026-01-11,lunch,4,tasty
4633,2026-01-11,dinner,4,
4634,2026-01-11,dinner,4,
4635,2026-01-11,dinner,3,
4636,2026-01-11,dinner,3,
4637,2026-01-11,dinner,4,tasty
4638,2026-01-11,dinner,5,
4639,2026-01-12,breakfast,3,
4640,2026-01-12,breakfast,4,fresh
4641,2026-01-12,breakfast,3,
4642,2026-01-12,breakfast,2,
4643,2026-01-12,breakfast,3,
4644,2026-01-12,breakfast,4,good quantity
4645,2026-01-12,breakfast,3,
4646,2026-01-12,breakfast,5,
4647,2026-01-12,breakfast,3,
4648,2026-01-12,breakfast,4,tasty
4649,2026-01-12,breakfast,3,
4650,2026-01-12,lunch,2,
4651,2026-01-12,lunch,4,good quantity
4652,2026-01-12,lunch,3,
4653,2026-01-12,lunch,2,cold food
4654,2026-01-12,lunch,3,
4655,2026-01-12,lunch,3,
4656,2026-01-12,lunch,2,
4657,2026-01-12,lunch,2,undercooked
4658,2026-01-12,lunch,3,
4659,2026-01-12,lunch,2,
4660,2026-01-12,dinner,3,
4661,2026-01-12,dinner,4,
4662,2026-01-12,dinner,4,fresh
4663,2026-01-12,dinner,4,tasty
4664,2026-01-12,dinner,4,tasty
4665,2026-01-12,dinner,4,good quantity
4666,2026-01-12,dinner,3,
4667,2026-01-12,dinner,3,
4668,2026-01-12,dinner,3,
4669,2026-01-12,dinner,3,
4670,2026-01-12,dinner,4,
4671,2026-01-12,dinner,4,fresh
4672,2026-01-12,dinner,2,
4673,2026-01-13,breakfast,3,
4674,2026-01-13,breakfast,2,
4675,2026-01-13,breakfast,4,tasty
4676,2026-01-13,breakfast,2,too oily
4677,2026-01-13,breakfast,3,
4678,2026-01-13,breakfast,3,
4679,2026-01-13,breakfast,3,
4680,2026-01-13,breakfast,2,too oily
4681,2026-01-13,breakfast,1,
4682,2026-01-13,breakfast,3,
4683,2026-01-13,lunch,3,
4684,2026-01-13,lunch,4,
4685,2026-01-13,lunch,3,
4686,2026-01-13,lunch,3,
4687,2026-01-13,lunch,3,
4688,2026-01-13,lunch,3,
4689,2026-01-13,lunch,4,fresh
4690,2026-01-13,lunch,5,fresh
4691,2026-01-13,lunch,4,
4692,2026-01-13,dinner,4,tasty
4693,2026-01-13,dinner,4,tasty
4694,2026-01-13,dinner,4,
4695,2026-01-13,dinner,4,
4696,2026-01-13,dinner,4,good quantity
4697,2026-01-13,dinner,5,tasty
4698,2026-01-13,dinner,4,
4699,2026-01-13,dinner,2,cold food
4700,2026-01-13,dinner,4,
4701,2026-01-13,dinner,2,bland
4702,2026-01-13,dinner,4,tasty
4703,2026-01-13,dinner,3,
4704,2026-01-13,dinner,4,
4705,2026-01-13,dinner,3,
4706,2026-01-14,breakfast,1,bland
4707,2026-01-14,breakfast,3,
4708,2026-01-14,breakfast,2,repetitive menu
4709,2026-01-14,breakfast,2,repetitive menu
4710,2026-01-14,breakfast,4,good quantity
4711,2026-01-14,breakfast,3,
4712,2026-01-14,breakfast,4,
4713,2026-01-14,lunch,5,fresh
4714,2026-01-14,lunch,4,
4715,2026-01-14,lunch,5,
4716,2026-01-14,lunch,5,
4717,2026-01-14,lunch,5,fresh
4718,2026-01-14,lunch,5,tasty
4719,2026-01-14,lunch,5,fresh
4720,2026-01-14,lunch,4,
4721,2026-01-14,lunch,5,tasty
4722,2026-01-14,lunch,5,
4723,2026-01-14,lunch,3,
4724,2026-01-14,lunch,4,good quantity
4725,2026-01-14,lunch,4,fresh
4726,2026-01-14,lunch,3,
4727,2026-01-14,lunch,4,
4728,2026-01-14,dinner,5,good quantity
4729,2026-01-14,dinner,5,fresh
4730,2026-01-14,dinner,2,undercooked
4731,2026-01-14,dinner,3,
4732,2026-01-14,dinner,4,
4733,2026-01-14,dinner,5,
4734,2026-01-14,dinner,4,
4735,2026-01-14,dinner,4,
4736,2026-01-14,dinner,4,fresh
4737,2026-01-14,dinner,4,
4738,2026-01-14,dinner,4,tasty
4739,2026-01-15,breakfast,5,
4740,2026-01-15,breakfast,5,
4741,2026-01-15,breakfast,4,tasty
4742,2026-01-15,breakfast,4,good quantity
4743,2026-01-15,lunch,2,cold food
4744,2026-01-15,lunch,5,
4745,2026-01-15,lunch,4,tasty
4746,2026-01-15,lunch,2,
4747,2026-01-15,lunch,3,
4748,2026-01-15,lunch,4,
4749,2026-01-15,lunch,4,good quantity
4750,2026-01-15,lunch,4,good quantity
4751,2026-01-15,lunch,5,
4752,2026-01-15,lunch,4,good quantity
4753,2026-01-15,lunch,5,
4754,2026-01-15,lunch,4,tasty
4755,2026-01-15,lunch,4,
4756,2026-01-15,lunch,4,fresh
4757,2026-01-15,dinner,3,
4758,2026-01-15,dinner,5,tasty
4759,2026-01-15,dinner,4,
4760,2026-01-15,dinner,3,
4761,2026-01-15,dinner,5,fresh
4762,2026-01-15,dinner,3,
4763,2026-01-15,dinner,3,
4764,2026-01-15,dinner,4,fresh
4765,2026-01-15,dinner,5,fresh
4766,2026-01-15,dinner,4,tasty
4767,2026-01-16,breakfast,5,good quantity
4768,2026-01-16,breakfast,5,
4769,2026-01-16,breakfast,4,tasty
4770,2026-01-16,breakfast,5,fresh
4771,2026-01-16,breakfast,3,
4772,2026-01-16,breakfast,5,
4773,2026-01-16,breakfast,5,fresh
4774,2026-01-16,breakfast,3,
4775,2026-01-16,lunch,2,repetitive menu
4776,2026-01-16,lunch,3,
4777,2026-01-16,lunch,3,
4778,2026-01-16,lunch,2,repetitive menu
4779,2026-01-16,lunch,2,
4780,2026-01-16,lunch,3,
4781,2026-01-16,lunch,3,
4782,2026-01-16,lunch,3,
4783,2026-01-16,lunch,3,
4784,2026-01-16,lunch,3,
4785,2026-01-16,lunch,2,
4786,2026-01-16,lunch,4,good quantity
4787,2026-01-16,lunch,3,
4788,2026-01-16,dinner,4,tasty
4789,2026-01-16,dinner,5,fresh
4790,2026-01-16,dinner,5,
4791,2026-01-16,dinner,5,fresh
4792,2026-01-16,dinner,5,good quantity
4793,2026-01-16,dinner,5,
4794,2026-01-16,dinner,4,good quantity
4795,2026-01-16,dinner,5,fresh
4796,2026-01-16,dinner,5,good quantity
4797,2026-01-16,dinner,5,
4798,2026-01-16,dinner,5,tasty
4799,2026-01-16,dinner,5,
4800,2026-01-16,dinner,5,good quantity
4801,2026-01-16,dinner,2,
4802,2026-01-16,dinner,4,
4803,2026-01-17,breakfast,5,tasty
4804,2026-01-17,breakfast,4,good quantity
4805,2026-01-17,breakfast,4,tasty
4806,2026-01-17,breakfast,4,good quantity
4807,2026-01-17,breakfast,3,
4808,2026-01-17,lunch,3,
4809,2026-01-17,lunch,5,good quantity
4810,2026-01-17,lunch,5,good quantity
4811,2026-01-17,lunch,5,
4812,2026-01-17,lunch,4,
4813,2026-01-17,lunch,5,good quantity
4814,2026-01-17,lunch,5,
4815,2026-01-17,dinner,3,
4816,2026-01-17,dinner,3,
4817,2026-01-17,dinner,5,good quantity
4818,2026-01-17,dinner,4,good quantity
4819,2026-01-17,dinner,5,tasty
4820,2026-01-17,dinner,4,fresh
4821,2026-01-17,dinner,5,
4822,2026-01-17,dinner,3,
4823,2026-01-17,dinner,4,
4824,2026-01-17,dinner,5,fresh
4825,2026-01-17,dinner,3,
4826,2026-01-18,breakfast,4,
4827,2026-01-18,breakfast,4,
4828,2026-01-18,breakfast,4,fresh
4829,2026-01-18,breakfast,3,
4830,2026-01-18,breakfast,4,fresh
4831,2026-01-18,lunch,4,good quantity
4832,2026-01-18,lunch,4,
4833,2026-01-18,lunch,3,
4834,2026-01-18,lunch,5,tasty
4835,2026-01-18,lunch,4,
4836,2026-01-18,lunch,4,
4837,2026-01-18,lunch,5,good quantity
4838,2026-01-18,lunch,4,tasty
4839,2026-01-18,lunch,3,
4840,2026-01-18,lunch,3,
4841,2026-01-18,lunch,5,
4842,2026-01-18,lunch,4,
4843,2026-01-18,lunch,3,
4844,2026-01-18,dinner,2,
4845,2026-01-18,dinner,4,
4846,2026-01-18,dinner,2,repetitive menu
4847,2026-01-18,dinner,5,fresh
4848,2026-01-18,dinner,4,fresh
4849,2026-01-19,breakfast,4,
4850,2026-01-19,breakfast,3,
4851,2026-01-19,breakfast,4,
4852,2026-01-19,breakfast,4,
4853,2026-01-19,breakfast,3,
4854,2026-01-19,breakfast,3,
4855,2026-01-19,lunch,2,undercooked
4856,2026-01-19,lunch,4,fresh
4857,2026-01-19,lunch,3,
4858,2026-01-19,lunch,4,good quantity
4859,2026-01-19,lunch,4,fresh
4860,2026-01-19,lunch,3,
4861,2026-01-19,lunch,4,
4862,2026-01-19,lunch,3,
4863,2026-01-19,lunch,4,
4864,2026-01-19,dinner,4,tasty
4865,2026-01-19,dinner,3,
4866,2026-01-19,dinner,4,
4867,2026-01-19,dinner,3,
4868,2026-01-19,dinner,4,
4869,2026-01-19,dinner,3,
4870,2026-01-19,dinner,5,
4871,2026-01-19,dinner,3,
4872,2026-01-19,dinner,4,good quantity
4873,2026-01-19,dinner,1,
4874,2026-01-19,dinner,2,
4875,2026-01-19,dinner,3,
4876,2026-01-19,dinner,3,
4877,2026-01-19,dinner,3,
4878,2026-01-19,dinner,3,
4879,2026-01-19,dinner,3,
4880,2026-01-19,dinner,3,
4881,2026-01-20,breakfast,4,
4882,2026-01-20,breakfast,2,
4883,2026-01-20,breakfast,3,
4884,2026-01-20,breakfast,3,
4885,2026-01-20,breakfast,2,cold food
4886,2026-01-20,breakfast,4,tasty
4887,2026-01-20,breakfast,3,
4888,2026-01-20,breakfast,3,
4889,2026-01-20,lunch,4,tasty
4890,2026-01-20,lunch,3,
4891,2026-01-20,lunch,3,
4892,2026-01-20,lunch,4,good quantity
4893,2026-01-20,lunch,4,good quantity
4894,2026-01-20,lunch,3,
4895,2026-01-20,lunch,5,
4896,2026-01-20,dinner,5,fresh
4897,2026-01-20,dinner,5,good quantity
4898,2026-01-20,dinner,3,
4899,2026-01-20,dinner,3,
4900,2026-01-20,dinner,3,
4901,2026-01-20,dinner,5,good quantity
4902,2026-01-20,dinner,5,tasty
4903,2026-01-20,dinner,5,fresh
4904,2026-01-20,dinner,4,
4905,2026-01-20,dinner,3,
4906,2026-01-20,dinner,5,
4907,2026-01-20,dinner,3,
4908,2026-01-20,dinner,4,
4909,2026-01-20,dinner,5,good quantity
4910,2026-01-20,dinner,4,good quantity
4911,2026-01-21,breakfast,4,
4912,2026-01-21,breakfast,4,good quantity
4913,2026-01-21,breakfast,4,
4914,2026-01-21,breakfast,4,fresh
4915,2026-01-21,breakfast,4,
4916,2026-01-21,breakfast,5,tasty
4917,2026-01-21,lunch,5,tasty
4918,2026-01-21,lunch,4,
4919,2026-01-21,lunch,5,
4920,2026-01-21,lunch,4,
4921,2026-01-21,lunch,4,
4922,2026-01-21,lunch,5,
4923,2026-01-21,lunch,5,
4924,2026-01-21,lunch,5,tasty
4925,2026-01-21,lunch,5,
4926,2026-01-21,lunch,5,
4927,2026-01-21,lunch,4,fresh
4928,2026-01-21,lunch,4,fresh
4929,2026-01-21,lunch,4,fresh
4930,2026-01-21,lunch,4,tasty
4931,2026-01-21,dinner,5,tasty
4932,2026-01-21,dinner,4,good quantity
4933,2026-01-21,dinner,5,
4934,2026-01-21,dinner,4,
4935,2026-01-21,dinner,4,fresh
4936,2026-01-21,dinner,4,
4937,2026-01-21,dinner,3,
4938,2026-01-21,dinner,3,
4939,2026-01-21,dinner,4,fresh
4940,2026-01-22,breakfast,3,
4941,2026-01-22,breakfast,3,
4942,2026-01-22,breakfast,2,repetitive menu
4943,2026-01-22,breakfast,3,
4944,2026-01-22,breakfast,3,
4945,2026-01-22,breakfast,2,cold food
4946,2026-01-22,lunch,4,fresh
4947,2026-01-22,lunch,3,
4948,2026-01-22,lunch,5,tasty
4949,2026-01-22,lunch,4,
4950,2026-01-22,lunch,5,fresh
4951,2026-01-22,lunch,4,
4952,2026-01-22,lunch,4,good quantity
4953,2026-01-22,lunch,4,fresh
4954,2026-01-22,lunch,2,bland
4955,2026-01-22,lunch,5,
4956,2026-01-22,dinner,2,too oily
4957,2026-01-22,dinner,2,too oily
4958,2026-01-22,dinner,3,
4959,2026-01-22,dinner,2,
4960,2026-01-22,dinner,4,
4961,2026-01-22,dinner,2,repetitive menu
4962,2026-01-22,dinner,2,
4963,2026-01-22,dinner,3,
4964,2026-01-22,dinner,3,
4965,2026-01-22,dinner,4,good quantity
4966,2026-01-22,dinner,3,
4967,2026-01-22,dinner,2,
4968,2026-01-23,breakfast,3,
4969,2026-01-23,breakfast,5,
4970,2026-01-23,breakfast,4,fresh
4971,2026-01-23,breakfast,2,
4972,2026-01-23,breakfast,4,
4973,2026-01-23,breakfast,4,good quantity
4974,2026-01-23,breakfast,3,
4975,2026-01-23,lunch,4,tasty
4976,2026-01-23,lunch,3,
4977,2026-01-23,lunch,4,fresh
4978,2026-01-23,lunch,4,
4979,2026-01-23,lunch,4,good quantity
4980,2026-01-23,lunch,4,
4981,2026-01-23,lunch,4,fresh
4982,2026-01-23,lunch,4,
4983,2026-01-23,lunch,4,tasty
4984,2026-01-23,lunch,4,
4985,2026-01-23,lunch,5,good quantity
4986,2026-01-23,lunch,5,fresh
4987,2026-01-23,lunch,3,
4988,2026-01-23,lunch,5,
4989,2026-01-23,lunch,5,tasty
4990,2026-01-23,dinner,5,
4991,2026-01-23,dinner,4,fresh
4992,2026-01-23,dinner,4,
4993,2026-01-23,dinner,3,
4994,2026-01-23,dinner,4,fresh
4995,2026-01-23,dinner,3,
4996,2026-01-23,dinner,3,
4997,2026-01-23,dinner,5,
4998,2026-01-23,dinner,4,good quantity
4999,2026-01-23,dinner,4,good quantity
5000,2026-01-23,dinner,4,good quantity
5001,2026-01-23,dinner,3,
5002,2026-01-23,dinner,4,good quantity
5003,2026-01-23,dinner,5,tasty
5004,2026-01-23,dinner,4,tasty
5005,2026-01-24,breakfast,4,
5006,2026-01-24,breakfast,5,good quantity
5007,2026-01-24,lunch,2,undercooked
5008,2026-01-24,lunch,5,tasty
5009,2026-01-24,lunch,4,fresh
5010,2026-01-24,lunch,5,good quantity
5011,2026-01-24,lunch,3,
5012,2026-01-24,lunch,4,tasty
5013,2026-01-24,lunch,4,fresh
5014,2026-01-24,dinner,5,tasty
5015,2026-01-24,dinner,3,
5016,2026-01-24,dinner,5,fresh
5017,2026-01-24,dinner,3,
5018,2026-01-24,dinner,4,good quantity
5019,2026-01-24,dinner,4,fresh
5020,2026-01-25,lunch,3,
5021,2026-01-25,lunch,4,good quantity
5022,2026-01-25,lunch,2,undercooked
5023,2026-01-25,lunch,4,
5024,2026-01-25,lunch,2,cold food
5025,2026-01-25,lunch,2,too oily
5026,2026-01-25,lunch,3,
5027,2026-01-25,dinner,4,fresh
5028,2026-01-25,dinner,4,good quantity
5029,2026-01-25,dinner,3,
5030,2026-01-25,dinner,4,
5031,2026-01-25,dinner,2,
5032,2026-01-25,dinner,4,
5033,2026-01-25,dinner,4,fresh
5034,2026-01-26,breakfast,3,
5035,2026-01-26,breakfast,3,
5036,2026-01-26,breakfast,4,
5037,2026-01-26,breakfast,3,
5038,2026-01-26,lunch,2,
5039,2026-01-26,lunch,3,
5040,2026-01-26,lunch,3,
5041,2026-01-26,lunch,5,
5042,2026-01-26,lunch,4,tasty
5043,2026-01-26,lunch,3,
5044,2026-01-26,lunch,3,
5045,2026-01-26,lunch,3,
5046,2026-01-26,lunch,3,
5047,2026-01-26,dinner,3,
5048,2026-01-26,dinner,5,
5049,2026-01-26,dinner,4,good quantity
5050,2026-01-26,dinner,3,
5051,2026-01-26,dinner,4,good quantity
5052,2026-01-26,dinner,3,
5053,2026-01-26,dinner,3,
5054,2026-01-26,dinner,3,
5055,2026-01-27,breakfast,4,tasty
5056,2026-01-27,breakfast,3,
5057,2026-01-27,breakfast,4,tasty
5058,2026-01-27,breakfast,2,undercooked
5059,2026-01-27,breakfast,5,good quantity
5060,2026-01-27,breakfast,5,
5061,2026-01-27,breakfast,4,tasty
5062,2026-01-27,breakfast,4,fresh
5063,2026-01-27,breakfast,3,
5064,2026-01-27,breakfast,4,fresh
5065,2026-01-27,breakfast,4,fresh
5066,2026-01-27,breakfast,4,tasty
5067,2026-01-27,lunch,4,
5068,2026-01-27,lunch,5,fresh
5069,2026-01-27,lunch,4,fresh
5070,2026-01-27,lunch,4,
5071,2026-01-27,lunch,5,good quantity
5072,2026-01-27,lunch,5,tasty
5073,2026-01-27,lunch,5,tasty
5074,2026-01-27,lunch,5,tasty
5075,2026-01-27,lunch,4,
5076,2026-01-27,lunch,4,
5077,2026-01-27,lunch,4,fresh
5078,2026-01-27,lunch,5,good quantity
5079,2026-01-27,lunch,5,
5080,2026-01-27,lunch,5,
5081,2026-01-27,lunch,4,tasty
5082,2026-01-27,lunch,5,good quantity
5083,2026-01-27,lunch,3,
5084,2026-01-27,lunch,5,fresh
5085,2026-01-27,lunch,5,fresh
5086,2026-01-27,lunch,4,
5087,2026-01-27,dinner,4,tasty
5088,2026-01-27,dinner,4,
5089,2026-01-27,dinner,4,good quantity
5090,2026-01-27,dinner,3,
5091,2026-01-27,dinner,4,
5092,2026-01-27,dinner,4,fresh
5093,2026-01-27,dinner,5,good quantity
5094,2026-01-27,dinner,5,good quantity
5095,2026-01-27,dinner,4,
5096,2026-01-27,dinner,5,
5097,2026-01-27,dinner,5,tasty
5098,2026-01-27,dinner,5,good quantity
5099,2026-01-27,dinner,2,repetitive menu
5100,2026-01-27,dinner,3,
5101,2026-01-27,dinner,5,fresh
5102,2026-01-27,dinner,3,
5103,2026-01-28,breakfast,2,bland
5104,2026-01-28,breakfast,4,fresh
5105,2026-01-28,breakfast,2,repetitive menu
5106,2026-01-28,breakfast,4,
5107,2026-01-28,breakfast,2,repetitive menu
5108,2026-01-28,breakfast,3,
5109,2026-01-28,breakfast,3,
5110,2026-01-28,breakfast,4,
5111,2026-01-28,breakfast,3,
5112,2026-01-28,lunch,4,good quantity
5113,2026-01-28,lunch,5,
5114,2026-01-28,lunch,3,
5115,2026-01-28,lunch,5,
5116,2026-01-28,lunch,5,
5117,2026-01-28,lunch,4,tasty
5118,2026-01-28,lunch,4,
5119,2026-01-28,lunch,5,fresh
5120,2026-01-28,lunch,3,
5121,2026-01-28,lunch,3,
5122,2026-01-28,lunch,3,
5123,2026-01-28,lunch,4,
5124,2026-01-28,lunch,3,
5125,2026-01-28,lunch,3,
5126,2026-01-28,lunch,4,good quantity
5127,2026-01-28,lunch,3,
5128,2026-01-28,dinner,4,good quantity
5129,2026-01-28,dinner,3,
5130,2026-01-28,dinner,4,
5131,2026-01-28,dinner,4,good quantity
5132,2026-01-28,dinner,4,good quantity
5133,2026-01-28,dinner,4,
5134,2026-01-28,dinner,4,
5135,2026-01-28,dinner,4,good quantity
5136,2026-01-28,dinner,3,
5137,2026-01-28,dinner,4,tasty
5138,2026-01-28,dinner,3,
5139,2026-01-28,dinner,3,
5140,2026-01-28,dinner,4,tasty
5141,2026-01-28,dinner,4,
5142,2026-01-29,breakfast,4,fresh
5143,2026-01-29,breakfast,3,
5144,2026-01-29,breakfast,4,fresh
5145,2026-01-29,breakfast,4,
5146,2026-01-29,breakfast,4,good quantity
5147,2026-01-29,breakfast,4,
5148,2026-01-29,breakfast,4,
5149,2026-01-29,breakfast,4,
5150,2026-01-29,breakfast,4,fresh
5151,2026-01-29,breakfast,3,
5152,2026-01-29,breakfast,4,tasty
5153,2026-01-29,breakfast,4,fresh
5154,2026-01-29,breakfast,3,
5155,2026-01-29,breakfast,3,
5156,2026-01-29,lunch,4,
5157,2026-01-29,lunch,3,
5158,2026-01-29,lunch,5,fresh
5159,2026-01-29,lunch,2,undercooked
5160,2026-01-29,lunch,2,repetitive menu
5161,2026-01-29,lunch,3,
5162,2026-01-29,lunch,3,
5163,2026-01-29,lunch,3,
5164,2026-01-29,lunch,3,
5165,2026-01-29,dinner,5,good quantity
5166,2026-01-29,dinner,3,
5167,2026-01-29,dinner,4,tasty
5168,2026-01-29,dinner,4,
5169,2026-01-29,dinner,4,fresh
5170,2026-01-29,dinner,4,tasty
5171,2026-01-29,dinner,4,tasty
5172,2026-01-29,dinner,5,tasty
5173,2026-01-29,dinner,3,
5174,2026-01-30,breakfast,2,undercooked
5175,2026-01-30,breakfast,3,
5176,2026-01-30,breakfast,2,
5177,2026-01-30,breakfast,2,undercooked
5178,2026-01-30,breakfast,4,
5179,2026-01-30,lunch,5,tasty
5180,2026-01-30,lunch,5,good quantity
5181,2026-01-30,lunch,4,
5182,2026-01-30,lunch,5,tasty
5183,2026-01-30,lunch,4,
5184,2026-01-30,lunch,5,good quantity
5185,2026-01-30,lunch,5,good quantity
5186,2026-01-30,lunch,3,
5187,2026-01-30,lunch,4,
5188,2026-01-30,lunch,4,
5189,2026-01-30,dinner,5,tasty
5190,2026-01-30,dinner,5,fresh
5191,2026-01-30,dinner,3,
5192,2026-01-30,dinner,3,
5193,2026-01-30,dinner,4,tasty
5194,2026-01-30,dinner,3,
5195,2026-01-30,dinner,5,
5196,2026-01-30,dinner,5,fresh
5197,2026-01-30,dinner,5,
5198,2026-01-30,dinner,4,
5199,2026-01-30,dinner,5,good quantity
5200,2026-01-30,dinner,4,tasty
5201,2026-01-30,dinner,5,
5202,2026-01-30,dinner,5,good quantity
5203,2026-01-30,dinner,5,good quantity
5204,2026-01-31,breakfast,5,fresh
5205,2026-01-31,breakfast,5,
5206,2026-01-31,breakfast,4,fresh
5207,2026-01-31,breakfast,3,
5208,2026-01-31,breakfast,5,
5209,2026-01-31,breakfast,3,
5210,2026-01-31,breakfast,5,fresh
5211,2026-01-31,lunch,3,
5212,2026-01-31,lunch,5,
5213,2026-01-31,lunch,5,fresh
5214,2026-01-31,lunch,5,
5215,2026-01-31,lunch,4,good quantity
5216,2026-01-31,lunch,4,tasty
5217,2026-01-31,lunch,4,
5218,2026-01-31,lunch,4,tasty
5219,2026-01-31,lunch,3,
5220,2026-01-31,lunch,4,
5221,2026-01-31,dinner,4,
5222,2026-01-31,dinner,4,
5223,2026-01-31,dinner,4,
5224,2026-01-31,dinner,3,
5225,2026-01-31,dinner,5,
5226,2026-01-31,dinner,3,
5227,2026-01-31,dinner,3,
5228,2026-01-31,dinner,3,
5229,2026-01-31,dinner,3,
5230,2026-01-31,dinner,3,
5231,2026-02-01,breakfast,5,fresh
5232,2026-02-01,breakfast,5,tasty
5233,2026-02-01,breakfast,4,
5234,2026-02-01,breakfast,5,good quantity
5235,2026-02-01,breakfast,5,
5236,2026-02-01,lunch,2,
5237,2026-02-01,lunch,3,
5238,2026-02-01,lunch,4,good quantity
5239,2026-02-01,lunch,2,undercooked
5240,2026-02-01,lunch,4,fresh
5241,2026-02-01,lunch,3,
5242,2026-02-01,lunch,3,
5243,2026-02-01,lunch,2,
5244,2026-02-01,lunch,3,
5245,2026-02-01,lunch,4,
5246,2026-02-01,lunch,4,tasty
5247,2026-02-01,dinner,3,
5248,2026-02-01,dinner,2,
5249,2026-02-01,dinner,3,
5250,2026-02-01,dinner,4,
5251,2026-02-01,dinner,5,fresh
5252,2026-02-01,dinner,4,fresh
5253,2026-02-01,dinner,2,
5254,2026-02-01,dinner,1,
5255,2026-02-01,dinner,3,
5256,2026-02-01,dinner,5,fresh
5257,2026-02-01,dinner,2,bland
5258,2026-02-02,breakfast,5,tasty
5259,2026-02-02,breakfast,4,good quantity
5260,2026-02-02,breakfast,4,fresh
5261,2026-02-02,breakfast,4,good quantity
5262,2026-02-02,breakfast,4,good quantity
5263,2026-02-02,breakfast,4,tasty
5264,2026-02-02,breakfast,4,tasty
5265,2026-02-02,breakfast,5,fresh
5266,2026-02-02,breakfast,3,
5267,2026-02-02,breakfast,3,
5268,2026-02-02,breakfast,4,
5269,2026-02-02,breakfast,4,tasty
5270,2026-02-02,breakfast,3,
5271,2026-02-02,breakfast,5,good quantity
5272,2026-02-02,breakfast,4,good quantity
5273,2026-02-02,breakfast,4,tasty
5274,2026-02-02,lunch,2,undercooked
5275,2026-02-02,lunch,4,
5276,2026-02-02,lunch,4,
5277,2026-02-02,lunch,4,good quantity
5278,2026-02-02,lunch,3,
5279,2026-02-02,lunch,2,
5280,2026-02-02,lunch,2,undercooked
5281,2026-02-02,lunch,3,
5282,2026-02-02,dinner,5,
5283,2026-02-02,dinner,4,tasty
5284,2026-02-02,dinner,5,fresh
5285,2026-02-02,dinner,5,
5286,2026-02-02,dinner,5,
5287,2026-02-02,dinner,5,
5288,2026-02-02,dinner,4,
5289,2026-02-02,dinner,5,
5290,2026-02-02,dinner,4,
5291,2026-02-02,dinner,4,fresh
5292,2026-02-02,dinner,5,tasty
5293,2026-02-02,dinner,5,good quantity
5294,2026-02-02,dinner,5,fresh
5295,2026-02-02,dinner,5,tasty
5296,2026-02-02,dinner,5,
5297,2026-02-03,breakfast,5,good quantity
5298,2026-02-03,breakfast,3,
5299,2026-02-03,breakfast,4,tasty
5300,2026-02-03,breakfast,5,good quantity
5301,2026-02-03,breakfast,4,good quantity
5302,2026-02-03,breakfast,3,
5303,2026-02-03,breakfast,4,
5304,2026-02-03,breakfast,3,
5305,2026-02-03,lunch,4,
5306,2026-02-03,lunch,5,fresh
5307,2026-02-03,lunch,3,
5308,2026-02-03,lunch,5,good quantity
5309,2026-02-03,lunch,4,good quantity
5310,2026-02-03,lunch,4,
5311,2026-02-03,lunch,5,good quantity
5312,2026-02-03,lunch,5,good quantity
5313,2026-02-03,lunch,4,
5314,2026-02-03,lunch,5,
5315,2026-02-03,lunch,5,good quantity
5316,2026-02-03,lunch,3,
5317,2026-02-03,lunch,4,good quantity
5318,2026-02-03,lunch,4,
5319,2026-02-03,lunch,5,fresh
5320,2026-02-03,lunch,3,
5321,2026-02-03,lunch,5,fresh
5322,2026-02-03,dinner,5,good quantity
5323,2026-02-03,dinner,4,fresh
5324,2026-02-03,dinner,3,
5325,2026-02-03,dinner,5,tasty
5326,2026-02-03,dinner,5,
5327,2026-02-03,dinner,5,tasty
5328,2026-02-03,dinner,4,good quantity
5329,2026-02-04,breakfast,5,
5330,2026-02-04,breakfast,4,
5331,2026-02-04,breakfast,4,fresh
5332,2026-02-04,breakfast,4,
5333,2026-02-04,breakfast,2,repetitive menu
5334,2026-02-04,breakfast,3,
5335,2026-02-04,breakfast,5,
5336,2026-02-04,breakfast,5,tasty
5337,2026-02-04,breakfast,5,good quantity
5338,2026-02-04,breakfast,3,
5339,2026-02-04,breakfast,4,good quantity
5340,2026-02-04,breakfast,2,
5341,2026-02-04,breakfast,3,
5342,2026-02-04,breakfast,2,bland
5343,2026-02-04,lunch,5,fresh
5344,2026-02-04,lunch,2,cold food
5345,2026-02-04,lunch,3,
5346,2026-02-04,lunch,4,
5347,2026-02-04,lunch,2,
5348,2026-02-04,lunch,3,
5349,2026-02-04,lunch,4,fresh
5350,2026-02-04,lunch,4,tasty
5351,2026-02-04,lunch,3,
5352,2026-02-04,lunch,4,
5353,2026-02-04,lunch,4,fresh
5354,2026-02-04,dinner,1,bland
5355,2026-02-04,dinner,2,
5356,2026-02-04,dinner,2,cold food
5357,2026-02-04,dinner,4,
5358,2026-02-04,dinner,3,
5359,2026-02-04,dinner,3,
5360,2026-02-04,dinner,3,
5361,2026-02-04,dinner,2,undercooked
5362,2026-02-04,dinner,2,
5363,2026-02-04,dinner,1,
5364,2026-02-04,dinner,3,
5365,2026-02-04,dinner,3,
5366,2026-02-05,breakfast,2,bland
5367,2026-02-05,breakfast,4,
5368,2026-02-05,breakfast,3,
5369,2026-02-05,breakfast,4,
5370,2026-02-05,breakfast,3,
5371,2026-02-05,breakfast,3,
5372,2026-02-05,breakfast,2,
5373,2026-02-05,breakfast,4,
5374,2026-02-05,breakfast,3,
5375,2026-02-05,breakfast,3,
5376,2026-02-05,breakfast,3,
5377,2026-02-05,breakfast,3,
5378,2026-02-05,breakfast,3,
5379,2026-02-05,lunch,4,good quantity
5380,2026-02-05,lunch,4,good quantity
5381,2026-02-05,lunch,4,
5382,2026-02-05,lunch,5,good quantity
5383,2026-02-05,lunch,5,tasty
5384,2026-02-05,lunch,4,fresh
5385,2026-02-05,lunch,4,
5386,2026-02-05,lunch,5,
5387,2026-02-05,lunch,5,good quantity
5388,2026-02-05,lunch,5,tasty
5389,2026-02-05,dinner,4,tasty
5390,2026-02-05,dinner,3,
5391,2026-02-05,dinner,4,
5392,2026-02-05,dinner,4,good quantity
5393,2026-02-05,dinner,4,tasty
5394,2026-02-05,dinner,4,fresh
5395,2026-02-05,dinner,3,
5396,2026-02-05,dinner,4,good quantity
5397,2026-02-05,dinner,4,tasty
5398,2026-02-06,breakfast,4,fresh
5399,2026-02-06,breakfast,2,too oily
5400,2026-02-06,breakfast,3,
5401,2026-02-06,lunch,4,tasty
5402,2026-02-06,lunch,3,
5403,2026-02-06,lunch,3,
5404,2026-02-06,lunch,3,
5405,2026-02-06,lunch,4,
5406,2026-02-06,lunch,4,tasty
5407,2026-02-06,lunch,2,
5408,2026-02-06,lunch,4,good quantity
5409,2026-02-06,lunch,4,
5410,2026-02-06,lunch,4,tasty
5411,2026-02-06,lunch,4,fresh
5412,2026-02-06,dinner,5,fresh
5413,2026-02-06,dinner,2,bland
5414,2026-02-06,dinner,5,tasty
5415,2026-02-07,breakfast,3,
5416,2026-02-07,breakfast,2,undercooked
5417,2026-02-07,breakfast,3,
5418,2026-02-07,lunch,1,
5419,2026-02-07,lunch,3,
5420,2026-02-07,lunch,4,
5421,2026-02-07,lunch,5,good quantity
5422,2026-02-07,lunch,4,good quantity
5423,2026-02-07,lunch,4,good quantity
5424,2026-02-07,lunch,2,
5425,2026-02-07,dinner,3,
5426,2026-02-07,dinner,4,
5427,2026-02-07,dinner,3,
5428,2026-02-07,dinner,3,
5429,2026-02-07,dinner,3,
5430,2026-02-07,dinner,3,
5431,2026-02-08,breakfast,5,fresh
5432,2026-02-08,breakfast,4,
5433,2026-02-08,breakfast,5,
5434,2026-02-08,breakfast,4,good quantity
5435,2026-02-08,breakfast,5,tasty
5436,2026-02-08,breakfast,4,good quantity
5437,2026-02-08,lunch,3,
5438,2026-02-08,lunch,5,fresh
5439,2026-02-08,lunch,4,tasty
5440,2026-02-08,lunch,3,
5441,2026-02-08,lunch,3,
5442,2026-02-08,lunch,3,
5443,2026-02-08,lunch,3,
5444,2026-02-08,lunch,4,fresh
5445,2026-02-08,lunch,3,
5446,2026-02-08,lunch,4,
5447,2026-02-08,lunch,5,tasty
5448,2026-02-08,lunch,4,
5449,2026-02-08,dinner,3,
5450,2026-02-08,dinner,3,
5451,2026-02-08,dinner,3,
5452,2026-02-09,breakfast,5,tasty
5453,2026-02-09,breakfast,5,
5454,2026-02-09,breakfast,5,
5455,2026-02-09,breakfast,5,tasty
5456,2026-02-09,breakfast,4,
5457,2026-02-09,breakfast,5,
5458,2026-02-09,breakfast,5,
5459,2026-02-09,breakfast,5,
5460,2026-02-09,breakfast,5,
5461,2026-02-09,breakfast,5,fresh
5462,2026-02-09,breakfast,5,
5463,2026-02-09,lunch,4,fresh
5464,2026-02-09,lunch,4,fresh
5465,2026-02-09,lunch,4,fresh
5466,2026-02-09,lunch,5,good quantity
5467,2026-02-09,lunch,5,tasty
5468,2026-02-09,lunch,5,fresh
5469,2026-02-09,lunch,5,
5470,2026-02-09,lunch,4,good quantity
5471,2026-02-09,lunch,5,good quantity
5472,2026-02-09,lunch,4,
5473,2026-02-09,lunch,5,tasty
5474,2026-02-09,lunch,4,
5475,2026-02-09,lunch,3,
5476,2026-02-09,lunch,4,fresh
5477,2026-02-09,lunch,5,tasty
5478,2026-02-09,lunch,4,tasty
5479,2026-02-09,lunch,5,
5480,2026-02-09,lunch,5,fresh
5481,2026-02-09,lunch,4,good quantity
5482,2026-02-09,lunch,4,tasty
5483,2026-02-09,lunch,5,
5484,2026-02-09,lunch,5,tasty
5485,2026-02-09,dinner,5,good quantity
5486,2026-02-09,dinner,3,
5487,2026-02-09,dinner,4,tasty
5488,2026-02-09,dinner,3,
5489,2026-02-09,dinner,4,good quantity
5490,2026-02-09,dinner,4,
5491,2026-02-09,dinner,5,fresh
5492,2026-02-09,dinner,4,fresh
5493,2026-02-09,dinner,4,tasty
5494,2026-02-10,breakfast,5,
5495,2026-02-10,breakfast,5,good quantity
5496,2026-02-10,breakfast,4,
5497,2026-02-10,breakfast,5,good quantity
5498,2026-02-10,breakfast,4,good quantity
5499,2026-02-10,breakfast,4,fresh
5500,2026-02-10,breakfast,4,good quantity
5501,2026-02-10,breakfast,4,good quantity
5502,2026-02-10,breakfast,5,tasty
5503,2026-02-10,breakfast,5,fresh
5504,2026-02-10,lunch,5,tasty
5505,2026-02-10,lunch,5,
5506,2026-02-10,lunch,4,fresh
5507,2026-02-10,lunch,4,
5508,2026-02-10,lunch,4,
5509,2026-02-10,lunch,3,
5510,2026-02-10,lunch,4,
5511,2026-02-10,lunch,3,
5512,2026-02-10,lunch,5,
5513,2026-02-10,lunch,5,
5514,2026-02-10,lunch,4,
5515,2026-02-10,lunch,4,fresh
5516,2026-02-10,lunch,4,tasty
5517,2026-02-10,lunch,4,tasty
5518,2026-02-10,dinner,5,fresh
5519,2026-02-10,dinner,4,good quantity
5520,2026-02-10,dinner,5,fresh
5521,2026-02-10,dinner,4,
5522,2026-02-10,dinner,4,fresh
5523,2026-02-10,dinner,5,tasty
5524,2026-02-10,dinner,3,
5525,2026-02-11,breakfast,3,
5526,2026-02-11,breakfast,4,good quantity
5527,2026-02-11,breakfast,4,good quantity
5528,2026-02-11,breakfast,3,
5529,2026-02-11,breakfast,4,
5530,2026-02-11,breakfast,5,
5531,2026-02-11,breakfast,4,tasty
5532,2026-02-11,breakfast,5,fresh
5533,2026-02-11,lunch,3,
5534,2026-02-11,lunch,2,
5535,2026-02-11,lunch,2,cold food
5536,2026-02-11,lunch,3,
5537,2026-02-11,lunch,3,
5538,2026-02-11,lunch,3,
5539,2026-02-11,lunch,2,undercooked
5540,2026-02-11,dinner,4,
5541,2026-02-11,dinner,4,tasty
5542,2026-02-11,dinner,4,
5543,2026-02-11,dinner,3,
5544,2026-02-11,dinner,5,good quantity
5545,2026-02-11,dinner,5,good quantity
5546,2026-02-11,dinner,4,good quantity
5547,2026-02-11,dinner,4,fresh
5548,2026-02-11,dinner,5,
5549,2026-02-11,dinner,5,tasty
5550,2026-02-11,dinner,4,good quantity
5551,2026-02-11,dinner,4,good quantity
5552,2026-02-11,dinner,5,fresh
5553,2026-02-11,dinner,5,
5554,2026-02-12,breakfast,2,
5555,2026-02-12,breakfast,5,good quantity
5556,2026-02-12,breakfast,3,
5557,2026-02-12,breakfast,3,
5558,2026-02-12,breakfast,4,good quantity
5559,2026-02-12,breakfast,4,fresh
5560,2026-02-12,breakfast,4,tasty
5561,2026-02-12,breakfast,5,
5562,2026-02-12,lunch,4,good quantity
5563,2026-02-12,lunch,4,tasty
5564,2026-02-12,lunch,4,good quantity
5565,2026-02-12,lunch,1,
5566,2026-02-12,lunch,3,
5567,2026-02-12,lunch,3,
5568,2026-02-12,lunch,3,
5569,2026-02-12,lunch,4,fresh
5570,2026-02-12,lunch,5,tasty
5571,2026-02-12,dinner,5,
5572,2026-02-12,dinner,4,fresh
5573,2026-02-12,dinner,5,fresh
5574,2026-02-12,dinner,4,fresh
5575,2026-02-12,dinner,4,good quantity
5576,2026-02-12,dinner,5,
5577,2026-02-12,dinner,5,fresh
5578,2026-02-12,dinner,4,tasty
5579,2026-02-12,dinner,4,good quantity
5580,2026-02-12,dinner,4,fresh
5581,2026-02-12,dinner,5,tasty
5582,2026-02-12,dinner,3,
5583,2026-02-12,dinner,4,
5584,2026-02-12,dinner,4,fresh
5585,2026-02-12,dinner,5,fresh
5586,2026-02-12,dinner,4,tasty
5587,2026-02-12,dinner,4,
5588,2026-02-12,dinner,5,
5589,2026-02-12,dinner,4,good quantity
5590,2026-02-13,breakfast,4,tasty
5591,2026-02-13,breakfast,3,
5592,2026-02-13,breakfast,3,
5593,2026-02-13,breakfast,4,fresh
5594,2026-02-13,breakfast,3,
5595,2026-02-13,breakfast,3,
5596,2026-02-13,breakfast,3,
5597,2026-02-13,lunch,2,
5598,2026-02-13,lunch,3,
5599,2026-02-13,lunch,5,fresh
5600,2026-02-13,lunch,3,
5601,2026-02-13,lunch,5,fresh
5602,2026-02-13,lunch,4,
5603,2026-02-13,lunch,5,fresh
5604,2026-02-13,lunch,4,tasty
5605,2026-02-13,lunch,5,tasty
5606,2026-02-13,lunch,3,
5607,2026-02-13,lunch,4,tasty
5608,2026-02-13,dinner,3,
5609,2026-02-13,dinner,3,
5610,2026-02-13,dinner,4,
5611,2026-02-13,dinner,3,
5612,2026-02-13,dinner,3,
5613,2026-02-13,dinner,4,good quantity
5614,2026-02-14,breakfast,4,
5615,2026-02-14,breakfast,4,tasty
5616,2026-02-14,breakfast,4,
5617,2026-02-14,breakfast,5,good quantity
5618,2026-02-14,breakfast,4,tasty
5619,2026-02-14,breakfast,4,good quantity
5620,2026-02-14,breakfast,2,repetitive menu
5621,2026-02-14,breakfast,4,tasty
5622,2026-02-14,breakfast,4,fresh
5623,2026-02-14,lunch,4,tasty
5624,2026-02-14,lunch,4,good quantity
5625,2026-02-14,lunch,4,tasty
5626,2026-02-14,lunch,2,too oily
5627,2026-02-14,lunch,2,
5628,2026-02-14,lunch,3,
5629,2026-02-14,lunch,3,
5630,2026-02-14,lunch,3,
5631,2026-02-14,lunch,5,good quantity
5632,2026-02-14,lunch,4,
5633,2026-02-14,dinner,2,undercooked
5634,2026-02-14,dinner,4,fresh
5635,2026-02-14,dinner,3,
5636,2026-02-14,dinner,3,
5637,2026-02-14,dinner,3,
5638,2026-02-14,dinner,4,
5639,2026-02-14,dinner,3,
5640,2026-02-14,dinner,3,
5641,2026-02-14,dinner,2,
5642,2026-02-14,dinner,3,
5643,2026-02-14,dinner,3,
5644,2026-02-14,dinner,3,
5645,2026-02-14,dinner,3,
5646,2026-02-15,breakfast,3,
5647,2026-02-15,breakfast,2,cold food
5648,2026-02-15,breakfast,1,too oily
5649,2026-02-15,breakfast,3,
5650,2026-02-15,breakfast,3,
5651,2026-02-15,lunch,4,
5652,2026-02-15,lunch,4,
5653,2026-02-15,lunch,3,
5654,2026-02-15,lunch,3,
5655,2026-02-15,lunch,3,
5656,2026-02-15,lunch,3,
5657,2026-02-15,lunch,3,
5658,2026-02-15,lunch,3,
5659,2026-02-15,lunch,3,
5660,2026-02-15,lunch,4,
5661,2026-02-15,lunch,4,
5662,2026-02-15,dinner,4,
5663,2026-02-15,dinner,5,tasty
5664,2026-02-15,dinner,5,
5665,2026-02-15,dinner,5,fresh
5666,2026-02-15,dinner,4,good quantity
5667,2026-02-16,breakfast,4,good quantity
5668,2026-02-16,breakfast,5,fresh
5669,2026-02-16,breakfast,5,fresh
5670,2026-02-16,breakfast,4,tasty
5671,2026-02-16,breakfast,5,
5672,2026-02-16,breakfast,5,
5673,2026-02-16,breakfast,5,tasty
5674,2026-02-16,breakfast,4,good quantity
5675,2026-02-16,breakfast,5,tasty
5676,2026-02-16,breakfast,5,
5677,2026-02-16,lunch,4,
5678,2026-02-16,lunch,5,tasty
5679,2026-02-16,lunch,5,good quantity
5680,2026-02-16,lunch,4,good quantity
5681,2026-02-16,lunch,4,
5682,2026-02-16,lunch,4,good quantity
5683,2026-02-16,lunch,5,
5684,2026-02-16,lunch,4,tasty
5685,2026-02-16,lunch,3,
5686,2026-02-16,lunch,5,
5687,2026-02-16,lunch,4,good quantity
5688,2026-02-16,lunch,4,tasty
5689,2026-02-16,lunch,5,
5690,2026-02-16,lunch,4,
5691,2026-02-16,lunch,5,tasty
5692,2026-02-16,lunch,4,
5693,2026-02-16,lunch,5,
5694,2026-02-16,dinner,3,
5695,2026-02-16,dinner,4,good quantity
5696,2026-02-16,dinner,3,
5697,2026-02-16,dinner,3,
5698,2026-02-16,dinner,4,tasty
5699,2026-02-16,dinner,5,
5700,2026-02-16,dinner,3,
5701,2026-02-16,dinner,4,tasty
5702,2026-02-16,dinner,5,fresh
5703,2026-02-16,dinner,5,good quantity
5704,2026-02-16,dinner,5,
5705,2026-02-16,dinner,5,fresh
5706,2026-02-16,dinner,5,
5707,2026-02-16,dinner,5,
5708,2026-02-16,dinner,4,good quantity
5709,2026-02-16,dinner,5,
5710,2026-02-17,breakfast,5,fresh
5711,2026-02-17,breakfast,5,fresh
5712,2026-02-17,breakfast,5,fresh
5713,2026-02-17,breakfast,5,good quantity
5714,2026-02-17,breakfast,4,
5715,2026-02-17,breakfast,5,good quantity
5716,2026-02-17,breakfast,4,good quantity
5717,2026-02-17,breakfast,5,
5718,2026-02-17,breakfast,5,tasty
5719,2026-02-17,lunch,5,
5720,2026-02-17,lunch,3,
5721,2026-02-17,lunch,3,
5722,2026-02-17,lunch,4,fresh
5723,2026-02-17,lunch,5,
5724,2026-02-17,lunch,3,
5725,2026-02-17,lunch,5,
5726,2026-02-17,lunch,2,cold food
5727,2026-02-17,lunch,4,tasty
5728,2026-02-17,lunch,4,
5729,2026-02-17,dinner,3,
5730,2026-02-17,dinner,4,fresh
5731,2026-02-17,dinner,3,
5732,2026-02-17,dinner,3,
5733,2026-02-17,dinner,3,
5734,2026-02-17,dinner,4,fresh
5735,2026-02-17,dinner,4,tasty
5736,2026-02-17,dinner,2,too oily
5737,2026-02-17,dinner,5,
5738,2026-02-17,dinner,2,repetitive menu
5739,2026-02-17,dinner,4,
5740,2026-02-18,breakfast,4,tasty
5741,2026-02-18,breakfast,5,
5742,2026-02-18,breakfast,4,fresh
5743,2026-02-18,breakfast,5,tasty
5744,2026-02-18,breakfast,4,
5745,2026-02-18,breakfast,3,
5746,2026-02-18,breakfast,4,
5747,2026-02-18,breakfast,5,
5748,2026-02-18,breakfast,3,
5749,2026-02-18,breakfast,5,fresh
5750,2026-02-18,breakfast,4,
5751,2026-02-18,breakfast,4,
5752,2026-02-18,breakfast,5,good quantity
5753,2026-02-18,lunch,3,
5754,2026-02-18,lunch,4,
5755,2026-02-18,lunch,5,good quantity
5756,2026-02-18,lunch,4,tasty
5757,2026-02-18,lunch,5,
5758,2026-02-18,lunch,4,
5759,2026-02-18,lunch,4,fresh
5760,2026-02-18,lunch,5,tasty
5761,2026-02-18,lunch,5,tasty
5762,2026-02-18,lunch,4,good quantity
5763,2026-02-18,lunch,3,
5764,2026-02-18,lunch,5,tasty
5765,2026-02-18,lunch,3,
5766,2026-02-18,lunch,4,tasty
5767,2026-02-18,lunch,5,
5768,2026-02-18,lunch,5,
5769,2026-02-18,dinner,4,
5770,2026-02-18,dinner,3,
5771,2026-02-18,dinner,5,fresh
5772,2026-02-18,dinner,4,good quantity
5773,2026-02-18,dinner,5,good quantity
5774,2026-02-18,dinner,4,
5775,2026-02-18,dinner,5,
5776,2026-02-18,dinner,5,tasty
5777,2026-02-18,dinner,5,tasty
5778,2026-02-18,dinner,4,good quantity
5779,2026-02-18,dinner,3,
5780,2026-02-18,dinner,3,
5781,2026-02-19,breakfast,4,good quantity
5782,2026-02-19,breakfast,4,good quantity
5783,2026-02-19,breakfast,5,
5784,2026-02-19,breakfast,5,
5785,2026-02-19,breakfast,2,cold food
5786,2026-02-19,breakfast,4,
5787,2026-02-19,breakfast,2,cold food
5788,2026-02-19,breakfast,3,
5789,2026-02-19,breakfast,4,good quantity
5790,2026-02-19,lunch,4,
5791,2026-02-19,lunch,3,
5792,2026-02-19,lunch,3,
5793,2026-02-19,lunch,4,fresh
5794,2026-02-19,lunch,5,tasty
5795,2026-02-19,lunch,5,fresh
5796,2026-02-19,lunch,4,fresh
5797,2026-02-19,lunch,4,fresh
5798,2026-02-19,lunch,4,fresh
5799,2026-02-19,lunch,5,tasty
5800,2026-02-19,lunch,4,fresh
5801,2026-02-19,lunch,3,
5802,2026-02-19,lunch,4,tasty
5803,2026-02-19,lunch,5,tasty
5804,2026-02-19,dinner,4,
5805,2026-02-19,dinner,4,good quantity
5806,2026-02-19,dinner,5,tasty
5807,2026-02-19,dinner,3,
5808,2026-02-19,dinner,4,fresh
5809,2026-02-19,dinner,3,
5810,2026-02-19,dinner,5,good quantity
5811,2026-02-19,dinner,4,good quantity
5812,2026-02-19,dinner,4,fresh
5813,2026-02-19,dinner,4,fresh
5814,2026-02-19,dinner,5,good quantity
5815,2026-02-19,dinner,3,
5816,2026-02-19,dinner,5,fresh
5817,2026-02-19,dinner,4,fresh
5818,2026-02-19,dinner,4,good quantity
5819,2026-02-19,dinner,3,
5820,2026-02-19,dinner,3,
5821,2026-02-19,dinner,3,
5822,2026-02-19,dinner,2,cold food
5823,2026-02-20,breakfast,4,
5824,2026-02-20,breakfast,5,
5825,2026-02-20,breakfast,4,good quantity
5826,2026-02-20,breakfast,2,repetitive menu
5827,2026-02-20,breakfast,5,fresh
5828,2026-02-20,breakfast,3,
5829,2026-02-20,breakfast,4,good quantity
5830,2026-02-20,breakfast,4,
5831,2026-02-20,breakfast,4,tasty
5832,2026-02-20,breakfast,3,
5833,2026-02-20,breakfast,4,tasty
5834,2026-02-20,breakfast,4,
5835,2026-02-20,breakfast,5,
5836,2026-02-20,breakfast,3,
5837,2026-02-20,breakfast,3,
5838,2026-02-20,breakfast,5,fresh
5839,2026-02-20,lunch,3,
5840,2026-02-20,lunch,3,
5841,2026-02-20,lunch,3,
5842,2026-02-20,lunch,3,
5843,2026-02-20,lunch,4,
5844,2026-02-20,dinner,4,tasty
5845,2026-02-20,dinner,3,
5846,2026-02-20,dinner,3,
5847,2026-02-20,dinner,5,tasty
5848,2026-02-20,dinner,5,
5849,2026-02-20,dinner,3,
5850,2026-02-20,dinner,2,
5851,2026-02-20,dinner,5,fresh
5852,2026-02-21,breakfast,3,
5853,2026-02-21,breakfast,3,
5854,2026-02-21,lunch,2,
5855,2026-02-21,lunch,4,
5856,2026-02-21,lunch,2,
5857,2026-02-21,lunch,3,
5858,2026-02-21,lunch,2,repetitive menu
5859,2026-02-21,lunch,4,fresh
5860,2026-02-21,lunch,3,
5861,2026-02-21,lunch,4,fresh
5862,2026-02-21,lunch,2,
5863,2026-02-21,lunch,3,
5864,2026-02-21,lunch,2,
5865,2026-02-21,dinner,5,good quantity
5866,2026-02-21,dinner,4,good quantity
5867,2026-02-21,dinner,3,
5868,2026-02-21,dinner,3,
5869,2026-02-21,dinner,3,
5870,2026-02-21,dinner,3,
5871,2026-02-21,dinner,2,
5872,2026-02-21,dinner,3,
5873,2026-02-21,dinner,3,
5874,2026-02-21,dinner,4,
5875,2026-02-21,dinner,4,tasty
5876,2026-02-21,dinner,3,
5877,2026-02-21,dinner,4,
5878,2026-02-21,dinner,4,fresh
5879,2026-02-21,dinner,2,repetitive menu
5880,2026-02-22,breakfast,4,
5881,2026-02-22,breakfast,3,
5882,2026-02-22,breakfast,5,
5883,2026-02-22,breakfast,3,
5884,2026-02-22,breakfast,5,good quantity
5885,2026-02-22,lunch,4,tasty
5886,2026-02-22,lunch,5,tasty
5887,2026-02-22,lunch,5,good quantity
5888,2026-02-22,lunch,5,
5889,2026-02-22,lunch,4,tasty
5890,2026-02-22,lunch,4,tasty
5891,2026-02-22,lunch,4,
5892,2026-02-22,lunch,4,tasty
5893,2026-02-22,lunch,4,fresh
5894,2026-02-22,lunch,4,fresh
5895,2026-02-22,lunch,4,
5896,2026-02-22,lunch,4,good quantity
5897,2026-02-22,lunch,3,
5898,2026-02-22,lunch,4,fresh
5899,2026-02-22,lunch,5,good quantity
5900,2026-02-22,lunch,5,
5901,2026-02-22,dinner,4,
5902,2026-02-22,dinner,4,
5903,2026-02-22,dinner,5,tasty
5904,2026-02-22,dinner,3,
5905,2026-02-22,dinner,4,
5906,2026-02-22,dinner,5,fresh
5907,2026-02-22,dinner,3,
5908,2026-02-22,dinner,4,tasty
5909,2026-02-22,dinner,3,
5910,2026-02-22,dinner,4,good quantity
5911,2026-02-22,dinner,4,good quantity
5912,2026-02-22,dinner,4,
5913,2026-02-23,breakfast,2,
5914,2026-02-23,breakfast,1,undercooked
5915,2026-02-23,breakfast,3,
5916,2026-02-23,breakfast,2,bland
5917,2026-02-23,breakfast,2,bland
5918,2026-02-23,breakfast,3,
5919,2026-02-23,breakfast,3,
5920,2026-02-23,breakfast,4,good quantity
5921,2026-02-23,breakfast,2,cold food
5922,2026-02-23,breakfast,3,
5923,2026-02-23,breakfast,3,
5924,2026-02-23,breakfast,4,tasty
5925,2026-02-23,lunch,4,
5926,2026-02-23,lunch,2,undercooked
5927,2026-02-23,lunch,4,
5928,2026-02-23,lunch,4,
5929,2026-02-23,lunch,5,tasty
5930,2026-02-23,lunch,5,tasty
5931,2026-02-23,lunch,4,
5932,2026-02-23,lunch,4,tasty
5933,2026-02-23,lunch,5,
5934,2026-02-23,lunch,5,good quantity
5935,2026-02-23,lunch,3,
5936,2026-02-23,lunch,3,
5937,2026-02-23,lunch,5,
5938,2026-02-23,lunch,3,
5939,2026-02-23,dinner,3,
5940,2026-02-23,dinner,4,fresh
5941,2026-02-23,dinner,4,
5942,2026-02-23,dinner,5,
5943,2026-02-23,dinner,4,
5944,2026-02-23,dinner,3,
5945,2026-02-23,dinner,4,fresh
5946,2026-02-23,dinner,5,fresh
5947,2026-02-23,dinner,2,repetitive menu
5948,2026-02-23,dinner,3,
5949,2026-02-23,dinner,3,
5950,2026-02-23,dinner,3,
5951,2026-02-23,dinner,4,tasty
5952,2026-02-23,dinner,3,
5953,2026-02-24,breakfast,5,fresh
5954,2026-02-24,breakfast,5,fresh
5955,2026-02-24,breakfast,5,
5956,2026-02-24,breakfast,4,tasty
5957,2026-02-24,breakfast,5,tasty
5958,2026-02-24,breakfast,5,fresh
5959,2026-02-24,breakfast,4,fresh
5960,2026-02-24,breakfast,4,
5961,2026-02-24,breakfast,5,
5962,2026-02-24,breakfast,3,
5963,2026-02-24,breakfast,5,good quantity
5964,2026-02-24,lunch,4,tasty
5965,2026-02-24,lunch,3,
5966,2026-02-24,lunch,3,
5967,2026-02-24,lunch,4,
5968,2026-02-24,lunch,3,
5969,2026-02-24,lunch,2,undercooked
5970,2026-02-24,lunch,3,
5971,2026-02-24,dinner,2,repetitive menu
5972,2026-02-24,dinner,2,repetitive menu
5973,2026-02-24,dinner,4,
5974,2026-02-24,dinner,3,
5975,2026-02-24,dinner,3,
5976,2026-02-24,dinner,1,
5977,2026-02-24,dinner,2,
5978,2026-02-24,dinner,3,
5979,2026-02-24,dinner,3,
5980,2026-02-24,dinner,3,
5981,2026-02-24,dinner,3,
5982,2026-02-24,dinner,3,
5983,2026-02-24,dinner,3,
5984,2026-02-25,breakfast,5,fresh
5985,2026-02-25,breakfast,4,fresh
5986,2026-02-25,breakfast,3,
5987,2026-02-25,breakfast,5,fresh
5988,2026-02-25,breakfast,5,
5989,2026-02-25,breakfast,5,
5990,2026-02-25,breakfast,5,fresh
5991,2026-02-25,breakfast,4,
5992,2026-02-25,breakfast,4,tasty
5993,2026-02-25,breakfast,5,fresh
5994,2026-02-25,breakfast,5,fresh
5995,2026-02-25,breakfast,4,
5996,2026-02-25,breakfast,5,
5997,2026-02-25,lunch,5,
5998,2026-02-25,lunch,3,
5999,2026-02-25,lunch,4,
6000,2026-02-25,lunch,3,
6001,2026-02-25,lunch,5,good quantity
6002,2026-02-25,lunch,4,tasty
6003,2026-02-25,lunch,3,
6004,2026-02-25,lunch,3,
6005,2026-02-25,lunch,3,
6006,2026-02-25,lunch,5,fresh
6007,2026-02-25,lunch,3,
6008,2026-02-25,lunch,5,
6009,2026-02-25,dinner,4,
6010,2026-02-25,dinner,4,good quantity
6011,2026-02-25,dinner,5,
6012,2026-02-25,dinner,5,
6013,2026-02-25,dinner,4,tasty
6014,2026-02-25,dinner,4,tasty
6015,2026-02-25,dinner,5,good quantity
6016,2026-02-25,dinner,4,tasty
6017,2026-02-25,dinner,5,fresh
6018,2026-02-25,dinner,4,fresh
6019,2026-02-25,dinner,5,
6020,2026-02-25,dinner,5,
6021,2026-02-26,breakfast,5,good quantity
6022,2026-02-26,lunch,5,good quantity
6023,2026-02-26,lunch,3,
6024,2026-02-26,lunch,2,undercooked
6025,2026-02-26,lunch,3,
6026,2026-02-26,lunch,3,
6027,2026-02-26,lunch,3,
6028,2026-02-26,lunch,4,
6029,2026-02-26,lunch,5,
6030,2026-02-26,lunch,4,tasty
6031,2026-02-26,lunch,4,good quantity
6032,2026-02-26,lunch,4,tasty
6033,2026-02-26,lunch,4,good quantity
6034,2026-02-26,dinner,3,
6035,2026-02-26,dinner,4,tasty
6036,2026-02-26,dinner,3,
6037,2026-02-26,dinner,4,tasty
6038,2026-02-26,dinner,3,
6039,2026-02-26,dinner,3,
6040,2026-02-26,dinner,3,
6041,2026-02-26,dinner,2,
6042,2026-02-26,dinner,3,
6043,2026-02-26,dinner,4,good quantity
6044,2026-02-26,dinner,3,
6045,2026-02-26,dinner,3,
6046,2026-02-26,dinner,2,undercooked
6047,2026-02-26,dinner,4,tasty
6048,2026-02-27,breakfast,3,
6049,2026-02-27,breakfast,3,
6050,2026-02-27,breakfast,3,
6051,2026-02-27,breakfast,4,good quantity
6052,2026-02-27,breakfast,2,
6053,2026-02-27,breakfast,3,
6054,2026-02-27,lunch,4,tasty
6055,2026-02-27,lunch,3,
6056,2026-02-27,lunch,3,
6057,2026-02-27,lunch,3,
6058,2026-02-27,lunch,3,
6059,2026-02-27,lunch,3,
6060,2026-02-27,lunch,3,
6061,2026-02-27,lunch,3,
6062,2026-02-27,lunch,1,repetitive menu
6063,2026-02-27,lunch,1,repetitive menu
6064,2026-02-27,lunch,4,good quantity
6065,2026-02-27,lunch,3,
6066,2026-02-27,lunch,3,
6067,2026-02-27,lunch,4,good quantity
6068,2026-02-27,dinner,2,
6069,2026-02-27,dinner,3,
6070,2026-02-27,dinner,4,
6071,2026-02-27,dinner,3,
6072,2026-02-27,dinner,5,tasty
6073,2026-02-27,dinner,5,
6074,2026-02-27,dinner,4,
6075,2026-02-27,dinner,4,
6076,2026-02-28,breakfast,4,good quantity
6077,2026-02-28,breakfast,5,
6078,2026-02-28,breakfast,4,
6079,2026-02-28,breakfast,4,good quantity
6080,2026-02-28,breakfast,4,tasty
6081,2026-02-28,breakfast,4,
6082,2026-02-28,breakfast,3,
6083,2026-02-28,lunch,4,
6084,2026-02-28,lunch,4,tasty
6085,2026-02-28,lunch,1,repetitive menu
6086,2026-02-28,lunch,4,
6087,2026-02-28,lunch,5,
6088,2026-02-28,lunch,4,fresh
6089,2026-02-28,lunch,3,
6090,2026-02-28,lunch,4,fresh
6091,2026-02-28,lunch,4,fresh
6092,2026-02-28,dinner,5,
6093,2026-02-28,dinner,5,tasty
6094,2026-02-28,dinner,5,
6095,2026-02-28,dinner,4,tasty
6096,2026-02-28,dinner,4,good quantity
6097,2026-02-28,dinner,5,tasty
6098,2026-02-28,dinner,5,
6099,2026-02-28,dinner,5,
6100,2026-02-28,dinner,4,
6101,2026-02-28,dinner,5,tasty
6102,2026-03-01,breakfast,5,tasty
6103,2026-03-01,breakfast,3,
6104,2026-03-01,breakfast,3,
6105,2026-03-01,breakfast,3,
6106,2026-03-01,lunch,5,good quantity
6107,2026-03-01,lunch,4,
6108,2026-03-01,lunch,5,tasty
6109,2026-03-01,lunch,4,
6110,2026-03-01,lunch,4,good quantity
6111,2026-03-01,lunch,5,
6112,2026-03-01,lunch,5,tasty
6113,2026-03-01,lunch,3,
6114,2026-03-01,lunch,5,tasty
6115,2026-03-01,lunch,5,tasty
6116,2026-03-01,lunch,4,tasty
6117,2026-03-01,lunch,3,
6118,2026-03-01,lunch,3,
6119,2026-03-01,lunch,5,fresh
6120,2026-03-01,dinner,3,
6121,2026-03-01,dinner,5,
6122,2026-03-01,dinner,5,fresh
6123,2026-03-01,dinner,4,tasty
6124,2026-03-01,dinner,4,good quantity
6125,2026-03-01,dinner,4,fresh
6126,2026-03-01,dinner,5,
6127,2026-03-01,dinner,3,
6128,2026-03-01,dinner,4,fresh
6129,2026-03-02,breakfast,5,
6130,2026-03-02,breakfast,5,
6131,2026-03-02,breakfast,4,fresh
6132,2026-03-02,breakfast,4,
6133,2026-03-02,breakfast,3,
6134,2026-03-02,breakfast,3,
6135,2026-03-02,breakfast,3,
6136,2026-03-02,lunch,3,
6137,2026-03-02,lunch,5,good quantity
6138,2026-03-02,lunch,5,tasty
6139,2026-03-02,lunch,4,good quantity
6140,2026-03-02,lunch,3,
6141,2026-03-02,lunch,4,
6142,2026-03-02,lunch,3,
6143,2026-03-02,lunch,3,
6144,2026-03-02,lunch,3,
6145,2026-03-02,lunch,4,
6146,2026-03-02,lunch,4,tasty
6147,2026-03-02,lunch,5,good quantity
6148,2026-03-02,lunch,4,
6149,2026-03-02,lunch,4,tasty
6150,2026-03-02,dinner,4,tasty
6151,2026-03-02,dinner,3,
6152,2026-03-02,dinner,3,
6153,2026-03-02,dinner,4,
6154,2026-03-02,dinner,4,
6155,2026-03-02,dinner,2,bland
6156,2026-03-02,dinner,4,
6157,2026-03-02,dinner,3,
6158,2026-03-02,dinner,4,fresh
6159,2026-03-02,dinner,3,
6160,2026-03-02,dinner,4,tasty
6161,2026-03-02,dinner,4,good quantity
6162,2026-03-03,breakfast,2,undercooked
6163,2026-03-03,breakfast,3,
6164,2026-03-03,breakfast,2,
6165,2026-03-03,breakfast,3,
6166,2026-03-03,breakfast,4,good quantity
6167,2026-03-03,lunch,4,tasty
6168,2026-03-03,lunch,2,undercooked
6169,2026-03-03,lunch,3,
6170,2026-03-03,lunch,2,
6171,2026-03-03,lunch,2,undercooked
6172,2026-03-03,lunch,2,
6173,2026-03-03,lunch,2,cold food
6174,2026-03-03,lunch,2,too oily
6175,2026-03-03,lunch,2,
6176,2026-03-03,lunch,3,
6177,2026-03-03,lunch,3,
6178,2026-03-03,lunch,2,undercooked
6179,2026-03-03,dinner,5,
6180,2026-03-03,dinner,5,
6181,2026-03-03,dinner,5,good quantity
6182,2026-03-03,dinner,4,fresh
6183,2026-03-04,breakfast,4,fresh
6184,2026-03-04,breakfast,4,
6185,2026-03-04,breakfast,5,fresh
6186,2026-03-04,lunch,4,
6187,2026-03-04,lunch,5,good quantity
6188,2026-03-04,dinner,4,tasty
6189,2026-03-04,dinner,5,fresh
6190,2026-03-04,dinner,4,
6191,2026-03-04,dinner,4,good quantity
6192,2026-03-05,breakfast,4,tasty
6193,2026-03-05,breakfast,4,
6194,2026-03-05,breakfast,5,
6195,2026-03-05,breakfast,4,good quantity
6196,2026-03-05,breakfast,5,good quantity
6197,2026-03-05,breakfast,5,
6198,2026-03-05,breakfast,5,good quantity
6199,2026-03-05,lunch,4,
6200,2026-03-05,lunch,3,
6201,2026-03-05,lunch,2,too oily
6202,2026-03-05,lunch,2,repetitive menu
6203,2026-03-05,lunch,3,
6204,2026-03-05,lunch,2,bland
6205,2026-03-05,lunch,2,
6206,2026-03-05,lunch,3,
6207,2026-03-05,lunch,2,
6208,2026-03-05,lunch,3,
6209,2026-03-05,lunch,3,
6210,2026-03-05,lunch,4,
6211,2026-03-05,lunch,3,
6212,2026-03-05,lunch,3,
6213,2026-03-05,lunch,3,
6214,2026-03-05,lunch,4,good quantity
6215,2026-03-05,dinner,4,
6216,2026-03-05,dinner,4,
6217,2026-03-05,dinner,2,cold food
6218,2026-03-05,dinner,4,
6219,2026-03-05,dinner,3,
6220,2026-03-05,dinner,3,
6221,2026-03-05,dinner,3,
6222,2026-03-05,dinner,2,bland
6223,2026-03-05,dinner,4,fresh
6224,2026-03-05,dinner,3,
6225,2026-03-05,dinner,4,good quantity
6226,2026-03-05,dinner,2,too oily
6227,2026-03-05,dinner,4,fresh
6228,2026-03-05,dinner,3,
6229,2026-03-06,breakfast,3,
6230,2026-03-06,breakfast,4,fresh
6231,2026-03-06,breakfast,4,tasty
6232,2026-03-06,breakfast,4,
6233,2026-03-06,breakfast,5,
6234,2026-03-06,breakfast,5,tasty
6235,2026-03-06,breakfast,4,
6236,2026-03-06,breakfast,3,
6237,2026-03-06,breakfast,3,
6238,2026-03-06,breakfast,4,
6239,2026-03-06,breakfast,4,good quantity
6240,2026-03-06,lunch,2,bland
6241,2026-03-06,lunch,4,
6242,2026-03-06,lunch,3,
6243,2026-03-06,lunch,4,good quantity
6244,2026-03-06,lunch,2,too oily
6245,2026-03-06,lunch,2,repetitive menu
6246,2026-03-06,lunch,4,good quantity
6247,2026-03-06,dinner,3,
6248,2026-03-06,dinner,3,
6249,2026-03-06,dinner,5,tasty
6250,2026-03-06,dinner,3,
6251,2026-03-06,dinner,2,cold food
6252,2026-03-06,dinner,4,tasty
6253,2026-03-07,breakfast,4,
6254,2026-03-07,breakfast,4,
6255,2026-03-07,breakfast,4,tasty
6256,2026-03-07,lunch,5,good quantity
6257,2026-03-07,lunch,5,
6258,2026-03-07,lunch,5,fresh
6259,2026-03-07,lunch,4,tasty
6260,2026-03-07,lunch,5,good quantity
6261,2026-03-07,lunch,4,
6262,2026-03-07,lunch,5,tasty
6263,2026-03-07,lunch,4,tasty
6264,2026-03-07,lunch,3,
6265,2026-03-07,lunch,5,fresh
6266,2026-03-07,dinner,5,good quantity
6267,2026-03-07,dinner,4,good quantity
6268,2026-03-07,dinner,4,
6269,2026-03-07,dinner,3,
6270,2026-03-07,dinner,4,tasty
6271,2026-03-07,dinner,5,
6272,2026-03-07,dinner,5,tasty
6273,2026-03-07,dinner,4,fresh
6274,2026-03-07,dinner,4,good quantity
6275,2026-03-07,dinner,5,good quantity
6276,2026-03-07,dinner,5,fresh
6277,2026-03-07,dinner,3,
6278,2026-03-07,dinner,4,good quantity
6279,2026-03-08,breakfast,4,
6280,2026-03-08,breakfast,5,
6281,2026-03-08,breakfast,3,
6282,2026-03-08,breakfast,3,
6283,2026-03-08,lunch,4,
6284,2026-03-08,lunch,5,good quantity
6285,2026-03-08,lunch,4,tasty
6286,2026-03-08,lunch,5,
6287,2026-03-08,lunch,4,fresh
6288,2026-03-08,lunch,5,
6289,2026-03-08,lunch,4,
6290,2026-03-08,lunch,3,
6291,2026-03-08,lunch,5,tasty
6292,2026-03-08,dinner,4,good quantity
6293,2026-03-08,dinner,3,
6294,2026-03-08,dinner,4,tasty
6295,2026-03-08,dinner,3,
6296,2026-03-08,dinner,3,
6297,2026-03-08,dinner,2,cold food
6298,2026-03-08,dinner,3,
6299,2026-03-08,dinner,4,
6300,2026-03-09,breakfast,3,
6301,2026-03-09,breakfast,3,
6302,2026-03-09,breakfast,3,
6303,2026-03-09,breakfast,3,
6304,2026-03-09,breakfast,3,
6305,2026-03-09,breakfast,3,
6306,2026-03-09,breakfast,4,good quantity
6307,2026-03-09,breakfast,3,
6308,2026-03-09,lunch,4,
6309,2026-03-09,lunch,4,
6310,2026-03-09,lunch,3,
6311,2026-03-09,lunch,5,
6312,2026-03-09,lunch,4,good quantity
6313,2026-03-09,lunch,4,good quantity
6314,2026-03-09,lunch,4,
6315,2026-03-09,lunch,4,
6316,2026-03-09,lunch,2,
6317,2026-03-09,lunch,4,
6318,2026-03-09,lunch,4,
6319,2026-03-09,lunch,2,cold food
6320,2026-03-09,lunch,4,tasty
6321,2026-03-09,lunch,5,
6322,2026-03-09,lunch,3,
6323,2026-03-09,lunch,4,good quantity
6324,2026-03-09,lunch,5,
6325,2026-03-09,lunch,4,
6326,2026-03-09,lunch,4,fresh
6327,2026-03-09,lunch,4,good quantity
6328,2026-03-09,dinner,3,
6329,2026-03-09,dinner,3,
6330,2026-03-09,dinner,3,
6331,2026-03-09,dinner,2,repetitive menu
6332,2026-03-09,dinner,3,
6333,2026-03-09,dinner,1,
6334,2026-03-09,dinner,2,bland
6335,2026-03-09,dinner,4,tasty
6336,2026-03-09,dinner,2,
6337,2026-03-09,dinner,3,
6338,2026-03-09,dinner,3,
6339,2026-03-09,dinner,2,repetitive menu
6340,2026-03-10,breakfast,2,bland
6341,2026-03-10,breakfast,5,tasty
6342,2026-03-10,breakfast,2,repetitive menu
6343,2026-03-10,breakfast,3,
6344,2026-03-10,breakfast,5,good quantity
6345,2026-03-10,breakfast,4,fresh
6346,2026-03-10,breakfast,4,good quantity
6347,2026-03-10,breakfast,3,
6348,2026-03-10,breakfast,4,
6349,2026-03-10,breakfast,4,tasty
6350,2026-03-10,breakfast,3,
6351,2026-03-10,breakfast,4,fresh
6352,2026-03-10,breakfast,4,good quantity
6353,2026-03-10,lunch,4,
6354,2026-03-10,lunch,4,
6355,2026-03-10,lunch,5,fresh
6356,2026-03-10,lunch,4,tasty
6357,2026-03-10,lunch,3,
6358,2026-03-10,lunch,5,tasty
6359,2026-03-10,lunch,5,fresh
6360,2026-03-10,lunch,4,tasty
6361,2026-03-10,lunch,5,good quantity
6362,2026-03-10,lunch,4,good quantity
6363,2026-03-10,lunch,5,tasty
6364,2026-03-10,lunch,4,
6365,2026-03-10,lunch,4,
6366,2026-03-10,lunch,5,
6367,2026-03-10,lunch,5,
6368,2026-03-10,dinner,5,
6369,2026-03-10,dinner,4,good quantity
6370,2026-03-10,dinner,3,
6371,2026-03-10,dinner,5,tasty
6372,2026-03-10,dinner,5,good quantity
6373,2026-03-10,dinner,5,good quantity
6374,2026-03-10,dinner,4,
6375,2026-03-10,dinner,3,
6376,2026-03-11,breakfast,2,undercooked
6377,2026-03-11,breakfast,3,
6378,2026-03-11,breakfast,2,
6379,2026-03-11,breakfast,5,fresh
6380,2026-03-11,breakfast,2,cold food
6381,2026-03-11,breakfast,2,undercooked
6382,2026-03-11,breakfast,3,
6383,2026-03-11,breakfast,2,bland
6384,2026-03-11,lunch,5,
6385,2026-03-11,lunch,5,
6386,2026-03-11,lunch,4,
6387,2026-03-11,lunch,3,
6388,2026-03-11,lunch,4,fresh
6389,2026-03-11,lunch,4,
6390,2026-03-11,lunch,4,tasty
6391,2026-03-11,lunch,5,
6392,2026-03-11,dinner,4,good quantity
6393,2026-03-11,dinner,4,tasty
6394,2026-03-11,dinner,4,good quantity
6395,2026-03-11,dinner,3,
6396,2026-03-11,dinner,3,
6397,2026-03-11,dinner,3,
6398,2026-03-11,dinner,4,
6399,2026-03-11,dinner,3,
6400,2026-03-11,dinner,4,
6401,2026-03-11,dinner,5,
6402,2026-03-12,breakfast,5,tasty
6403,2026-03-12,breakfast,5,
6404,2026-03-12,breakfast,5,fresh
6405,2026-03-12,breakfast,4,
6406,2026-03-12,breakfast,5,good quantity
6407,2026-03-12,breakfast,5,
6408,2026-03-12,breakfast,5,
6409,2026-03-12,breakfast,5,
6410,2026-03-12,lunch,1,cold food
6411,2026-03-12,lunch,4,
6412,2026-03-12,lunch,3,
6413,2026-03-12,lunch,3,
6414,2026-03-12,lunch,3,
6415,2026-03-12,lunch,3,
6416,2026-03-12,lunch,3,
6417,2026-03-12,lunch,3,
6418,2026-03-12,lunch,3,
6419,2026-03-12,lunch,4,
6420,2026-03-12,lunch,3,
6421,2026-03-12,dinner,3,
6422,2026-03-12,dinner,5,
6423,2026-03-12,dinner,4,
6424,2026-03-12,dinner,2,
6425,2026-03-12,dinner,3,
6426,2026-03-12,dinner,4,
6427,2026-03-12,dinner,2,
6428,2026-03-12,dinner,4,tasty
6429,2026-03-12,dinner,5,
6430,2026-03-12,dinner,3,
6431,2026-03-12,dinner,4,tasty
6432,2026-03-13,breakfast,4,fresh
6433,2026-03-13,breakfast,5,tasty
6434,2026-03-13,breakfast,5,good quantity
6435,2026-03-13,breakfast,5,
6436,2026-03-13,breakfast,4,tasty
6437,2026-03-13,lunch,2,bland
6438,2026-03-13,lunch,3,
6439,2026-03-13,lunch,2,repetitive menu
6440,2026-03-13,lunch,3,
6441,2026-03-13,lunch,4,
6442,2026-03-13,lunch,4,
6443,2026-03-13,lunch,4,good quantity
6444,2026-03-13,lunch,4,
6445,2026-03-13,lunch,3,
6446,2026-03-13,dinner,4,
6447,2026-03-13,dinner,5,good quantity
6448,2026-03-13,dinner,5,fresh
6449,2026-03-13,dinner,5,
6450,2026-03-13,dinner,3,
6451,2026-03-13,dinner,4,fresh
6452,2026-03-14,breakfast,5,good quantity
6453,2026-03-14,breakfast,4,
6454,2026-03-14,breakfast,5,tasty
6455,2026-03-14,breakfast,3,
6456,2026-03-14,breakfast,5,good quantity
6457,2026-03-14,lunch,4,good quantity
6458,2026-03-14,lunch,4,
6459,2026-03-14,lunch,4,
6460,2026-03-14,lunch,4,
6461,2026-03-14,lunch,4,good quantity
6462,2026-03-14,lunch,5,tasty
6463,2026-03-14,lunch,4,
6464,2026-03-14,lunch,4,
6465,2026-03-14,lunch,4,good quantity
6466,2026-03-14,lunch,4,tasty
6467,2026-03-14,lunch,3,
6468,2026-03-14,lunch,3,
6469,2026-03-14,lunch,5,tasty
6470,2026-03-14,lunch,5,
6471,2026-03-14,lunch,5,fresh
6472,2026-03-14,lunch,4,good quantity
6473,2026-03-14,dinner,5,good quantity
6474,2026-03-14,dinner,4,fresh
6475,2026-03-14,dinner,5,good quantity
6476,2026-03-14,dinner,3,
6477,2026-03-14,dinner,5,tasty
6478,2026-03-14,dinner,4,good quantity
6479,2026-03-14,dinner,5,good quantity
6480,2026-03-14,dinner,5,good quantity
6481,2026-03-14,dinner,5,
6482,2026-03-14,dinner,4,good quantity
6483,2026-03-14,dinner,5,good quantity
6484,2026-03-15,breakfast,4,
6485,2026-03-15,breakfast,4,fresh
6486,2026-03-15,breakfast,4,good quantity
6487,2026-03-15,lunch,3,
6488,2026-03-15,lunch,3,
6489,2026-03-15,lunch,4,good quantity
6490,2026-03-15,lunch,4,good quantity
6491,2026-03-15,lunch,4,
6492,2026-03-15,lunch,5,
6493,2026-03-15,lunch,4,
6494,2026-03-15,dinner,3,
6495,2026-03-15,dinner,3,
6496,2026-03-15,dinner,3,
6497,2026-03-15,dinner,5,good quantity
6498,2026-03-15,dinner,3,
6499,2026-03-15,dinner,4,
6500,2026-03-15,dinner,4,
6501,2026-03-15,dinner,4,fresh
6502,2026-03-15,dinner,4,
6503,2026-03-15,dinner,4,fresh
6504,2026-03-15,dinner,4,good quantity
6505,2026-03-15,dinner,3,
6506,2026-03-15,dinner,4,good quantity
6507,2026-03-16,breakfast,3,
6508,2026-03-16,breakfast,4,fresh
6509,2026-03-16,breakfast,4,
6510,2026-03-16,breakfast,4,good quantity
6511,2026-03-16,breakfast,4,
6512,2026-03-16,breakfast,5,fresh
6513,2026-03-16,breakfast,4,
6514,2026-03-16,breakfast,4,fresh
6515,2026-03-16,breakfast,5,
6516,2026-03-16,breakfast,4,
6517,2026-03-16,breakfast,4,
6518,2026-03-16,breakfast,4,fresh
6519,2026-03-16,lunch,3,
6520,2026-03-16,lunch,4,fresh
6521,2026-03-16,lunch,3,
6522,2026-03-16,lunch,1,
6523,2026-03-16,lunch,2,
6524,2026-03-16,lunch,1,bland
6525,2026-03-16,lunch,3,
6526,2026-03-16,lunch,3,
6527,2026-03-16,lunch,3,
6528,2026-03-16,lunch,2,repetitive menu
6529,2026-03-16,dinner,5,tasty
6530,2026-03-16,dinner,5,tasty
6531,2026-03-16,dinner,4,tasty
6532,2026-03-16,dinner,5,
6533,2026-03-16,dinner,4,fresh
6534,2026-03-16,dinner,4,
6535,2026-03-16,dinner,5,
6536,2026-03-16,dinner,5,
6537,2026-03-16,dinner,4,tasty
6538,2026-03-16,dinner,4,fresh
6539,2026-03-16,dinner,5,fresh
6540,2026-03-16,dinner,3,
6541,2026-03-16,dinner,5,fresh
6542,2026-03-16,dinner,4,tasty
6543,2026-03-16,dinner,3,
6544,2026-03-16,dinner,5,
6545,2026-03-16,dinner,4,
6546,2026-03-16,dinner,5,
6547,2026-03-16,dinner,5,tasty
6548,2026-03-16,dinner,5,good quantity
6549,2026-03-16,dinner,5,good quantity
6550,2026-03-17,breakfast,2,undercooked
6551,2026-03-17,breakfast,5,good quantity
6552,2026-03-17,breakfast,2,too oily
6553,2026-03-17,breakfast,3,
6554,2026-03-17,breakfast,4,
6555,2026-03-17,breakfast,3,
6556,2026-03-17,breakfast,4,tasty
6557,2026-03-17,breakfast,2,
6558,2026-03-17,breakfast,3,
6559,2026-03-17,breakfast,3,
6560,2026-03-17,lunch,3,
6561,2026-03-17,lunch,4,fresh
6562,2026-03-17,lunch,3,
6563,2026-03-17,lunch,3,
6564,2026-03-17,lunch,5,
6565,2026-03-17,lunch,5,tasty
6566,2026-03-17,lunch,4,
6567,2026-03-17,lunch,4,
6568,2026-03-17,lunch,4,
6569,2026-03-17,lunch,2,undercooked
6570,2026-03-17,lunch,3,
6571,2026-03-17,dinner,3,
6572,2026-03-17,dinner,4,tasty
6573,2026-03-17,dinner,3,
6574,2026-03-17,dinner,5,
6575,2026-03-17,dinner,4,good quantity
6576,2026-03-17,dinner,4,
6577,2026-03-17,dinner,3,
6578,2026-03-17,dinner,2,
6579,2026-03-17,dinner,4,fresh
6580,2026-03-17,dinner,4,
6581,2026-03-17,dinner,3,
6582,2026-03-17,dinner,5,
6583,2026-03-17,dinner,5,
6584,2026-03-18,breakfast,5,
6585,2026-03-18,breakfast,3,
6586,2026-03-18,breakfast,4,good quantity
6587,2026-03-18,breakfast,3,
6588,2026-03-18,breakfast,1,
6589,2026-03-18,breakfast,4,good quantity
6590,2026-03-18,lunch,2,
6591,2026-03-18,lunch,3,
6592,2026-03-18,lunch,3,
6593,2026-03-18,lunch,3,
6594,2026-03-18,lunch,3,
6595,2026-03-18,lunch,3,
6596,2026-03-18,lunch,4,good quantity
6597,2026-03-18,lunch,3,
6598,2026-03-18,lunch,3,
6599,2026-03-18,lunch,1,cold food
6600,2026-03-18,lunch,5,tasty
6601,2026-03-18,dinner,3,
6602,2026-03-18,dinner,3,
6603,2026-03-18,dinner,4,
6604,2026-03-18,dinner,4,tasty
6605,2026-03-18,dinner,3,
6606,2026-03-18,dinner,4,good quantity
6607,2026-03-18,dinner,3,
6608,2026-03-18,dinner,4,
6609,2026-03-18,dinner,2,repetitive menu
6610,2026-03-18,dinner,3,
6611,2026-03-18,dinner,4,good quantity
6612,2026-03-18,dinner,2,too oily
6613,2026-03-19,breakfast,1,cold food
6614,2026-03-19,breakfast,3,
6615,2026-03-19,breakfast,2,too oily
6616,2026-03-19,breakfast,2,cold food
6617,2026-03-19,breakfast,3,
6618,2026-03-19,breakfast,2,cold food
6619,2026-03-19,breakfast,2,repetitive menu
6620,2026-03-19,lunch,4,fresh
6621,2026-03-19,lunch,3,
6622,2026-03-19,lunch,4,fresh
6623,2026-03-19,lunch,2,
6624,2026-03-19,lunch,1,undercooked
6625,2026-03-19,lunch,3,
6626,2026-03-19,lunch,4,
6627,2026-03-19,lunch,5,
6628,2026-03-19,lunch,2,bland
6629,2026-03-19,lunch,3,
6630,2026-03-19,lunch,3,
6631,2026-03-19,lunch,3,
6632,2026-03-19,lunch,3,
6633,2026-03-19,lunch,4,good quantity
6634,2026-03-19,lunch,2,repetitive menu
6635,2026-03-19,dinner,3,
6636,2026-03-19,dinner,4,tasty
6637,2026-03-19,dinner,3,
6638,2026-03-19,dinner,3,
6639,2026-03-19,dinner,3,
6640,2026-03-19,dinner,4,tasty
6641,2026-03-19,dinner,2,
6642,2026-03-19,dinner,3,
6643,2026-03-19,dinner,3,
6644,2026-03-19,dinner,3,
6645,2026-03-19,dinner,4,good quantity
6646,2026-03-20,breakfast,3,
6647,2026-03-20,breakfast,4,
6648,2026-03-20,breakfast,5,
6649,2026-03-20,breakfast,5,
6650,2026-03-20,breakfast,5,
6651,2026-03-20,breakfast,3,
6652,2026-03-20,lunch,3,
6653,2026-03-20,lunch,4,
6654,2026-03-20,lunch,4,
6655,2026-03-20,lunch,5,
6656,2026-03-20,lunch,4,tasty
6657,2026-03-20,lunch,4,
6658,2026-03-20,lunch,5,
6659,2026-03-20,lunch,2,
6660,2026-03-20,dinner,4,fresh
6661,2026-03-20,dinner,5,good quantity
6662,2026-03-20,dinner,5,fresh
6663,2026-03-20,dinner,5,
6664,2026-03-20,dinner,3,
6665,2026-03-20,dinner,5,good quantity
6666,2026-03-20,dinner,5,tasty
6667,2026-03-20,dinner,4,
6668,2026-03-21,breakfast,5,fresh
6669,2026-03-21,breakfast,5,
6670,2026-03-21,breakfast,5,
6671,2026-03-21,breakfast,5,
6672,2026-03-21,breakfast,4,
6673,2026-03-21,lunch,3,
6674,2026-03-21,lunch,4,good quantity
6675,2026-03-21,lunch,3,
6676,2026-03-21,lunch,4,fresh
6677,2026-03-21,lunch,5,
6678,2026-03-21,lunch,3,
6679,2026-03-21,lunch,4,good quantity
6680,2026-03-21,lunch,5,good quantity
6681,2026-03-21,lunch,4,
6682,2026-03-21,dinner,3,
6683,2026-03-21,dinner,3,
6684,2026-03-21,dinner,5,
6685,2026-03-21,dinner,5,fresh
6686,2026-03-21,dinner,4,tasty
6687,2026-03-21,dinner,5,good quantity
6688,2026-03-21,dinner,5,
6689,2026-03-21,dinner,5,
6690,2026-03-21,dinner,3,
6691,2026-03-21,dinner,4,tasty
6692,2026-03-21,dinner,4,fresh
6693,2026-03-21,dinner,4,
6694,2026-03-21,dinner,4,tasty
6695,2026-03-21,dinner,3,
6696,2026-03-22,breakfast,5,fresh
6697,2026-03-22,breakfast,4,
6698,2026-03-22,breakfast,3,
6699,2026-03-22,breakfast,3,
6700,2026-03-22,lunch,2,
6701,2026-03-22,lunch,3,
6702,2026-03-22,lunch,5,tasty
6703,2026-03-22,lunch,3,
6704,2026-03-22,lunch,4,
6705,2026-03-22,lunch,3,
6706,2026-03-22,lunch,3,
6707,2026-03-22,lunch,4,
6708,2026-03-22,lunch,4,
6709,2026-03-22,lunch,3,
6710,2026-03-22,lunch,3,
6711,2026-03-22,lunch,3,
6712,2026-03-22,lunch,5,
6713,2026-03-22,lunch,2,too oily
6714,2026-03-22,dinner,3,
6715,2026-03-22,dinner,1,cold food
6716,2026-03-22,dinner,2,
6717,2026-03-22,dinner,3,
6718,2026-03-22,dinner,2,cold food
6719,2026-03-22,dinner,2,
6720,2026-03-22,dinner,3,
6721,2026-03-22,dinner,3,
6722,2026-03-22,dinner,3,
6723,2026-03-22,dinner,3,
6724,2026-03-23,breakfast,4,tasty
6725,2026-03-23,breakfast,3,
6726,2026-03-23,breakfast,4,good quantity
6727,2026-03-23,breakfast,5,tasty
6728,2026-03-23,breakfast,4,
6729,2026-03-23,breakfast,4,fresh
6730,2026-03-23,breakfast,4,
6731,2026-03-23,breakfast,3,
6732,2026-03-23,breakfast,4,
6733,2026-03-23,breakfast,4,good quantity
6734,2026-03-23,breakfast,3,
6735,2026-03-23,lunch,4,tasty
6736,2026-03-23,lunch,5,
6737,2026-03-23,lunch,3,
6738,2026-03-23,lunch,4,tasty
6739,2026-03-23,lunch,5,
6740,2026-03-23,lunch,5,fresh
6741,2026-03-23,lunch,5,
6742,2026-03-23,lunch,5,fresh
6743,2026-03-23,lunch,5,
6744,2026-03-23,lunch,5,
6745,2026-03-23,lunch,5,fresh
6746,2026-03-23,lunch,5,good quantity
6747,2026-03-23,dinner,4,
6748,2026-03-23,dinner,4,
6749,2026-03-23,dinner,5,good quantity
6750,2026-03-23,dinner,3,
6751,2026-03-23,dinner,4,
6752,2026-03-23,dinner,2,cold food
6753,2026-03-23,dinner,4,tasty
6754,2026-03-23,dinner,4,tasty
6755,2026-03-23,dinner,4,good quantity
6756,2026-03-23,dinner,3,
6757,2026-03-23,dinner,4,tasty
6758,2026-03-23,dinner,4,
6759,2026-03-23,dinner,3,
6760,2026-03-23,dinner,4,
6761,2026-03-23,dinner,4,
6762,2026-03-23,dinner,2,
6763,2026-03-23,dinner,2,bland
6764,2026-03-23,dinner,5,
6765,2026-03-24,breakfast,4,tasty
6766,2026-03-24,breakfast,4,tasty
6767,2026-03-24,breakfast,4,fresh
6768,2026-03-24,breakfast,4,tasty
6769,2026-03-24,breakfast,3,
6770,2026-03-24,breakfast,4,good quantity
6771,2026-03-24,breakfast,4,fresh
6772,2026-03-24,breakfast,3,
6773,2026-03-24,breakfast,5,fresh
6774,2026-03-24,lunch,5,good quantity
6775,2026-03-24,lunch,4,
6776,2026-03-24,lunch,5,tasty
6777,2026-03-24,lunch,5,
6778,2026-03-24,lunch,3,
6779,2026-03-24,lunch,5,fresh
6780,2026-03-24,lunch,5,
6781,2026-03-24,lunch,5,fresh
6782,2026-03-24,lunch,4,tasty
6783,2026-03-24,dinner,3,
6784,2026-03-24,dinner,3,
6785,2026-03-24,dinner,3,
6786,2026-03-24,dinner,3,
6787,2026-03-24,dinner,4,
6788,2026-03-24,dinner,3,
6789,2026-03-24,dinner,4,
6790,2026-03-24,dinner,3,
6791,2026-03-24,dinner,5,tasty
6792,2026-03-24,dinner,4,
6793,2026-03-24,dinner,4,fresh
6794,2026-03-25,breakfast,4,
6795,2026-03-25,breakfast,4,good quantity
6796,2026-03-25,breakfast,4,
6797,2026-03-25,breakfast,4,tasty
6798,2026-03-25,breakfast,2,bland
6799,2026-03-25,breakfast,4,
6800,2026-03-25,breakfast,3,
6801,2026-03-25,breakfast,3,
6802,2026-03-25,lunch,4,
6803,2026-03-25,lunch,3,
6804,2026-03-25,lunch,2,repetitive menu
6805,2026-03-25,lunch,5,
6806,2026-03-25,lunch,3,
6807,2026-03-25,lunch,3,
6808,2026-03-25,lunch,3,
6809,2026-03-25,lunch,3,
6810,2026-03-25,lunch,3,
6811,2026-03-25,lunch,2,
6812,2026-03-25,lunch,4,tasty
6813,2026-03-25,lunch,3,
6814,2026-03-25,lunch,5,good quantity
6815,2026-03-25,lunch,5,good quantity
6816,2026-03-25,dinner,2,
6817,2026-03-25,dinner,3,
6818,2026-03-25,dinner,2,repetitive menu
6819,2026-03-25,dinner,4,good quantity
6820,2026-03-25,dinner,4,
6821,2026-03-25,dinner,4,good quantity
6822,2026-03-25,dinner,3,
6823,2026-03-25,dinner,4,good quantity
6824,2026-03-25,dinner,3,
6825,2026-03-25,dinner,3,
6826,2026-03-25,dinner,3,
6827,2026-03-25,dinner,3,
6828,2026-03-26,breakfast,4,fresh
6829,2026-03-26,breakfast,4,tasty
6830,2026-03-26,breakfast,3,
6831,2026-03-26,breakfast,5,fresh
6832,2026-03-26,breakfast,4,
6833,2026-03-26,breakfast,5,tasty
6834,2026-03-26,breakfast,4,
6835,2026-03-26,breakfast,3,
6836,2026-03-26,breakfast,3,
6837,2026-03-26,breakfast,3,
6838,2026-03-26,breakfast,3,
6839,2026-03-26,lunch,4,fresh
6840,2026-03-26,lunch,3,
6841,2026-03-26,lunch,4,tasty
6842,2026-03-26,lunch,3,
6843,2026-03-26,dinner,5,
6844,2026-03-26,dinner,5,
6845,2026-03-26,dinner,5,good quantity
6846,2026-03-26,dinner,4,fresh
6847,2026-03-26,dinner,5,
6848,2026-03-26,dinner,5,
6849,2026-03-26,dinner,4,
6850,2026-03-26,dinner,4,good quantity
6851,2026-03-26,dinner,4,fresh
6852,2026-03-26,dinner,3,
6853,2026-03-26,dinner,5,fresh
6854,2026-03-26,dinner,5,fresh
6855,2026-03-26,dinner,3,
6856,2026-03-26,dinner,3,
6857,2026-03-26,dinner,5,good quantity
6858,2026-03-26,dinner,4,tasty
6859,2026-03-26,dinner,3,
6860,2026-03-26,dinner,4,good quantity
6861,2026-03-26,dinner,5,
6862,2026-03-26,dinner,3,
6863,2026-03-27,breakfast,4,
6864,2026-03-27,breakfast,2,
6865,2026-03-27,breakfast,2,
6866,2026-03-27,breakfast,3,
6867,2026-03-27,breakfast,4,good quantity
6868,2026-03-27,breakfast,3,
6869,2026-03-27,breakfast,4,tasty
6870,2026-03-27,breakfast,1,cold food
6871,2026-03-27,breakfast,3,
6872,2026-03-27,lunch,4,fresh
6873,2026-03-27,lunch,5,
6874,2026-03-27,lunch,5,fresh
6875,2026-03-27,lunch,4,good quantity
6876,2026-03-27,lunch,5,tasty
6877,2026-03-27,lunch,4,fresh
6878,2026-03-27,lunch,4,fresh
6879,2026-03-27,lunch,5,fresh
6880,2026-03-27,lunch,4,tasty
6881,2026-03-27,lunch,3,
6882,2026-03-27,lunch,5,fresh
6883,2026-03-27,lunch,4,tasty
6884,2026-03-27,lunch,4,
6885,2026-03-27,lunch,4,good quantity
6886,2026-03-27,lunch,5,
6887,2026-03-27,lunch,5,
6888,2026-03-27,dinner,5,good quantity
6889,2026-03-27,dinner,5,
6890,2026-03-27,dinner,3,
6891,2026-03-27,dinner,5,tasty
6892,2026-03-27,dinner,2,undercooked
6893,2026-03-27,dinner,5,
6894,2026-03-27,dinner,4,
6895,2026-03-27,dinner,4,good quantity
6896,2026-03-27,dinner,4,good quantity
6897,2026-03-28,breakfast,5,
6898,2026-03-28,breakfast,5,good quantity
6899,2026-03-28,breakfast,5,fresh
6900,2026-03-28,breakfast,5,
6901,2026-03-28,breakfast,5,good quantity
6902,2026-03-28,breakfast,4,
6903,2026-03-28,lunch,4,
6904,2026-03-28,lunch,4,
6905,2026-03-28,lunch,3,
6906,2026-03-28,lunch,4,
6907,2026-03-28,lunch,5,good quantity
6908,2026-03-28,lunch,5,
6909,2026-03-28,dinner,2,cold food
6910,2026-03-28,dinner,4,fresh
6911,2026-03-28,dinner,5,good quantity
6912,2026-03-28,dinner,3,
6913,2026-03-28,dinner,5,good quantity
6914,2026-03-28,dinner,4,
6915,2026-03-28,dinner,4,tasty
6916,2026-03-28,dinner,4,
6917,2026-03-28,dinner,5,tasty
6918,2026-03-28,dinner,3,
6919,2026-03-28,dinner,4,good quantity
6920,2026-03-29,breakfast,4,
6921,2026-03-29,breakfast,4,
6922,2026-03-29,breakfast,5,
6923,2026-03-29,lunch,3,
6924,2026-03-29,lunch,3,
6925,2026-03-29,lunch,4,
6926,2026-03-29,lunch,3,
6927,2026-03-29,lunch,3,
6928,2026-03-29,lunch,3,
6929,2026-03-29,lunch,3,
6930,2026-03-29,lunch,3,
6931,2026-03-29,dinner,5,good quantity
6932,2026-03-29,dinner,4,tasty
6933,2026-03-29,dinner,5,
6934,2026-03-29,dinner,4,good quantity
6935,2026-03-30,breakfast,5,good quantity
6936,2026-03-30,breakfast,4,good quantity
6937,2026-03-30,breakfast,5,
6938,2026-03-30,breakfast,4,good quantity
6939,2026-03-30,breakfast,4,
6940,2026-03-30,breakfast,5,good quantity
6941,2026-03-30,breakfast,4,fresh
6942,2026-03-30,lunch,4,tasty
6943,2026-03-30,lunch,5,fresh
6944,2026-03-30,lunch,4,fresh
6945,2026-03-30,lunch,4,good quantity
6946,2026-03-30,lunch,5,fresh
6947,2026-03-30,lunch,3,
6948,2026-03-30,lunch,4,tasty
6949,2026-03-30,lunch,2,bland
6950,2026-03-30,lunch,4,tasty
6951,2026-03-30,lunch,3,
6952,2026-03-30,lunch,3,
6953,2026-03-30,lunch,3,
6954,2026-03-30,lunch,3,
6955,2026-03-30,lunch,4,tasty
6956,2026-03-30,lunch,4,good quantity
6957,2026-03-30,dinner,4,tasty
6958,2026-03-30,dinner,3,
6959,2026-03-30,dinner,3,
6960,2026-03-30,dinner,4,good quantity
6961,2026-03-30,dinner,5,
6962,2026-03-30,dinner,3,
6963,2026-03-30,dinner,4,tasty
6964,2026-03-30,dinner,4,
6965,2026-03-30,dinner,4,fresh
6966,2026-03-30,dinner,5,tasty
6967,2026-03-30,dinner,3,
6968,2026-03-30,dinner,3,
6969,2026-03-30,dinner,5,fresh
6970,2026-03-30,dinner,3,
6971,2026-03-31,breakfast,3,
6972,2026-03-31,breakfast,5,fresh
6973,2026-03-31,breakfast,4,good quantity
6974,2026-03-31,breakfast,3,
6975,2026-03-31,breakfast,5,good quantity
6976,2026-03-31,breakfast,4,
6977,2026-03-31,breakfast,2,bland
6978,2026-03-31,lunch,4,fresh
6979,2026-03-31,lunch,5,
6980,2026-03-31,lunch,4,
6981,2026-03-31,lunch,5,
6982,2026-03-31,lunch,4,fresh
6983,2026-03-31,lunch,4,
6984,2026-03-31,lunch,5,
6985,2026-03-31,lunch,4,good quantity
6986,2026-03-31,lunch,4,tasty
6987,2026-03-31,lunch,4,
6988,2026-03-31,lunch,4,tasty
6989,2026-03-31,lunch,5,fresh
6990,2026-03-31,lunch,5,
6991,2026-03-31,lunch,5,tasty
6992,2026-03-31,dinner,3,
6993,2026-03-31,dinner,4,
6994,2026-03-31,dinner,3,
6995,2026-03-31,dinner,3,
6996,2026-03-31,dinner,3,
6997,2026-03-31,dinner,3,
6998,2026-03-31,dinner,5,fresh
6999,2026-03-31,dinner,4,good quantity
7000,2026-03-31,dinner,2,
7001,2026-03-31,dinner,3,
7002,2026-03-31,dinner,3,
